slug,city,municipality,province,region,main_road,city_type,local_advice
zandcement-dekvloer-amsterdam,Amsterdam,Amsterdam,Noord-Holland,Regio Amsterdam,A10,"nieuwbouwwijken, gezinswoningen en uitbouwen",Dankzij onze mobiele mengers pompen we kant-en-klare mortel direct naar de juiste laagdikte.
zandcement-dekvloer-amsterdam-zuid,Amsterdam Zuid,Amsterdam,Noord-Holland,Regio Amsterdam,A9,"historische panden, herenhuizen en renovaties",Wij adviseren hier onze droogversneller en Duremit vezels voor een snelle oplevering.
zandcement-dekvloer-amsterdam-west,Amsterdam West,Amsterdam,Noord-Holland,Regio Amsterdam,A7,"bedrijfspanden, garages en utiliteitsbouw",Onze mixcombinaties verwerken zandcement moeiteloos in smalle straten en op hoogte.
zandcement-dekvloer-amsterdam-noord,Amsterdam Noord,Amsterdam,Noord-Holland,Regio Amsterdam,A8,"appartementencomplexen, hoogbouw en renovaties",Ideaal te combineren met vloerverwarming of extra verharder voor zware belasting.
zandcement-dekvloer-amsterdam-oost,Amsterdam Oost,Amsterdam,Noord-Holland,Regio Amsterdam,N9,"vrijstaande woningen, kavelbouw en aanbouwen",Snel en krimpvrij gesmeerd met optimale hechting en strakke vlakheid.
zandcement-dekvloer-amsterdam-nieuw-west,Amsterdam Nieuw-West,Amsterdam,Noord-Holland,Regio Amsterdam,N242,"nieuwbouwwijken, gezinswoningen en uitbouwen",Dankzij onze mobiele mengers pompen we kant-en-klare mortel direct naar de juiste laagdikte.
zandcement-dekvloer-amsterdam-zuidoost,Amsterdam Zuidoost,Amsterdam,Noord-Holland,Regio Amsterdam,N201,"historische panden, herenhuizen en renovaties",Wij adviseren hier onze droogversneller en Duremit vezels voor een snelle oplevering.
zandcement-dekvloer-amsterdam-ijburg,Amsterdam IJburg,Amsterdam,Noord-Holland,Regio Amsterdam,N247,"bedrijfspanden, garages en utiliteitsbouw",Onze mixcombinaties verwerken zandcement moeiteloos in smalle straten en op hoogte.
zandcement-dekvloer-amsterdam-buitenveldert,Amsterdam Buitenveldert,Amsterdam,Noord-Holland,Regio Amsterdam,A200,"appartementencomplexen, hoogbouw en renovaties",Ideaal te combineren met vloerverwarming of extra verharder voor zware belasting.
zandcement-dekvloer-amsterdam-osdorp,Amsterdam Osdorp,Amsterdam,Noord-Holland,Regio Amsterdam,A10,"vrijstaande woningen, kavelbouw en aanbouwen",Snel en krimpvrij gesmeerd met optimale hechting en strakke vlakheid.
zandcement-dekvloer-amsterdam-watergraafsmeer,Amsterdam Watergraafsmeer,Amsterdam,Noord-Holland,Regio Amsterdam,A9,"nieuwbouwwijken, gezinswoningen en uitbouwen",Dankzij onze mobiele mengers pompen we kant-en-klare mortel direct naar de juiste laagdikte.
zandcement-dekvloer-amsterdam-de-pijp,Amsterdam De Pijp,Amsterdam,Noord-Holland,Regio Amsterdam,A7,"historische panden, herenhuizen en renovaties",Wij adviseren hier onze droogversneller en Duremit vezels voor een snelle oplevering.
zandcement-dekvloer-amsterdam-jordaan,Amsterdam Jordaan,Amsterdam,Noord-Holland,Regio Amsterdam,A8,"bedrijfspanden, garages en utiliteitsbouw",Onze mixcombinaties verwerken zandcement moeiteloos in smalle straten en op hoogte.
zandcement-dekvloer-amsterdam-slotervaart,Amsterdam Slotervaart,Amsterdam,Noord-Holland,Regio Amsterdam,N9,"appartementencomplexen, hoogbouw en renovaties",Ideaal te combineren met vloerverwarming of extra verharder voor zware belasting.
zandcement-dekvloer-amsterdam-geuzenveld,Amsterdam Geuzenveld,Amsterdam,Noord-Holland,Regio Amsterdam,N242,"vrijstaande woningen, kavelbouw en aanbouwen",Snel en krimpvrij gesmeerd met optimale hechting en strakke vlakheid.
zandcement-dekvloer-amsterdam-indische-buurt,Amsterdam Indische Buurt,Amsterdam,Noord-Holland,Regio Amsterdam,N201,"nieuwbouwwijken, gezinswoningen en uitbouwen",Dankzij onze mobiele mengers pompen we kant-en-klare mortel direct naar de juiste laagdikte.
zandcement-dekvloer-haarlem,Haarlem,Haarlem,Noord-Holland,Regio Haarlem,N247,"historische panden, herenhuizen en renovaties",Wij adviseren hier onze droogversneller en Duremit vezels voor een snelle oplevering.
zandcement-dekvloer-haarlem-noord,Haarlem Noord,Haarlem,Noord-Holland,Regio Haarlem,A200,"bedrijfspanden, garages en utiliteitsbouw",Onze mixcombinaties verwerken zandcement moeiteloos in smalle straten en op hoogte.
zandcement-dekvloer-haarlem-schalkwijk,Haarlem Schalkwijk,Haarlem,Noord-Holland,Regio Haarlem,A10,"appartementencomplexen, hoogbouw en renovaties",Ideaal te combineren met vloerverwarming of extra verharder voor zware belasting.
zandcement-dekvloer-haarlem-zijlwegkwartier,Haarlem Zijlwegkwartier,Haarlem,Noord-Holland,Regio Haarlem,A9,"vrijstaande woningen, kavelbouw en aanbouwen",Snel en krimpvrij gesmeerd met optimale hechting en strakke vlakheid.
zandcement-dekvloer-haarlem-waarderpolder,Haarlem Waarderpolder,Haarlem,Noord-Holland,Regio Haarlem,A7,"nieuwbouwwijken, gezinswoningen en uitbouwen",Dankzij onze mobiele mengers pompen we kant-en-klare mortel direct naar de juiste laagdikte.
zandcement-dekvloer-haarlem-bloemendaal-grens,Haarlem Bloemendaal-grens,Haarlem,Noord-Holland,Regio Haarlem,A8,"historische panden, herenhuizen en renovaties",Wij adviseren hier onze droogversneller en Duremit vezels voor een snelle oplevering.
zandcement-dekvloer-haarlem-oude-amsterdamsebuurt,Haarlem Oude Amsterdamsebuurt,Haarlem,Noord-Holland,Regio Haarlem,N9,"bedrijfspanden, garages en utiliteitsbouw",Onze mixcombinaties verwerken zandcement moeiteloos in smalle straten en op hoogte.
zandcement-dekvloer-haarlem-kleverpark,Haarlem Kleverpark,Haarlem,Noord-Holland,Regio Haarlem,N242,"appartementencomplexen, hoogbouw en renovaties",Ideaal te combineren met vloerverwarming of extra verharder voor zware belasting.
zandcement-dekvloer-zaanstad-zaandam,Zaanstad Zaandam,Zaanstad,Noord-Holland,Regio Zaanstad,N201,"vrijstaande woningen, kavelbouw en aanbouwen",Snel en krimpvrij gesmeerd met optimale hechting en strakke vlakheid.
zandcement-dekvloer-zaanstad-zaandijk,Zaanstad Zaandijk,Zaanstad,Noord-Holland,Regio Zaanstad,N247,"nieuwbouwwijken, gezinswoningen en uitbouwen",Dankzij onze mobiele mengers pompen we kant-en-klare mortel direct naar de juiste laagdikte.
zandcement-dekvloer-zaanstad-krommenie,Zaanstad Krommenie,Zaanstad,Noord-Holland,Regio Zaanstad,A200,"historische panden, herenhuizen en renovaties",Wij adviseren hier onze droogversneller en Duremit vezels voor een snelle oplevering.
zandcement-dekvloer-zaanstad-wormerveer,Zaanstad Wormerveer,Zaanstad,Noord-Holland,Regio Zaanstad,A10,"bedrijfspanden, garages en utiliteitsbouw",Onze mixcombinaties verwerken zandcement moeiteloos in smalle straten en op hoogte.
zandcement-dekvloer-zaanstad-assendelft,Zaanstad Assendelft,Zaanstad,Noord-Holland,Regio Zaanstad,A9,"appartementencomplexen, hoogbouw en renovaties",Ideaal te combineren met vloerverwarming of extra verharder voor zware belasting.
zandcement-dekvloer-zaanstad-koog-aan-de-zaan,Zaanstad Koog aan de Zaan,Zaanstad,Noord-Holland,Regio Zaanstad,A7,"vrijstaande woningen, kavelbouw en aanbouwen",Snel en krimpvrij gesmeerd met optimale hechting en strakke vlakheid.
zandcement-dekvloer-zaanstad-westzaan,Zaanstad Westzaan,Zaanstad,Noord-Holland,Regio Zaanstad,A8,"nieuwbouwwijken, gezinswoningen en uitbouwen",Dankzij onze mobiele mengers pompen we kant-en-klare mortel direct naar de juiste laagdikte.
zandcement-dekvloer-zaanstad-oostzaan,Zaanstad Oostzaan,Zaanstad,Noord-Holland,Regio Zaanstad,N9,"historische panden, herenhuizen en renovaties",Wij adviseren hier onze droogversneller en Duremit vezels voor een snelle oplevering.
zandcement-dekvloer-haarlemmermeer-hoofddorp,Haarlemmermeer Hoofddorp,Haarlemmermeer,Noord-Holland,Regio Haarlemmermeer,N242,"bedrijfspanden, garages en utiliteitsbouw",Onze mixcombinaties verwerken zandcement moeiteloos in smalle straten en op hoogte.
zandcement-dekvloer-haarlemmermeer-nieuw-vennep,Haarlemmermeer Nieuw-Vennep,Haarlemmermeer,Noord-Holland,Regio Haarlemmermeer,N201,"appartementencomplexen, hoogbouw en renovaties",Ideaal te combineren met vloerverwarming of extra verharder voor zware belasting.
zandcement-dekvloer-haarlemmermeer-badhoevedorp,Haarlemmermeer Badhoevedorp,Haarlemmermeer,Noord-Holland,Regio Haarlemmermeer,N247,"vrijstaande woningen, kavelbouw en aanbouwen",Snel en krimpvrij gesmeerd met optimale hechting en strakke vlakheid.
zandcement-dekvloer-haarlemmermeer-zwanenburg,Haarlemmermeer Zwanenburg,Haarlemmermeer,Noord-Holland,Regio Haarlemmermeer,A200,"nieuwbouwwijken, gezinswoningen en uitbouwen",Dankzij onze mobiele mengers pompen we kant-en-klare mortel direct naar de juiste laagdikte.
zandcement-dekvloer-haarlemmermeer-vijfhuizen,Haarlemmermeer Vijfhuizen,Haarlemmermeer,Noord-Holland,Regio Haarlemmermeer,A10,"historische panden, herenhuizen en renovaties",Wij adviseren hier onze droogversneller en Duremit vezels voor een snelle oplevering.
zandcement-dekvloer-haarlemmermeer-rijsenhout,Haarlemmermeer Rijsenhout,Haarlemmermeer,Noord-Holland,Regio Haarlemmermeer,A9,"bedrijfspanden, garages en utiliteitsbouw",Onze mixcombinaties verwerken zandcement moeiteloos in smalle straten en op hoogte.
zandcement-dekvloer-haarlemmermeer-abbenes,Haarlemmermeer Abbenes,Haarlemmermeer,Noord-Holland,Regio Haarlemmermeer,A7,"appartementencomplexen, hoogbouw en renovaties",Ideaal te combineren met vloerverwarming of extra verharder voor zware belasting.
zandcement-dekvloer-haarlemmermeer-lisserbroek,Haarlemmermeer Lisserbroek,Haarlemmermeer,Noord-Holland,Regio Haarlemmermeer,A8,"vrijstaande woningen, kavelbouw en aanbouwen",Snel en krimpvrij gesmeerd met optimale hechting en strakke vlakheid.
zandcement-dekvloer-alkmaar,Alkmaar,Alkmaar,Noord-Holland,Regio Alkmaar,N9,"nieuwbouwwijken, gezinswoningen en uitbouwen",Dankzij onze mobiele mengers pompen we kant-en-klare mortel direct naar de juiste laagdikte.
zandcement-dekvloer-alkmaar-overdie,Alkmaar Overdie,Alkmaar,Noord-Holland,Regio Alkmaar,N242,"historische panden, herenhuizen en renovaties",Wij adviseren hier onze droogversneller en Duremit vezels voor een snelle oplevering.
zandcement-dekvloer-alkmaar-huiswaard,Alkmaar Huiswaard,Alkmaar,Noord-Holland,Regio Alkmaar,N201,"bedrijfspanden, garages en utiliteitsbouw",Onze mixcombinaties verwerken zandcement moeiteloos in smalle straten en op hoogte.
zandcement-dekvloer-alkmaar-daalmeer,Alkmaar Daalmeer,Alkmaar,Noord-Holland,Regio Alkmaar,N247,"appartementencomplexen, hoogbouw en renovaties",Ideaal te combineren met vloerverwarming of extra verharder voor zware belasting.
zandcement-dekvloer-alkmaar-de-mare,Alkmaar De Mare,Alkmaar,Noord-Holland,Regio Alkmaar,A200,"vrijstaande woningen, kavelbouw en aanbouwen",Snel en krimpvrij gesmeerd met optimale hechting en strakke vlakheid.
zandcement-dekvloer-alkmaar-oudorp,Alkmaar Oudorp,Alkmaar,Noord-Holland,Regio Alkmaar,A10,"nieuwbouwwijken, gezinswoningen en uitbouwen",Dankzij onze mobiele mengers pompen we kant-en-klare mortel direct naar de juiste laagdikte.
zandcement-dekvloer-alkmaar-koedijk,Alkmaar Koedijk,Alkmaar,Noord-Holland,Regio Alkmaar,A9,"historische panden, herenhuizen en renovaties",Wij adviseren hier onze droogversneller en Duremit vezels voor een snelle oplevering.
zandcement-dekvloer-alkmaar-bergermeer,Alkmaar Bergermeer,Alkmaar,Noord-Holland,Regio Alkmaar,A7,"bedrijfspanden, garages en utiliteitsbouw",Onze mixcombinaties verwerken zandcement moeiteloos in smalle straten en op hoogte.
zandcement-dekvloer-den-helder,Den Helder,Den Helder,Noord-Holland,Regio Den Helder,A8,"appartementencomplexen, hoogbouw en renovaties",Ideaal te combineren met vloerverwarming of extra verharder voor zware belasting.
zandcement-dekvloer-den-helder-julianadorp,Den Helder Julianadorp,Den Helder,Noord-Holland,Regio Den Helder,N9,"vrijstaande woningen, kavelbouw en aanbouwen",Snel en krimpvrij gesmeerd met optimale hechting en strakke vlakheid.
zandcement-dekvloer-den-helder-de-schooten,Den Helder De Schooten,Den Helder,Noord-Holland,Regio Den Helder,N242,"nieuwbouwwijken, gezinswoningen en uitbouwen",Dankzij onze mobiele mengers pompen we kant-en-klare mortel direct naar de juiste laagdikte.
zandcement-dekvloer-den-helder-nieuw-den-helder,Den Helder Nieuw-Den Helder,Den Helder,Noord-Holland,Regio Den Helder,N201,"historische panden, herenhuizen en renovaties",Wij adviseren hier onze droogversneller en Duremit vezels voor een snelle oplevering.
zandcement-dekvloer-den-helder-huisduinen,Den Helder Huisduinen,Den Helder,Noord-Holland,Regio Den Helder,N247,"bedrijfspanden, garages en utiliteitsbouw",Onze mixcombinaties verwerken zandcement moeiteloos in smalle straten en op hoogte.
zandcement-dekvloer-den-helder-falga,Den Helder Falga,Den Helder,Noord-Holland,Regio Den Helder,A200,"appartementencomplexen, hoogbouw en renovaties",Ideaal te combineren met vloerverwarming of extra verharder voor zware belasting.
zandcement-dekvloer-purmerend,Purmerend,Purmerend,Noord-Holland,Regio Purmerend,A10,"vrijstaande woningen, kavelbouw en aanbouwen",Snel en krimpvrij gesmeerd met optimale hechting en strakke vlakheid.
zandcement-dekvloer-purmerend-overwhere,Purmerend Overwhere,Purmerend,Noord-Holland,Regio Purmerend,A9,"nieuwbouwwijken, gezinswoningen en uitbouwen",Dankzij onze mobiele mengers pompen we kant-en-klare mortel direct naar de juiste laagdikte.
zandcement-dekvloer-purmerend-weidevenne,Purmerend Weidevenne,Purmerend,Noord-Holland,Regio Purmerend,A7,"historische panden, herenhuizen en renovaties",Wij adviseren hier onze droogversneller en Duremit vezels voor een snelle oplevering.
zandcement-dekvloer-purmerend-purmer-noord,Purmerend Purmer-Noord,Purmerend,Noord-Holland,Regio Purmerend,A8,"bedrijfspanden, garages en utiliteitsbouw",Onze mixcombinaties verwerken zandcement moeiteloos in smalle straten en op hoogte.
zandcement-dekvloer-purmerend-purmer-zuid,Purmerend Purmer-Zuid,Purmerend,Noord-Holland,Regio Purmerend,N9,"appartementencomplexen, hoogbouw en renovaties",Ideaal te combineren met vloerverwarming of extra verharder voor zware belasting.
zandcement-dekvloer-purmerend-gors,Purmerend Gors,Purmerend,Noord-Holland,Regio Purmerend,N242,"vrijstaande woningen, kavelbouw en aanbouwen",Snel en krimpvrij gesmeerd met optimale hechting en strakke vlakheid.
zandcement-dekvloer-purmerend-wheermolen,Purmerend Wheermolen,Purmerend,Noord-Holland,Regio Purmerend,N201,"nieuwbouwwijken, gezinswoningen en uitbouwen",Dankzij onze mobiele mengers pompen we kant-en-klare mortel direct naar de juiste laagdikte.
zandcement-dekvloer-hilversum,Hilversum,Hilversum,Noord-Holland,Regio Hilversum,N247,"historische panden, herenhuizen en renovaties",Wij adviseren hier onze droogversneller en Duremit vezels voor een snelle oplevering.
zandcement-dekvloer-hilversum-kerkelanden,Hilversum Kerkelanden,Hilversum,Noord-Holland,Regio Hilversum,A200,"bedrijfspanden, garages en utiliteitsbouw",Onze mixcombinaties verwerken zandcement moeiteloos in smalle straten en op hoogte.
zandcement-dekvloer-hilversum-hilversumse-meent,Hilversum Hilversumse Meent,Hilversum,Noord-Holland,Regio Hilversum,A10,"appartementencomplexen, hoogbouw en renovaties",Ideaal te combineren met vloerverwarming of extra verharder voor zware belasting.
zandcement-dekvloer-hilversum-riebeeckkwartier,Hilversum Riebeeckkwartier,Hilversum,Noord-Holland,Regio Hilversum,A9,"vrijstaande woningen, kavelbouw en aanbouwen",Snel en krimpvrij gesmeerd met optimale hechting en strakke vlakheid.
zandcement-dekvloer-hilversum-oost,Hilversum Oost,Hilversum,Noord-Holland,Regio Hilversum,A7,"nieuwbouwwijken, gezinswoningen en uitbouwen",Dankzij onze mobiele mengers pompen we kant-en-klare mortel direct naar de juiste laagdikte.
zandcement-dekvloer-hilversum-seinstraat,Hilversum Seinstraat,Hilversum,Noord-Holland,Regio Hilversum,A8,"historische panden, herenhuizen en renovaties",Wij adviseren hier onze droogversneller en Duremit vezels voor een snelle oplevering.
zandcement-dekvloer-amstelveen-stadshart,Amstelveen Stadshart,Amstelveen,Noord-Holland,Regio Amstelveen,N9,"bedrijfspanden, garages en utiliteitsbouw",Onze mixcombinaties verwerken zandcement moeiteloos in smalle straten en op hoogte.
zandcement-dekvloer-amstelveen-westwijk,Amstelveen Westwijk,Amstelveen,Noord-Holland,Regio Amstelveen,N242,"appartementencomplexen, hoogbouw en renovaties",Ideaal te combineren met vloerverwarming of extra verharder voor zware belasting.
zandcement-dekvloer-amstelveen-bovenkerk,Amstelveen Bovenkerk,Amstelveen,Noord-Holland,Regio Amstelveen,N201,"vrijstaande woningen, kavelbouw en aanbouwen",Snel en krimpvrij gesmeerd met optimale hechting en strakke vlakheid.
zandcement-dekvloer-amstelveen-randwijck,Amstelveen Randwijck,Amstelveen,Noord-Holland,Regio Amstelveen,N247,"nieuwbouwwijken, gezinswoningen en uitbouwen",Dankzij onze mobiele mengers pompen we kant-en-klare mortel direct naar de juiste laagdikte.
zandcement-dekvloer-amstelveen-bankras,Amstelveen Bankras,Amstelveen,Noord-Holland,Regio Amstelveen,A200,"historische panden, herenhuizen en renovaties",Wij adviseren hier onze droogversneller en Duremit vezels voor een snelle oplevering.
zandcement-dekvloer-amstelveen-elsrijk,Amstelveen Elsrijk,Amstelveen,Noord-Holland,Regio Amstelveen,A10,"bedrijfspanden, garages en utiliteitsbouw",Onze mixcombinaties verwerken zandcement moeiteloos in smalle straten en op hoogte.
zandcement-dekvloer-hoorn,Hoorn,Hoorn,Noord-Holland,Regio Hoorn,A9,"appartementencomplexen, hoogbouw en renovaties",Ideaal te combineren met vloerverwarming of extra verharder voor zware belasting.
zandcement-dekvloer-hoorn-risdam,Hoorn Risdam,Hoorn,Noord-Holland,Regio Hoorn,A7,"vrijstaande woningen, kavelbouw en aanbouwen",Snel en krimpvrij gesmeerd met optimale hechting en strakke vlakheid.
zandcement-dekvloer-hoorn-kersenboogerd,Hoorn Kersenboogerd,Hoorn,Noord-Holland,Regio Hoorn,A8,"nieuwbouwwijken, gezinswoningen en uitbouwen",Dankzij onze mobiele mengers pompen we kant-en-klare mortel direct naar de juiste laagdikte.
zandcement-dekvloer-hoorn-zwaag,Hoorn Zwaag,Hoorn,Noord-Holland,Regio Hoorn,N9,"historische panden, herenhuizen en renovaties",Wij adviseren hier onze droogversneller en Duremit vezels voor een snelle oplevering.
zandcement-dekvloer-hoorn-blokker,Hoorn Blokker,Hoorn,Noord-Holland,Regio Hoorn,N242,"bedrijfspanden, garages en utiliteitsbouw",Onze mixcombinaties verwerken zandcement moeiteloos in smalle straten en op hoogte.
zandcement-dekvloer-hoorn-grote-waal,Hoorn Grote Waal,Hoorn,Noord-Holland,Regio Hoorn,N201,"appartementencomplexen, hoogbouw en renovaties",Ideaal te combineren met vloerverwarming of extra verharder voor zware belasting.
zandcement-dekvloer-heerhugowaard,Heerhugowaard,Heerhugowaard,Noord-Holland,Regio Heerhugowaard,N247,"vrijstaande woningen, kavelbouw en aanbouwen",Snel en krimpvrij gesmeerd met optimale hechting en strakke vlakheid.
zandcement-dekvloer-heerhugowaard-de-noord,Heerhugowaard De Noord,Heerhugowaard,Noord-Holland,Regio Heerhugowaard,A200,"nieuwbouwwijken, gezinswoningen en uitbouwen",Dankzij onze mobiele mengers pompen we kant-en-klare mortel direct naar de juiste laagdikte.
zandcement-dekvloer-heerhugowaard-butterhuizen,Heerhugowaard Butterhuizen,Heerhugowaard,Noord-Holland,Regio Heerhugowaard,A10,"historische panden, herenhuizen en renovaties",Wij adviseren hier onze droogversneller en Duremit vezels voor een snelle oplevering.
zandcement-dekvloer-heerhugowaard-stad-van-de-zon,Heerhugowaard Stad van de Zon,Heerhugowaard,Noord-Holland,Regio Heerhugowaard,A9,"bedrijfspanden, garages en utiliteitsbouw",Onze mixcombinaties verwerken zandcement moeiteloos in smalle straten en op hoogte.
zandcement-dekvloer-heerhugowaard-reigersdaal,Heerhugowaard Reigersdaal,Heerhugowaard,Noord-Holland,Regio Heerhugowaard,A7,"appartementencomplexen, hoogbouw en renovaties",Ideaal te combineren met vloerverwarming of extra verharder voor zware belasting.
zandcement-dekvloer-heerhugowaard-oostertocht,Heerhugowaard Oostertocht,Heerhugowaard,Noord-Holland,Regio Heerhugowaard,A8,"vrijstaande woningen, kavelbouw en aanbouwen",Snel en krimpvrij gesmeerd met optimale hechting en strakke vlakheid.
zandcement-dekvloer-schagen-schagen-stad,Schagen Schagen-stad,Schagen,Noord-Holland,Regio Schagen,N9,"nieuwbouwwijken, gezinswoningen en uitbouwen",Dankzij onze mobiele mengers pompen we kant-en-klare mortel direct naar de juiste laagdikte.
zandcement-dekvloer-schagen-tuitjenhorn,Schagen Tuitjenhorn,Schagen,Noord-Holland,Regio Schagen,N242,"historische panden, herenhuizen en renovaties",Wij adviseren hier onze droogversneller en Duremit vezels voor een snelle oplevering.
zandcement-dekvloer-schagen-warmenhuizen,Schagen Warmenhuizen,Schagen,Noord-Holland,Regio Schagen,N201,"bedrijfspanden, garages en utiliteitsbouw",Onze mixcombinaties verwerken zandcement moeiteloos in smalle straten en op hoogte.
zandcement-dekvloer-schagen-dirkshorn,Schagen Dirkshorn,Schagen,Noord-Holland,Regio Schagen,N247,"appartementencomplexen, hoogbouw en renovaties",Ideaal te combineren met vloerverwarming of extra verharder voor zware belasting.
zandcement-dekvloer-schagen-callantsoog,Schagen Callantsoog,Schagen,Noord-Holland,Regio Schagen,A200,"vrijstaande woningen, kavelbouw en aanbouwen",Snel en krimpvrij gesmeerd met optimale hechting en strakke vlakheid.
zandcement-dekvloer-schagen-petten,Schagen Petten,Schagen,Noord-Holland,Regio Schagen,A10,"nieuwbouwwijken, gezinswoningen en uitbouwen",Dankzij onze mobiele mengers pompen we kant-en-klare mortel direct naar de juiste laagdikte.
zandcement-dekvloer-schagen-waarland,Schagen Waarland,Schagen,Noord-Holland,Regio Schagen,A9,"historische panden, herenhuizen en renovaties",Wij adviseren hier onze droogversneller en Duremit vezels voor een snelle oplevering.
zandcement-dekvloer-schagen-burgerbrug,Schagen Burgerbrug,Schagen,Noord-Holland,Regio Schagen,A7,"bedrijfspanden, garages en utiliteitsbouw",Onze mixcombinaties verwerken zandcement moeiteloos in smalle straten en op hoogte.
zandcement-dekvloer-schagen-sint-maarten,Schagen Sint Maarten,Schagen,Noord-Holland,Regio Schagen,A8,"appartementencomplexen, hoogbouw en renovaties",Ideaal te combineren met vloerverwarming of extra verharder voor zware belasting.
zandcement-dekvloer-schagen-sint-maartensbrug,Schagen Sint Maartensbrug,Schagen,Noord-Holland,Regio Schagen,N9,"vrijstaande woningen, kavelbouw en aanbouwen",Snel en krimpvrij gesmeerd met optimale hechting en strakke vlakheid.
zandcement-dekvloer-schagen-schagerbrug,Schagen Schagerbrug,Schagen,Noord-Holland,Regio Schagen,N242,"nieuwbouwwijken, gezinswoningen en uitbouwen",Dankzij onze mobiele mengers pompen we kant-en-klare mortel direct naar de juiste laagdikte.
zandcement-dekvloer-medemblik-medemblik-stad,Medemblik Medemblik-stad,Medemblik,Noord-Holland,Regio Medemblik,N201,"historische panden, herenhuizen en renovaties",Wij adviseren hier onze droogversneller en Duremit vezels voor een snelle oplevering.
zandcement-dekvloer-medemblik-wervershoof,Medemblik Wervershoof,Medemblik,Noord-Holland,Regio Medemblik,N247,"bedrijfspanden, garages en utiliteitsbouw",Onze mixcombinaties verwerken zandcement moeiteloos in smalle straten en op hoogte.
zandcement-dekvloer-medemblik-andijk,Medemblik Andijk,Medemblik,Noord-Holland,Regio Medemblik,A200,"appartementencomplexen, hoogbouw en renovaties",Ideaal te combineren met vloerverwarming of extra verharder voor zware belasting.
zandcement-dekvloer-medemblik-wognum,Medemblik Wognum,Medemblik,Noord-Holland,Regio Medemblik,A10,"vrijstaande woningen, kavelbouw en aanbouwen",Snel en krimpvrij gesmeerd met optimale hechting en strakke vlakheid.
zandcement-dekvloer-medemblik-midwoud,Medemblik Midwoud,Medemblik,Noord-Holland,Regio Medemblik,A9,"nieuwbouwwijken, gezinswoningen en uitbouwen",Dankzij onze mobiele mengers pompen we kant-en-klare mortel direct naar de juiste laagdikte.
zandcement-dekvloer-medemblik-twisk,Medemblik Twisk,Medemblik,Noord-Holland,Regio Medemblik,A7,"historische panden, herenhuizen en renovaties",Wij adviseren hier onze droogversneller en Duremit vezels voor een snelle oplevering.
zandcement-dekvloer-medemblik-abbekerk,Medemblik Abbekerk,Medemblik,Noord-Holland,Regio Medemblik,A8,"bedrijfspanden, garages en utiliteitsbouw",Onze mixcombinaties verwerken zandcement moeiteloos in smalle straten en op hoogte.
zandcement-dekvloer-medemblik-nibbixwoud,Medemblik Nibbixwoud,Medemblik,Noord-Holland,Regio Medemblik,N9,"appartementencomplexen, hoogbouw en renovaties",Ideaal te combineren met vloerverwarming of extra verharder voor zware belasting.
zandcement-dekvloer-medemblik-sijbekarspel,Medemblik Sijbekarspel,Medemblik,Noord-Holland,Regio Medemblik,N242,"vrijstaande woningen, kavelbouw en aanbouwen",Snel en krimpvrij gesmeerd met optimale hechting en strakke vlakheid.
zandcement-dekvloer-enkhuizen,Enkhuizen,Enkhuizen,Noord-Holland,Regio Enkhuizen,N201,"nieuwbouwwijken, gezinswoningen en uitbouwen",Dankzij onze mobiele mengers pompen we kant-en-klare mortel direct naar de juiste laagdikte.
zandcement-dekvloer-enkhuizen-oosterweeghje,Enkhuizen Oosterweeghje,Enkhuizen,Noord-Holland,Regio Enkhuizen,N247,"historische panden, herenhuizen en renovaties",Wij adviseren hier onze droogversneller en Duremit vezels voor een snelle oplevering.
zandcement-dekvloer-enkhuizen-gommerwijk,Enkhuizen Gommerwijk,Enkhuizen,Noord-Holland,Regio Enkhuizen,A200,"bedrijfspanden, garages en utiliteitsbouw",Onze mixcombinaties verwerken zandcement moeiteloos in smalle straten en op hoogte.
zandcement-dekvloer-enkhuizen-kadijken,Enkhuizen Kadijken,Enkhuizen,Noord-Holland,Regio Enkhuizen,A10,"appartementencomplexen, hoogbouw en renovaties",Ideaal te combineren met vloerverwarming of extra verharder voor zware belasting.
zandcement-dekvloer-edam-volendam-volendam,Edam-Volendam Volendam,Edam-Volendam,Noord-Holland,Regio Edam-Volendam,A9,"vrijstaande woningen, kavelbouw en aanbouwen",Snel en krimpvrij gesmeerd met optimale hechting en strakke vlakheid.
zandcement-dekvloer-edam-volendam-edam,Edam-Volendam Edam,Edam-Volendam,Noord-Holland,Regio Edam-Volendam,A7,"nieuwbouwwijken, gezinswoningen en uitbouwen",Dankzij onze mobiele mengers pompen we kant-en-klare mortel direct naar de juiste laagdikte.
zandcement-dekvloer-edam-volendam-oosthuizen,Edam-Volendam Oosthuizen,Edam-Volendam,Noord-Holland,Regio Edam-Volendam,A8,"historische panden, herenhuizen en renovaties",Wij adviseren hier onze droogversneller en Duremit vezels voor een snelle oplevering.
zandcement-dekvloer-edam-volendam-middellie,Edam-Volendam Middellie,Edam-Volendam,Noord-Holland,Regio Edam-Volendam,N9,"bedrijfspanden, garages en utiliteitsbouw",Onze mixcombinaties verwerken zandcement moeiteloos in smalle straten en op hoogte.
zandcement-dekvloer-edam-volendam-beets,Edam-Volendam Beets,Edam-Volendam,Noord-Holland,Regio Edam-Volendam,N242,"appartementencomplexen, hoogbouw en renovaties",Ideaal te combineren met vloerverwarming of extra verharder voor zware belasting.
zandcement-dekvloer-edam-volendam-kwadijk,Edam-Volendam Kwadijk,Edam-Volendam,Noord-Holland,Regio Edam-Volendam,N201,"vrijstaande woningen, kavelbouw en aanbouwen",Snel en krimpvrij gesmeerd met optimale hechting en strakke vlakheid.
zandcement-dekvloer-waterland-monnickendam,Waterland Monnickendam,Waterland,Noord-Holland,Regio Waterland,N247,"nieuwbouwwijken, gezinswoningen en uitbouwen",Dankzij onze mobiele mengers pompen we kant-en-klare mortel direct naar de juiste laagdikte.
zandcement-dekvloer-waterland-marken,Waterland Marken,Waterland,Noord-Holland,Regio Waterland,A200,"historische panden, herenhuizen en renovaties",Wij adviseren hier onze droogversneller en Duremit vezels voor een snelle oplevering.
zandcement-dekvloer-waterland-broek-in-waterland,Waterland Broek in Waterland,Waterland,Noord-Holland,Regio Waterland,A10,"bedrijfspanden, garages en utiliteitsbouw",Onze mixcombinaties verwerken zandcement moeiteloos in smalle straten en op hoogte.
zandcement-dekvloer-waterland-ilpendam,Waterland Ilpendam,Waterland,Noord-Holland,Regio Waterland,A9,"appartementencomplexen, hoogbouw en renovaties",Ideaal te combineren met vloerverwarming of extra verharder voor zware belasting.
zandcement-dekvloer-waterland-katwoude,Waterland Katwoude,Waterland,Noord-Holland,Regio Waterland,A7,"vrijstaande woningen, kavelbouw en aanbouwen",Snel en krimpvrij gesmeerd met optimale hechting en strakke vlakheid.
zandcement-dekvloer-wormerland-wormer,Wormerland Wormer,Wormerland,Noord-Holland,Regio Wormerland,A8,"nieuwbouwwijken, gezinswoningen en uitbouwen",Dankzij onze mobiele mengers pompen we kant-en-klare mortel direct naar de juiste laagdikte.
zandcement-dekvloer-wormerland-jisp,Wormerland Jisp,Wormerland,Noord-Holland,Regio Wormerland,N9,"historische panden, herenhuizen en renovaties",Wij adviseren hier onze droogversneller en Duremit vezels voor een snelle oplevering.
zandcement-dekvloer-wormerland-oostknollendam,Wormerland Oostknollendam,Wormerland,Noord-Holland,Regio Wormerland,N242,"bedrijfspanden, garages en utiliteitsbouw",Onze mixcombinaties verwerken zandcement moeiteloos in smalle straten en op hoogte.
zandcement-dekvloer-wormerland-spijkerboor,Wormerland Spijkerboor,Wormerland,Noord-Holland,Regio Wormerland,N201,"appartementencomplexen, hoogbouw en renovaties",Ideaal te combineren met vloerverwarming of extra verharder voor zware belasting.
zandcement-dekvloer-gooise-meren-bussum,Gooise Meren Bussum,Gooise Meren,Noord-Holland,Regio Gooise Meren,N247,"vrijstaande woningen, kavelbouw en aanbouwen",Snel en krimpvrij gesmeerd met optimale hechting en strakke vlakheid.
zandcement-dekvloer-gooise-meren-naarden,Gooise Meren Naarden,Gooise Meren,Noord-Holland,Regio Gooise Meren,A200,"nieuwbouwwijken, gezinswoningen en uitbouwen",Dankzij onze mobiele mengers pompen we kant-en-klare mortel direct naar de juiste laagdikte.
zandcement-dekvloer-gooise-meren-muiden,Gooise Meren Muiden,Gooise Meren,Noord-Holland,Regio Gooise Meren,A10,"historische panden, herenhuizen en renovaties",Wij adviseren hier onze droogversneller en Duremit vezels voor een snelle oplevering.
zandcement-dekvloer-gooise-meren-muiderberg,Gooise Meren Muiderberg,Gooise Meren,Noord-Holland,Regio Gooise Meren,A9,"bedrijfspanden, garages en utiliteitsbouw",Onze mixcombinaties verwerken zandcement moeiteloos in smalle straten en op hoogte.
zandcement-dekvloer-texel-den-burg,Texel Den Burg,Texel,Noord-Holland,Regio Texel,A7,"appartementencomplexen, hoogbouw en renovaties",Ideaal te combineren met vloerverwarming of extra verharder voor zware belasting.
zandcement-dekvloer-texel-de-koog,Texel De Koog,Texel,Noord-Holland,Regio Texel,A8,"vrijstaande woningen, kavelbouw en aanbouwen",Snel en krimpvrij gesmeerd met optimale hechting en strakke vlakheid.
zandcement-dekvloer-texel-oudeschild,Texel Oudeschild,Texel,Noord-Holland,Regio Texel,N9,"nieuwbouwwijken, gezinswoningen en uitbouwen",Dankzij onze mobiele mengers pompen we kant-en-klare mortel direct naar de juiste laagdikte.
zandcement-dekvloer-texel-den-hoorn,Texel Den Hoorn,Texel,Noord-Holland,Regio Texel,N242,"historische panden, herenhuizen en renovaties",Wij adviseren hier onze droogversneller en Duremit vezels voor een snelle oplevering.
zandcement-dekvloer-texel-de-cocksdorp,Texel De Cocksdorp,Texel,Noord-Holland,Regio Texel,N201,"bedrijfspanden, garages en utiliteitsbouw",Onze mixcombinaties verwerken zandcement moeiteloos in smalle straten en op hoogte.
zandcement-dekvloer-texel-oosterend,Texel Oosterend,Texel,Noord-Holland,Regio Texel,N247,"appartementencomplexen, hoogbouw en renovaties",Ideaal te combineren met vloerverwarming of extra verharder voor zware belasting.
zandcement-dekvloer-rotterdam,Rotterdam,Rotterdam,Zuid-Holland,Regio Rotterdam,N210,"vrijstaande woningen, kavelbouw en aanbouwen",Snel en krimpvrij gesmeerd met optimale hechting en strakke vlakheid.
zandcement-dekvloer-rotterdam-feijenoord,Rotterdam Feijenoord,Rotterdam,Zuid-Holland,Regio Rotterdam,A12,"nieuwbouwwijken, gezinswoningen en uitbouwen",Dankzij onze mobiele mengers pompen we kant-en-klare mortel direct naar de juiste laagdikte.
zandcement-dekvloer-rotterdam-kralingen,Rotterdam Kralingen,Rotterdam,Zuid-Holland,Regio Rotterdam,A13,"historische panden, herenhuizen en renovaties",Wij adviseren hier onze droogversneller en Duremit vezels voor een snelle oplevering.
zandcement-dekvloer-rotterdam-noord,Rotterdam Noord,Rotterdam,Zuid-Holland,Regio Rotterdam,A15,"bedrijfspanden, garages en utiliteitsbouw",Onze mixcombinaties verwerken zandcement moeiteloos in smalle straten en op hoogte.
zandcement-dekvloer-rotterdam-delfshaven,Rotterdam Delfshaven,Rotterdam,Zuid-Holland,Regio Rotterdam,A16,"appartementencomplexen, hoogbouw en renovaties",Ideaal te combineren met vloerverwarming of extra verharder voor zware belasting.
zandcement-dekvloer-rotterdam-ijsselmonde,Rotterdam IJsselmonde,Rotterdam,Zuid-Holland,Regio Rotterdam,A20,"vrijstaande woningen, kavelbouw en aanbouwen",Snel en krimpvrij gesmeerd met optimale hechting en strakke vlakheid.
zandcement-dekvloer-rotterdam-prins-alexander,Rotterdam Prins Alexander,Rotterdam,Zuid-Holland,Regio Rotterdam,A4,"nieuwbouwwijken, gezinswoningen en uitbouwen",Dankzij onze mobiele mengers pompen we kant-en-klare mortel direct naar de juiste laagdikte.
zandcement-dekvloer-rotterdam-charlois,Rotterdam Charlois,Rotterdam,Zuid-Holland,Regio Rotterdam,N11,"historische panden, herenhuizen en renovaties",Wij adviseren hier onze droogversneller en Duremit vezels voor een snelle oplevering.
zandcement-dekvloer-rotterdam-overschie,Rotterdam Overschie,Rotterdam,Zuid-Holland,Regio Rotterdam,N206,"bedrijfspanden, garages en utiliteitsbouw",Onze mixcombinaties verwerken zandcement moeiteloos in smalle straten en op hoogte.
zandcement-dekvloer-rotterdam-hoogvliet,Rotterdam Hoogvliet,Rotterdam,Zuid-Holland,Regio Rotterdam,N210,"appartementencomplexen, hoogbouw en renovaties",Ideaal te combineren met vloerverwarming of extra verharder voor zware belasting.
zandcement-dekvloer-rotterdam-nesselande,Rotterdam Nesselande,Rotterdam,Zuid-Holland,Regio Rotterdam,A12,"vrijstaande woningen, kavelbouw en aanbouwen",Snel en krimpvrij gesmeerd met optimale hechting en strakke vlakheid.
zandcement-dekvloer-rotterdam-pernis,Rotterdam Pernis,Rotterdam,Zuid-Holland,Regio Rotterdam,A13,"nieuwbouwwijken, gezinswoningen en uitbouwen",Dankzij onze mobiele mengers pompen we kant-en-klare mortel direct naar de juiste laagdikte.
zandcement-dekvloer-rotterdam-kombuis,Rotterdam Kombuis,Rotterdam,Zuid-Holland,Regio Rotterdam,A15,"historische panden, herenhuizen en renovaties",Wij adviseren hier onze droogversneller en Duremit vezels voor een snelle oplevering.
zandcement-dekvloer-rotterdam-ommoord,Rotterdam Ommoord,Rotterdam,Zuid-Holland,Regio Rotterdam,A16,"bedrijfspanden, garages en utiliteitsbouw",Onze mixcombinaties verwerken zandcement moeiteloos in smalle straten en op hoogte.
zandcement-dekvloer-rotterdam-zevenkamp,Rotterdam Zevenkamp,Rotterdam,Zuid-Holland,Regio Rotterdam,A20,"appartementencomplexen, hoogbouw en renovaties",Ideaal te combineren met vloerverwarming of extra verharder voor zware belasting.
zandcement-dekvloer-den-haag,Den Haag,Den Haag,Zuid-Holland,Regio Den Haag,A4,"vrijstaande woningen, kavelbouw en aanbouwen",Snel en krimpvrij gesmeerd met optimale hechting en strakke vlakheid.
zandcement-dekvloer-den-haag-scheveningen,Den Haag Scheveningen,Den Haag,Zuid-Holland,Regio Den Haag,N11,"nieuwbouwwijken, gezinswoningen en uitbouwen",Dankzij onze mobiele mengers pompen we kant-en-klare mortel direct naar de juiste laagdikte.
zandcement-dekvloer-den-haag-escamp,Den Haag Escamp,Den Haag,Zuid-Holland,Regio Den Haag,N206,"historische panden, herenhuizen en renovaties",Wij adviseren hier onze droogversneller en Duremit vezels voor een snelle oplevering.
zandcement-dekvloer-den-haag-laak,Den Haag Laak,Den Haag,Zuid-Holland,Regio Den Haag,N210,"bedrijfspanden, garages en utiliteitsbouw",Onze mixcombinaties verwerken zandcement moeiteloos in smalle straten en op hoogte.
zandcement-dekvloer-den-haag-leidschenveen-ypenburg,Den Haag Leidschenveen-Ypenburg,Den Haag,Zuid-Holland,Regio Den Haag,A12,"appartementencomplexen, hoogbouw en renovaties",Ideaal te combineren met vloerverwarming of extra verharder voor zware belasting.
zandcement-dekvloer-den-haag-loosduinen,Den Haag Loosduinen,Den Haag,Zuid-Holland,Regio Den Haag,A13,"vrijstaande woningen, kavelbouw en aanbouwen",Snel en krimpvrij gesmeerd met optimale hechting en strakke vlakheid.
zandcement-dekvloer-den-haag-haagse-hout,Den Haag Haagse Hout,Den Haag,Zuid-Holland,Regio Den Haag,A15,"nieuwbouwwijken, gezinswoningen en uitbouwen",Dankzij onze mobiele mengers pompen we kant-en-klare mortel direct naar de juiste laagdikte.
zandcement-dekvloer-den-haag-segbroek,Den Haag Segbroek,Den Haag,Zuid-Holland,Regio Den Haag,A16,"historische panden, herenhuizen en renovaties",Wij adviseren hier onze droogversneller en Duremit vezels voor een snelle oplevering.
zandcement-dekvloer-den-haag-kijkduin,Den Haag Kijkduin,Den Haag,Zuid-Holland,Regio Den Haag,A20,"bedrijfspanden, garages en utiliteitsbouw",Onze mixcombinaties verwerken zandcement moeiteloos in smalle straten en op hoogte.
zandcement-dekvloer-den-haag-wateringse-veld,Den Haag Wateringse Veld,Den Haag,Zuid-Holland,Regio Den Haag,A4,"appartementencomplexen, hoogbouw en renovaties",Ideaal te combineren met vloerverwarming of extra verharder voor zware belasting.
zandcement-dekvloer-den-haag-benoordenhout,Den Haag Benoordenhout,Den Haag,Zuid-Holland,Regio Den Haag,N11,"vrijstaande woningen, kavelbouw en aanbouwen",Snel en krimpvrij gesmeerd met optimale hechting en strakke vlakheid.
zandcement-dekvloer-zoetermeer,Zoetermeer,Zoetermeer,Zuid-Holland,Regio Zoetermeer,N206,"nieuwbouwwijken, gezinswoningen en uitbouwen",Dankzij onze mobiele mengers pompen we kant-en-klare mortel direct naar de juiste laagdikte.
zandcement-dekvloer-zoetermeer-oosterheem,Zoetermeer Oosterheem,Zoetermeer,Zuid-Holland,Regio Zoetermeer,N210,"historische panden, herenhuizen en renovaties",Wij adviseren hier onze droogversneller en Duremit vezels voor een snelle oplevering.
zandcement-dekvloer-zoetermeer-buytenwegh,Zoetermeer Buytenwegh,Zoetermeer,Zuid-Holland,Regio Zoetermeer,A12,"bedrijfspanden, garages en utiliteitsbouw",Onze mixcombinaties verwerken zandcement moeiteloos in smalle straten en op hoogte.
zandcement-dekvloer-zoetermeer-seghwaert,Zoetermeer Seghwaert,Zoetermeer,Zuid-Holland,Regio Zoetermeer,A13,"appartementencomplexen, hoogbouw en renovaties",Ideaal te combineren met vloerverwarming of extra verharder voor zware belasting.
zandcement-dekvloer-zoetermeer-rokkeveen,Zoetermeer Rokkeveen,Zoetermeer,Zuid-Holland,Regio Zoetermeer,A15,"vrijstaande woningen, kavelbouw en aanbouwen",Snel en krimpvrij gesmeerd met optimale hechting en strakke vlakheid.
zandcement-dekvloer-zoetermeer-meerzicht,Zoetermeer Meerzicht,Zoetermeer,Zuid-Holland,Regio Zoetermeer,A16,"nieuwbouwwijken, gezinswoningen en uitbouwen",Dankzij onze mobiele mengers pompen we kant-en-klare mortel direct naar de juiste laagdikte.
zandcement-dekvloer-zoetermeer-driemanspolder,Zoetermeer Driemanspolder,Zoetermeer,Zuid-Holland,Regio Zoetermeer,A20,"historische panden, herenhuizen en renovaties",Wij adviseren hier onze droogversneller en Duremit vezels voor een snelle oplevering.
zandcement-dekvloer-zoetermeer-palenstein,Zoetermeer Palenstein,Zoetermeer,Zuid-Holland,Regio Zoetermeer,A4,"bedrijfspanden, garages en utiliteitsbouw",Onze mixcombinaties verwerken zandcement moeiteloos in smalle straten en op hoogte.
zandcement-dekvloer-zoetermeer-noordhove,Zoetermeer Noordhove,Zoetermeer,Zuid-Holland,Regio Zoetermeer,N11,"appartementencomplexen, hoogbouw en renovaties",Ideaal te combineren met vloerverwarming of extra verharder voor zware belasting.
zandcement-dekvloer-dordrecht,Dordrecht,Dordrecht,Zuid-Holland,Regio Dordrecht,N206,"vrijstaande woningen, kavelbouw en aanbouwen",Snel en krimpvrij gesmeerd met optimale hechting en strakke vlakheid.
zandcement-dekvloer-dordrecht-stadspolders,Dordrecht Stadspolders,Dordrecht,Zuid-Holland,Regio Dordrecht,N210,"nieuwbouwwijken, gezinswoningen en uitbouwen",Dankzij onze mobiele mengers pompen we kant-en-klare mortel direct naar de juiste laagdikte.
zandcement-dekvloer-dordrecht-sterrenburg,Dordrecht Sterrenburg,Dordrecht,Zuid-Holland,Regio Dordrecht,A12,"historische panden, herenhuizen en renovaties",Wij adviseren hier onze droogversneller en Duremit vezels voor een snelle oplevering.
zandcement-dekvloer-dordrecht-wielwijk,Dordrecht Wielwijk,Dordrecht,Zuid-Holland,Regio Dordrecht,A13,"bedrijfspanden, garages en utiliteitsbouw",Onze mixcombinaties verwerken zandcement moeiteloos in smalle straten en op hoogte.
zandcement-dekvloer-dordrecht-krispijn,Dordrecht Krispijn,Dordrecht,Zuid-Holland,Regio Dordrecht,A15,"appartementencomplexen, hoogbouw en renovaties",Ideaal te combineren met vloerverwarming of extra verharder voor zware belasting.
zandcement-dekvloer-dordrecht-dubbeldam,Dordrecht Dubbeldam,Dordrecht,Zuid-Holland,Regio Dordrecht,A16,"vrijstaande woningen, kavelbouw en aanbouwen",Snel en krimpvrij gesmeerd met optimale hechting en strakke vlakheid.
zandcement-dekvloer-dordrecht-crabbehof,Dordrecht Crabbehof,Dordrecht,Zuid-Holland,Regio Dordrecht,A20,"nieuwbouwwijken, gezinswoningen en uitbouwen",Dankzij onze mobiele mengers pompen we kant-en-klare mortel direct naar de juiste laagdikte.
zandcement-dekvloer-leiden,Leiden,Leiden,Zuid-Holland,Regio Leiden,A4,"historische panden, herenhuizen en renovaties",Wij adviseren hier onze droogversneller en Duremit vezels voor een snelle oplevering.
zandcement-dekvloer-leiden-stevenshof,Leiden Stevenshof,Leiden,Zuid-Holland,Regio Leiden,N11,"bedrijfspanden, garages en utiliteitsbouw",Onze mixcombinaties verwerken zandcement moeiteloos in smalle straten en op hoogte.
zandcement-dekvloer-leiden-merenwijk,Leiden Merenwijk,Leiden,Zuid-Holland,Regio Leiden,N206,"appartementencomplexen, hoogbouw en renovaties",Ideaal te combineren met vloerverwarming of extra verharder voor zware belasting.
zandcement-dekvloer-leiden-roomburg,Leiden Roomburg,Leiden,Zuid-Holland,Regio Leiden,N210,"vrijstaande woningen, kavelbouw en aanbouwen",Snel en krimpvrij gesmeerd met optimale hechting en strakke vlakheid.
zandcement-dekvloer-leiden-morsdistrict,Leiden Morsdistrict,Leiden,Zuid-Holland,Regio Leiden,A12,"nieuwbouwwijken, gezinswoningen en uitbouwen",Dankzij onze mobiele mengers pompen we kant-en-klare mortel direct naar de juiste laagdikte.
zandcement-dekvloer-leiden-boerhaavedistrict,Leiden Boerhaavedistrict,Leiden,Zuid-Holland,Regio Leiden,A13,"historische panden, herenhuizen en renovaties",Wij adviseren hier onze droogversneller en Duremit vezels voor een snelle oplevering.
zandcement-dekvloer-leiden-lammenschans,Leiden Lammenschans,Leiden,Zuid-Holland,Regio Leiden,A15,"bedrijfspanden, garages en utiliteitsbouw",Onze mixcombinaties verwerken zandcement moeiteloos in smalle straten en op hoogte.
zandcement-dekvloer-delft,Delft,Delft,Zuid-Holland,Regio Delft,A16,"appartementencomplexen, hoogbouw en renovaties",Ideaal te combineren met vloerverwarming of extra verharder voor zware belasting.
zandcement-dekvloer-delft-tanthof,Delft Tanthof,Delft,Zuid-Holland,Regio Delft,A20,"vrijstaande woningen, kavelbouw en aanbouwen",Snel en krimpvrij gesmeerd met optimale hechting en strakke vlakheid.
zandcement-dekvloer-delft-voorhof,Delft Voorhof,Delft,Zuid-Holland,Regio Delft,A4,"nieuwbouwwijken, gezinswoningen en uitbouwen",Dankzij onze mobiele mengers pompen we kant-en-klare mortel direct naar de juiste laagdikte.
zandcement-dekvloer-delft-buitenhof,Delft Buitenhof,Delft,Zuid-Holland,Regio Delft,N11,"historische panden, herenhuizen en renovaties",Wij adviseren hier onze droogversneller en Duremit vezels voor een snelle oplevering.
zandcement-dekvloer-delft-wippolder,Delft Wippolder,Delft,Zuid-Holland,Regio Delft,N206,"bedrijfspanden, garages en utiliteitsbouw",Onze mixcombinaties verwerken zandcement moeiteloos in smalle straten en op hoogte.
zandcement-dekvloer-delft-hof-van-delft,Delft Hof van Delft,Delft,Zuid-Holland,Regio Delft,N210,"appartementencomplexen, hoogbouw en renovaties",Ideaal te combineren met vloerverwarming of extra verharder voor zware belasting.
zandcement-dekvloer-westland-naaldwijk,Westland Naaldwijk,Westland,Zuid-Holland,Regio Westland,A12,"vrijstaande woningen, kavelbouw en aanbouwen",Snel en krimpvrij gesmeerd met optimale hechting en strakke vlakheid.
zandcement-dekvloer-westland-monster,Westland Monster,Westland,Zuid-Holland,Regio Westland,A13,"nieuwbouwwijken, gezinswoningen en uitbouwen",Dankzij onze mobiele mengers pompen we kant-en-klare mortel direct naar de juiste laagdikte.
zandcement-dekvloer-westland-wateringen,Westland Wateringen,Westland,Zuid-Holland,Regio Westland,A15,"historische panden, herenhuizen en renovaties",Wij adviseren hier onze droogversneller en Duremit vezels voor een snelle oplevering.
zandcement-dekvloer-westland-gravenzande,Westland Gravenzande,Westland,Zuid-Holland,Regio Westland,A16,"bedrijfspanden, garages en utiliteitsbouw",Onze mixcombinaties verwerken zandcement moeiteloos in smalle straten en op hoogte.
zandcement-dekvloer-westland-de-lier,Westland De Lier,Westland,Zuid-Holland,Regio Westland,A20,"appartementencomplexen, hoogbouw en renovaties",Ideaal te combineren met vloerverwarming of extra verharder voor zware belasting.
zandcement-dekvloer-westland-honselersdijk,Westland Honselersdijk,Westland,Zuid-Holland,Regio Westland,A4,"vrijstaande woningen, kavelbouw en aanbouwen",Snel en krimpvrij gesmeerd met optimale hechting en strakke vlakheid.
zandcement-dekvloer-westland-poeldijk,Westland Poeldijk,Westland,Zuid-Holland,Regio Westland,N11,"nieuwbouwwijken, gezinswoningen en uitbouwen",Dankzij onze mobiele mengers pompen we kant-en-klare mortel direct naar de juiste laagdikte.
zandcement-dekvloer-westland-kintscheul,Westland Kintscheul,Westland,Zuid-Holland,Regio Westland,N206,"historische panden, herenhuizen en renovaties",Wij adviseren hier onze droogversneller en Duremit vezels voor een snelle oplevering.
zandcement-dekvloer-westland-ter-heijde,Westland Ter Heijde,Westland,Zuid-Holland,Regio Westland,N210,"bedrijfspanden, garages en utiliteitsbouw",Onze mixcombinaties verwerken zandcement moeiteloos in smalle straten en op hoogte.
zandcement-dekvloer-alphen-aan-den-rijn,Alphen aan den Rijn,Alphen aan den Rijn,Zuid-Holland,Regio Alphen aan den Rijn,A12,"appartementencomplexen, hoogbouw en renovaties",Ideaal te combineren met vloerverwarming of extra verharder voor zware belasting.
zandcement-dekvloer-alphen-aan-den-rijn-ridderveld,Alphen aan den Rijn Ridderveld,Alphen aan den Rijn,Zuid-Holland,Regio Alphen aan den Rijn,A13,"vrijstaande woningen, kavelbouw en aanbouwen",Snel en krimpvrij gesmeerd met optimale hechting en strakke vlakheid.
zandcement-dekvloer-alphen-aan-den-rijn-kerk-en-zanen,Alphen aan den Rijn Kerk en Zanen,Alphen aan den Rijn,Zuid-Holland,Regio Alphen aan den Rijn,A15,"nieuwbouwwijken, gezinswoningen en uitbouwen",Dankzij onze mobiele mengers pompen we kant-en-klare mortel direct naar de juiste laagdikte.
zandcement-dekvloer-alphen-aan-den-rijn-boskoop,Alphen aan den Rijn Boskoop,Alphen aan den Rijn,Zuid-Holland,Regio Alphen aan den Rijn,A16,"historische panden, herenhuizen en renovaties",Wij adviseren hier onze droogversneller en Duremit vezels voor een snelle oplevering.
zandcement-dekvloer-alphen-aan-den-rijn-rijnwoude,Alphen aan den Rijn Rijnwoude,Alphen aan den Rijn,Zuid-Holland,Regio Alphen aan den Rijn,A20,"bedrijfspanden, garages en utiliteitsbouw",Onze mixcombinaties verwerken zandcement moeiteloos in smalle straten en op hoogte.
zandcement-dekvloer-alphen-aan-den-rijn-hazerswoude-dorp,Alphen aan den Rijn Hazerswoude-Dorp,Alphen aan den Rijn,Zuid-Holland,Regio Alphen aan den Rijn,A4,"appartementencomplexen, hoogbouw en renovaties",Ideaal te combineren met vloerverwarming of extra verharder voor zware belasting.
zandcement-dekvloer-alphen-aan-den-rijn-hazerswoude-rijndijk,Alphen aan den Rijn Hazerswoude-Rijndijk,Alphen aan den Rijn,Zuid-Holland,Regio Alphen aan den Rijn,N11,"vrijstaande woningen, kavelbouw en aanbouwen",Snel en krimpvrij gesmeerd met optimale hechting en strakke vlakheid.
zandcement-dekvloer-alphen-aan-den-rijn-koudekerk-aan-den-rijn,Alphen aan den Rijn Koudekerk aan den Rijn,Alphen aan den Rijn,Zuid-Holland,Regio Alphen aan den Rijn,N206,"nieuwbouwwijken, gezinswoningen en uitbouwen",Dankzij onze mobiele mengers pompen we kant-en-klare mortel direct naar de juiste laagdikte.
zandcement-dekvloer-gouda,Gouda,Gouda,Zuid-Holland,Regio Gouda,N210,"historische panden, herenhuizen en renovaties",Wij adviseren hier onze droogversneller en Duremit vezels voor een snelle oplevering.
zandcement-dekvloer-gouda-bloemendaal,Gouda Bloemendaal,Gouda,Zuid-Holland,Regio Gouda,A12,"bedrijfspanden, garages en utiliteitsbouw",Onze mixcombinaties verwerken zandcement moeiteloos in smalle straten en op hoogte.
zandcement-dekvloer-gouda-goverwelle,Gouda Goverwelle,Gouda,Zuid-Holland,Regio Gouda,A13,"appartementencomplexen, hoogbouw en renovaties",Ideaal te combineren met vloerverwarming of extra verharder voor zware belasting.
zandcement-dekvloer-gouda-westergouwe,Gouda Westergouwe,Gouda,Zuid-Holland,Regio Gouda,A15,"vrijstaande woningen, kavelbouw en aanbouwen",Snel en krimpvrij gesmeerd met optimale hechting en strakke vlakheid.
zandcement-dekvloer-gouda-korte-akkeren,Gouda Korte Akkeren,Gouda,Zuid-Holland,Regio Gouda,A16,"nieuwbouwwijken, gezinswoningen en uitbouwen",Dankzij onze mobiele mengers pompen we kant-en-klare mortel direct naar de juiste laagdikte.
zandcement-dekvloer-nissewaard-spijkenisse,Nissewaard Spijkenisse,Nissewaard,Zuid-Holland,Regio Nissewaard,A20,"historische panden, herenhuizen en renovaties",Wij adviseren hier onze droogversneller en Duremit vezels voor een snelle oplevering.
zandcement-dekvloer-nissewaard-geervliet,Nissewaard Geervliet,Nissewaard,Zuid-Holland,Regio Nissewaard,A4,"bedrijfspanden, garages en utiliteitsbouw",Onze mixcombinaties verwerken zandcement moeiteloos in smalle straten en op hoogte.
zandcement-dekvloer-nissewaard-heenvliet,Nissewaard Heenvliet,Nissewaard,Zuid-Holland,Regio Nissewaard,N11,"appartementencomplexen, hoogbouw en renovaties",Ideaal te combineren met vloerverwarming of extra verharder voor zware belasting.
zandcement-dekvloer-nissewaard-abbenbroek,Nissewaard Abbenbroek,Nissewaard,Zuid-Holland,Regio Nissewaard,N206,"vrijstaande woningen, kavelbouw en aanbouwen",Snel en krimpvrij gesmeerd met optimale hechting en strakke vlakheid.
zandcement-dekvloer-nissewaard-zuidland,Nissewaard Zuidland,Nissewaard,Zuid-Holland,Regio Nissewaard,N210,"nieuwbouwwijken, gezinswoningen en uitbouwen",Dankzij onze mobiele mengers pompen we kant-en-klare mortel direct naar de juiste laagdikte.
zandcement-dekvloer-nissewaard-simonshaven,Nissewaard Simonshaven,Nissewaard,Zuid-Holland,Regio Nissewaard,A12,"historische panden, herenhuizen en renovaties",Wij adviseren hier onze droogversneller en Duremit vezels voor een snelle oplevering.
zandcement-dekvloer-schiedam,Schiedam,Schiedam,Zuid-Holland,Regio Schiedam,A13,"bedrijfspanden, garages en utiliteitsbouw",Onze mixcombinaties verwerken zandcement moeiteloos in smalle straten en op hoogte.
zandcement-dekvloer-schiedam-nieuwland,Schiedam Nieuwland,Schiedam,Zuid-Holland,Regio Schiedam,A15,"appartementencomplexen, hoogbouw en renovaties",Ideaal te combineren met vloerverwarming of extra verharder voor zware belasting.
zandcement-dekvloer-schiedam-groenoord,Schiedam Groenoord,Schiedam,Zuid-Holland,Regio Schiedam,A16,"vrijstaande woningen, kavelbouw en aanbouwen",Snel en krimpvrij gesmeerd met optimale hechting en strakke vlakheid.
zandcement-dekvloer-schiedam-kethel,Schiedam Kethel,Schiedam,Zuid-Holland,Regio Schiedam,A20,"nieuwbouwwijken, gezinswoningen en uitbouwen",Dankzij onze mobiele mengers pompen we kant-en-klare mortel direct naar de juiste laagdikte.
zandcement-dekvloer-schiedam-gorzen,Schiedam Gorzen,Schiedam,Zuid-Holland,Regio Schiedam,A4,"historische panden, herenhuizen en renovaties",Wij adviseren hier onze droogversneller en Duremit vezels voor een snelle oplevering.
zandcement-dekvloer-vlaardingen,Vlaardingen,Vlaardingen,Zuid-Holland,Regio Vlaardingen,N11,"bedrijfspanden, garages en utiliteitsbouw",Onze mixcombinaties verwerken zandcement moeiteloos in smalle straten en op hoogte.
zandcement-dekvloer-vlaardingen-holy,Vlaardingen Holy,Vlaardingen,Zuid-Holland,Regio Vlaardingen,N206,"appartementencomplexen, hoogbouw en renovaties",Ideaal te combineren met vloerverwarming of extra verharder voor zware belasting.
zandcement-dekvloer-vlaardingen-babberspolder,Vlaardingen Babberspolder,Vlaardingen,Zuid-Holland,Regio Vlaardingen,N210,"vrijstaande woningen, kavelbouw en aanbouwen",Snel en krimpvrij gesmeerd met optimale hechting en strakke vlakheid.
zandcement-dekvloer-vlaardingen-westwijk,Vlaardingen Westwijk,Vlaardingen,Zuid-Holland,Regio Vlaardingen,A12,"nieuwbouwwijken, gezinswoningen en uitbouwen",Dankzij onze mobiele mengers pompen we kant-en-klare mortel direct naar de juiste laagdikte.
zandcement-dekvloer-vlaardingen-ambacht,Vlaardingen Ambacht,Vlaardingen,Zuid-Holland,Regio Vlaardingen,A13,"historische panden, herenhuizen en renovaties",Wij adviseren hier onze droogversneller en Duremit vezels voor een snelle oplevering.
zandcement-dekvloer-katwijk-katwijk-aan-zee,Katwijk Katwijk aan Zee,Katwijk,Zuid-Holland,Regio Katwijk,A15,"bedrijfspanden, garages en utiliteitsbouw",Onze mixcombinaties verwerken zandcement moeiteloos in smalle straten en op hoogte.
zandcement-dekvloer-katwijk-katwijk-aan-de-rijn,Katwijk Katwijk aan de Rijn,Katwijk,Zuid-Holland,Regio Katwijk,A16,"appartementencomplexen, hoogbouw en renovaties",Ideaal te combineren met vloerverwarming of extra verharder voor zware belasting.
zandcement-dekvloer-katwijk-rijnsburg,Katwijk Rijnsburg,Katwijk,Zuid-Holland,Regio Katwijk,A20,"vrijstaande woningen, kavelbouw en aanbouwen",Snel en krimpvrij gesmeerd met optimale hechting en strakke vlakheid.
zandcement-dekvloer-katwijk-valkenburg,Katwijk Valkenburg,Katwijk,Zuid-Holland,Regio Katwijk,A4,"nieuwbouwwijken, gezinswoningen en uitbouwen",Dankzij onze mobiele mengers pompen we kant-en-klare mortel direct naar de juiste laagdikte.
zandcement-dekvloer-krimpenerwaard-schoonhoven,Krimpenerwaard Schoonhoven,Krimpenerwaard,Zuid-Holland,Regio Krimpenerwaard,N11,"historische panden, herenhuizen en renovaties",Wij adviseren hier onze droogversneller en Duremit vezels voor een snelle oplevering.
zandcement-dekvloer-krimpenerwaard-bergambacht,Krimpenerwaard Bergambacht,Krimpenerwaard,Zuid-Holland,Regio Krimpenerwaard,N206,"bedrijfspanden, garages en utiliteitsbouw",Onze mixcombinaties verwerken zandcement moeiteloos in smalle straten en op hoogte.
zandcement-dekvloer-krimpenerwaard-lekkerkerk,Krimpenerwaard Lekkerkerk,Krimpenerwaard,Zuid-Holland,Regio Krimpenerwaard,N210,"appartementencomplexen, hoogbouw en renovaties",Ideaal te combineren met vloerverwarming of extra verharder voor zware belasting.
zandcement-dekvloer-krimpenerwaard-streefkerk,Krimpenerwaard Streefkerk,Krimpenerwaard,Zuid-Holland,Regio Krimpenerwaard,A12,"vrijstaande woningen, kavelbouw en aanbouwen",Snel en krimpvrij gesmeerd met optimale hechting en strakke vlakheid.
zandcement-dekvloer-krimpenerwaard-haastrecht,Krimpenerwaard Haastrecht,Krimpenerwaard,Zuid-Holland,Regio Krimpenerwaard,A13,"nieuwbouwwijken, gezinswoningen en uitbouwen",Dankzij onze mobiele mengers pompen we kant-en-klare mortel direct naar de juiste laagdikte.
zandcement-dekvloer-krimpenerwaard-ammerstol,Krimpenerwaard Ammerstol,Krimpenerwaard,Zuid-Holland,Regio Krimpenerwaard,A15,"historische panden, herenhuizen en renovaties",Wij adviseren hier onze droogversneller en Duremit vezels voor een snelle oplevering.
zandcement-dekvloer-krimpenerwaard-gouderak,Krimpenerwaard Gouderak,Krimpenerwaard,Zuid-Holland,Regio Krimpenerwaard,A16,"bedrijfspanden, garages en utiliteitsbouw",Onze mixcombinaties verwerken zandcement moeiteloos in smalle straten en op hoogte.
zandcement-dekvloer-hoeksche-waard-oud-beijerland,Hoeksche Waard Oud-Beijerland,Hoeksche Waard,Zuid-Holland,Regio Hoeksche Waard,A20,"appartementencomplexen, hoogbouw en renovaties",Ideaal te combineren met vloerverwarming of extra verharder voor zware belasting.
zandcement-dekvloer-hoeksche-waard-gravendeel,Hoeksche Waard Gravendeel,Hoeksche Waard,Zuid-Holland,Regio Hoeksche Waard,A4,"vrijstaande woningen, kavelbouw en aanbouwen",Snel en krimpvrij gesmeerd met optimale hechting en strakke vlakheid.
zandcement-dekvloer-hoeksche-waard-puttershoek,Hoeksche Waard Puttershoek,Hoeksche Waard,Zuid-Holland,Regio Hoeksche Waard,N11,"nieuwbouwwijken, gezinswoningen en uitbouwen",Dankzij onze mobiele mengers pompen we kant-en-klare mortel direct naar de juiste laagdikte.
zandcement-dekvloer-hoeksche-waard-strijen,Hoeksche Waard Strijen,Hoeksche Waard,Zuid-Holland,Regio Hoeksche Waard,N206,"historische panden, herenhuizen en renovaties",Wij adviseren hier onze droogversneller en Duremit vezels voor een snelle oplevering.
zandcement-dekvloer-hoeksche-waard-numansdorp,Hoeksche Waard Numansdorp,Hoeksche Waard,Zuid-Holland,Regio Hoeksche Waard,N210,"bedrijfspanden, garages en utiliteitsbouw",Onze mixcombinaties verwerken zandcement moeiteloos in smalle straten en op hoogte.
zandcement-dekvloer-hoeksche-waard-mijnsheerenland,Hoeksche Waard Mijnsheerenland,Hoeksche Waard,Zuid-Holland,Regio Hoeksche Waard,A12,"appartementencomplexen, hoogbouw en renovaties",Ideaal te combineren met vloerverwarming of extra verharder voor zware belasting.
zandcement-dekvloer-hoeksche-waard-piershil,Hoeksche Waard Piershil,Hoeksche Waard,Zuid-Holland,Regio Hoeksche Waard,A13,"vrijstaande woningen, kavelbouw en aanbouwen",Snel en krimpvrij gesmeerd met optimale hechting en strakke vlakheid.
zandcement-dekvloer-goeree-overflakkee-middelharnis,Goeree-Overflakkee Middelharnis,Goeree-Overflakkee,Zuid-Holland,Regio Goeree-Overflakkee,A15,"nieuwbouwwijken, gezinswoningen en uitbouwen",Dankzij onze mobiele mengers pompen we kant-en-klare mortel direct naar de juiste laagdikte.
zandcement-dekvloer-goeree-overflakkee-sommelsdijk,Goeree-Overflakkee Sommelsdijk,Goeree-Overflakkee,Zuid-Holland,Regio Goeree-Overflakkee,A16,"historische panden, herenhuizen en renovaties",Wij adviseren hier onze droogversneller en Duremit vezels voor een snelle oplevering.
zandcement-dekvloer-goeree-overflakkee-ouddorp,Goeree-Overflakkee Ouddorp,Goeree-Overflakkee,Zuid-Holland,Regio Goeree-Overflakkee,A20,"bedrijfspanden, garages en utiliteitsbouw",Onze mixcombinaties verwerken zandcement moeiteloos in smalle straten en op hoogte.
zandcement-dekvloer-goeree-overflakkee-dirksland,Goeree-Overflakkee Dirksland,Goeree-Overflakkee,Zuid-Holland,Regio Goeree-Overflakkee,A4,"appartementencomplexen, hoogbouw en renovaties",Ideaal te combineren met vloerverwarming of extra verharder voor zware belasting.
zandcement-dekvloer-goeree-overflakkee-oude-tonge,Goeree-Overflakkee Oude-Tonge,Goeree-Overflakkee,Zuid-Holland,Regio Goeree-Overflakkee,N11,"vrijstaande woningen, kavelbouw en aanbouwen",Snel en krimpvrij gesmeerd met optimale hechting en strakke vlakheid.
zandcement-dekvloer-goeree-overflakkee-stellendam,Goeree-Overflakkee Stellendam,Goeree-Overflakkee,Zuid-Holland,Regio Goeree-Overflakkee,N206,"nieuwbouwwijken, gezinswoningen en uitbouwen",Dankzij onze mobiele mengers pompen we kant-en-klare mortel direct naar de juiste laagdikte.
zandcement-dekvloer-goeree-overflakkee-herkingen,Goeree-Overflakkee Herkingen,Goeree-Overflakkee,Zuid-Holland,Regio Goeree-Overflakkee,N210,"historische panden, herenhuizen en renovaties",Wij adviseren hier onze droogversneller en Duremit vezels voor een snelle oplevering.
zandcement-dekvloer-utrecht,Utrecht,Utrecht,Utrecht,Regio Utrecht,A28,"bedrijfspanden, garages en utiliteitsbouw",Onze mixcombinaties verwerken zandcement moeiteloos in smalle straten en op hoogte.
zandcement-dekvloer-utrecht-leidsche-rijn,Utrecht Leidsche Rijn,Utrecht,Utrecht,Regio Utrecht,N201,"appartementencomplexen, hoogbouw en renovaties",Ideaal te combineren met vloerverwarming of extra verharder voor zware belasting.
zandcement-dekvloer-utrecht-overvecht,Utrecht Overvecht,Utrecht,Utrecht,Regio Utrecht,N228,"vrijstaande woningen, kavelbouw en aanbouwen",Snel en krimpvrij gesmeerd met optimale hechting en strakke vlakheid.
zandcement-dekvloer-utrecht-lombok,Utrecht Lombok,Utrecht,Utrecht,Regio Utrecht,N230,"nieuwbouwwijken, gezinswoningen en uitbouwen",Dankzij onze mobiele mengers pompen we kant-en-klare mortel direct naar de juiste laagdikte.
zandcement-dekvloer-utrecht-oog-in-al,Utrecht Oog in Al,Utrecht,Utrecht,Regio Utrecht,A1,"historische panden, herenhuizen en renovaties",Wij adviseren hier onze droogversneller en Duremit vezels voor een snelle oplevering.
zandcement-dekvloer-utrecht-zuilen,Utrecht Zuilen,Utrecht,Utrecht,Regio Utrecht,A2,"bedrijfspanden, garages en utiliteitsbouw",Onze mixcombinaties verwerken zandcement moeiteloos in smalle straten en op hoogte.
zandcement-dekvloer-utrecht-kanaleneiland,Utrecht Kanaleneiland,Utrecht,Utrecht,Regio Utrecht,A12,"appartementencomplexen, hoogbouw en renovaties",Ideaal te combineren met vloerverwarming of extra verharder voor zware belasting.
zandcement-dekvloer-utrecht-wittevrouwen,Utrecht Wittevrouwen,Utrecht,Utrecht,Regio Utrecht,A27,"vrijstaande woningen, kavelbouw en aanbouwen",Snel en krimpvrij gesmeerd met optimale hechting en strakke vlakheid.
zandcement-dekvloer-utrecht-tuindorp,Utrecht Tuindorp,Utrecht,Utrecht,Regio Utrecht,A28,"nieuwbouwwijken, gezinswoningen en uitbouwen",Dankzij onze mobiele mengers pompen we kant-en-klare mortel direct naar de juiste laagdikte.
zandcement-dekvloer-utrecht-lunetten,Utrecht Lunetten,Utrecht,Utrecht,Regio Utrecht,N201,"historische panden, herenhuizen en renovaties",Wij adviseren hier onze droogversneller en Duremit vezels voor een snelle oplevering.
zandcement-dekvloer-utrecht-vleuten,Utrecht Vleuten,Utrecht,Utrecht,Regio Utrecht,N228,"bedrijfspanden, garages en utiliteitsbouw",Onze mixcombinaties verwerken zandcement moeiteloos in smalle straten en op hoogte.
zandcement-dekvloer-utrecht-de-meern,Utrecht De Meern,Utrecht,Utrecht,Regio Utrecht,N230,"appartementencomplexen, hoogbouw en renovaties",Ideaal te combineren met vloerverwarming of extra verharder voor zware belasting.
zandcement-dekvloer-utrecht-hoograven,Utrecht Hoograven,Utrecht,Utrecht,Regio Utrecht,A1,"vrijstaande woningen, kavelbouw en aanbouwen",Snel en krimpvrij gesmeerd met optimale hechting en strakke vlakheid.
zandcement-dekvloer-amersfoort,Amersfoort,Amersfoort,Utrecht,Regio Amersfoort,A2,"nieuwbouwwijken, gezinswoningen en uitbouwen",Dankzij onze mobiele mengers pompen we kant-en-klare mortel direct naar de juiste laagdikte.
zandcement-dekvloer-amersfoort-vathorst,Amersfoort Vathorst,Amersfoort,Utrecht,Regio Amersfoort,A12,"historische panden, herenhuizen en renovaties",Wij adviseren hier onze droogversneller en Duremit vezels voor een snelle oplevering.
zandcement-dekvloer-amersfoort-kattenbroek,Amersfoort Kattenbroek,Amersfoort,Utrecht,Regio Amersfoort,A27,"bedrijfspanden, garages en utiliteitsbouw",Onze mixcombinaties verwerken zandcement moeiteloos in smalle straten en op hoogte.
zandcement-dekvloer-amersfoort-nieuwland,Amersfoort Nieuwland,Amersfoort,Utrecht,Regio Amersfoort,A28,"appartementencomplexen, hoogbouw en renovaties",Ideaal te combineren met vloerverwarming of extra verharder voor zware belasting.
zandcement-dekvloer-amersfoort-sothorst,Amersfoort Sothorst,Amersfoort,Utrecht,Regio Amersfoort,N201,"vrijstaande woningen, kavelbouw en aanbouwen",Snel en krimpvrij gesmeerd met optimale hechting en strakke vlakheid.
zandcement-dekvloer-amersfoort-schothorst,Amersfoort Schothorst,Amersfoort,Utrecht,Regio Amersfoort,N228,"nieuwbouwwijken, gezinswoningen en uitbouwen",Dankzij onze mobiele mengers pompen we kant-en-klare mortel direct naar de juiste laagdikte.
zandcement-dekvloer-amersfoort-soesterkwartier,Amersfoort Soesterkwartier,Amersfoort,Utrecht,Regio Amersfoort,N230,"historische panden, herenhuizen en renovaties",Wij adviseren hier onze droogversneller en Duremit vezels voor een snelle oplevering.
zandcement-dekvloer-amersfoort-hoogland,Amersfoort Hoogland,Amersfoort,Utrecht,Regio Amersfoort,A1,"bedrijfspanden, garages en utiliteitsbouw",Onze mixcombinaties verwerken zandcement moeiteloos in smalle straten en op hoogte.
zandcement-dekvloer-amersfoort-hooglanderveen,Amersfoort Hooglanderveen,Amersfoort,Utrecht,Regio Amersfoort,A2,"appartementencomplexen, hoogbouw en renovaties",Ideaal te combineren met vloerverwarming of extra verharder voor zware belasting.
zandcement-dekvloer-veenendaal,Veenendaal,Veenendaal,Utrecht,Regio Veenendaal,A12,"vrijstaande woningen, kavelbouw en aanbouwen",Snel en krimpvrij gesmeerd met optimale hechting en strakke vlakheid.
zandcement-dekvloer-veenendaal-west,Veenendaal West,Veenendaal,Utrecht,Regio Veenendaal,A27,"nieuwbouwwijken, gezinswoningen en uitbouwen",Dankzij onze mobiele mengers pompen we kant-en-klare mortel direct naar de juiste laagdikte.
zandcement-dekvloer-veenendaal-oost,Veenendaal Oost,Veenendaal,Utrecht,Regio Veenendaal,A28,"historische panden, herenhuizen en renovaties",Wij adviseren hier onze droogversneller en Duremit vezels voor een snelle oplevering.
zandcement-dekvloer-veenendaal-zuid,Veenendaal Zuid,Veenendaal,Utrecht,Regio Veenendaal,N201,"bedrijfspanden, garages en utiliteitsbouw",Onze mixcombinaties verwerken zandcement moeiteloos in smalle straten en op hoogte.
zandcement-dekvloer-veenendaal-nieuw-geldderland,Veenendaal Nieuw-Geldderland,Veenendaal,Utrecht,Regio Veenendaal,N228,"appartementencomplexen, hoogbouw en renovaties",Ideaal te combineren met vloerverwarming of extra verharder voor zware belasting.
zandcement-dekvloer-zeist,Zeist,Zeist,Utrecht,Regio Zeist,N230,"vrijstaande woningen, kavelbouw en aanbouwen",Snel en krimpvrij gesmeerd met optimale hechting en strakke vlakheid.
zandcement-dekvloer-zeist-den-dolder,Zeist Den Dolder,Zeist,Utrecht,Regio Zeist,A1,"nieuwbouwwijken, gezinswoningen en uitbouwen",Dankzij onze mobiele mengers pompen we kant-en-klare mortel direct naar de juiste laagdikte.
zandcement-dekvloer-zeist-bosch-en-duin,Zeist Bosch en Duin,Zeist,Utrecht,Regio Zeist,A2,"historische panden, herenhuizen en renovaties",Wij adviseren hier onze droogversneller en Duremit vezels voor een snelle oplevering.
zandcement-dekvloer-zeist-austerlitz,Zeist Austerlitz,Zeist,Utrecht,Regio Zeist,A12,"bedrijfspanden, garages en utiliteitsbouw",Onze mixcombinaties verwerken zandcement moeiteloos in smalle straten en op hoogte.
zandcement-dekvloer-zeist-huis-ter-heide,Zeist Huis ter Heide,Zeist,Utrecht,Regio Zeist,A27,"appartementencomplexen, hoogbouw en renovaties",Ideaal te combineren met vloerverwarming of extra verharder voor zware belasting.
zandcement-dekvloer-nieuwegein,Nieuwegein,Nieuwegein,Utrecht,Regio Nieuwegein,A28,"vrijstaande woningen, kavelbouw en aanbouwen",Snel en krimpvrij gesmeerd met optimale hechting en strakke vlakheid.
zandcement-dekvloer-nieuwegein-fokkesteeg,Nieuwegein Fokkesteeg,Nieuwegein,Utrecht,Regio Nieuwegein,N201,"nieuwbouwwijken, gezinswoningen en uitbouwen",Dankzij onze mobiele mengers pompen we kant-en-klare mortel direct naar de juiste laagdikte.
zandcement-dekvloer-nieuwegein-breeschoten,Nieuwegein Breeschoten,Nieuwegein,Utrecht,Regio Nieuwegein,N228,"historische panden, herenhuizen en renovaties",Wij adviseren hier onze droogversneller en Duremit vezels voor een snelle oplevering.
zandcement-dekvloer-nieuwegein-galecop,Nieuwegein Galecop,Nieuwegein,Utrecht,Regio Nieuwegein,N230,"bedrijfspanden, garages en utiliteitsbouw",Onze mixcombinaties verwerken zandcement moeiteloos in smalle straten en op hoogte.
zandcement-dekvloer-nieuwegein-batenburg,Nieuwegein Batenburg,Nieuwegein,Utrecht,Regio Nieuwegein,A1,"appartementencomplexen, hoogbouw en renovaties",Ideaal te combineren met vloerverwarming of extra verharder voor zware belasting.
zandcement-dekvloer-nieuwegein-jutphaas,Nieuwegein Jutphaas,Nieuwegein,Utrecht,Regio Nieuwegein,A2,"vrijstaande woningen, kavelbouw en aanbouwen",Snel en krimpvrij gesmeerd met optimale hechting en strakke vlakheid.
zandcement-dekvloer-woerden,Woerden,Woerden,Utrecht,Regio Woerden,A12,"nieuwbouwwijken, gezinswoningen en uitbouwen",Dankzij onze mobiele mengers pompen we kant-en-klare mortel direct naar de juiste laagdikte.
zandcement-dekvloer-woerden-snel-en-polanen,Woerden Snel en Polanen,Woerden,Utrecht,Regio Woerden,A27,"historische panden, herenhuizen en renovaties",Wij adviseren hier onze droogversneller en Duremit vezels voor een snelle oplevering.
zandcement-dekvloer-woerden-harmelen,Woerden Harmelen,Woerden,Utrecht,Regio Woerden,A28,"bedrijfspanden, garages en utiliteitsbouw",Onze mixcombinaties verwerken zandcement moeiteloos in smalle straten en op hoogte.
zandcement-dekvloer-woerden-kamerik,Woerden Kamerik,Woerden,Utrecht,Regio Woerden,N201,"appartementencomplexen, hoogbouw en renovaties",Ideaal te combineren met vloerverwarming of extra verharder voor zware belasting.
zandcement-dekvloer-woerden-zegveld,Woerden Zegveld,Woerden,Utrecht,Regio Woerden,N228,"vrijstaande woningen, kavelbouw en aanbouwen",Snel en krimpvrij gesmeerd met optimale hechting en strakke vlakheid.
zandcement-dekvloer-houten,Houten,Houten,Utrecht,Regio Houten,N230,"nieuwbouwwijken, gezinswoningen en uitbouwen",Dankzij onze mobiele mengers pompen we kant-en-klare mortel direct naar de juiste laagdikte.
zandcement-dekvloer-houten-schonauwen,Houten Schonauwen,Houten,Utrecht,Regio Houten,A1,"historische panden, herenhuizen en renovaties",Wij adviseren hier onze droogversneller en Duremit vezels voor een snelle oplevering.
zandcement-dekvloer-houten-castellum,Houten Castellum,Houten,Utrecht,Regio Houten,A2,"bedrijfspanden, garages en utiliteitsbouw",Onze mixcombinaties verwerken zandcement moeiteloos in smalle straten en op hoogte.
zandcement-dekvloer-houten-tull-en-t-waal,Houten Tull en t Waal,Houten,Utrecht,Regio Houten,A12,"appartementencomplexen, hoogbouw en renovaties",Ideaal te combineren met vloerverwarming of extra verharder voor zware belasting.
zandcement-dekvloer-houten-t-goy,Houten t Goy,Houten,Utrecht,Regio Houten,A27,"vrijstaande woningen, kavelbouw en aanbouwen",Snel en krimpvrij gesmeerd met optimale hechting en strakke vlakheid.
zandcement-dekvloer-stichtse-vecht-maarssen,Stichtse Vecht Maarssen,Stichtse Vecht,Utrecht,Regio Stichtse Vecht,A28,"nieuwbouwwijken, gezinswoningen en uitbouwen",Dankzij onze mobiele mengers pompen we kant-en-klare mortel direct naar de juiste laagdikte.
zandcement-dekvloer-stichtse-vecht-breukelen,Stichtse Vecht Breukelen,Stichtse Vecht,Utrecht,Regio Stichtse Vecht,N201,"historische panden, herenhuizen en renovaties",Wij adviseren hier onze droogversneller en Duremit vezels voor een snelle oplevering.
zandcement-dekvloer-stichtse-vecht-loenen-aan-de-vecht,Stichtse Vecht Loenen aan de Vecht,Stichtse Vecht,Utrecht,Regio Stichtse Vecht,N228,"bedrijfspanden, garages en utiliteitsbouw",Onze mixcombinaties verwerken zandcement moeiteloos in smalle straten en op hoogte.
zandcement-dekvloer-stichtse-vecht-kockengen,Stichtse Vecht Kockengen,Stichtse Vecht,Utrecht,Regio Stichtse Vecht,N230,"appartementencomplexen, hoogbouw en renovaties",Ideaal te combineren met vloerverwarming of extra verharder voor zware belasting.
zandcement-dekvloer-stichtse-vecht-nieuwer-ter-aa,Stichtse Vecht Nieuwer ter Aa,Stichtse Vecht,Utrecht,Regio Stichtse Vecht,A1,"vrijstaande woningen, kavelbouw en aanbouwen",Snel en krimpvrij gesmeerd met optimale hechting en strakke vlakheid.
zandcement-dekvloer-stichtse-vecht-nieuwersluis,Stichtse Vecht Nieuwersluis,Stichtse Vecht,Utrecht,Regio Stichtse Vecht,A2,"nieuwbouwwijken, gezinswoningen en uitbouwen",Dankzij onze mobiele mengers pompen we kant-en-klare mortel direct naar de juiste laagdikte.
zandcement-dekvloer-de-bilt,De Bilt,De Bilt,Utrecht,Regio De Bilt,A12,"historische panden, herenhuizen en renovaties",Wij adviseren hier onze droogversneller en Duremit vezels voor een snelle oplevering.
zandcement-dekvloer-de-bilt-bilthoven,De Bilt Bilthoven,De Bilt,Utrecht,Regio De Bilt,A27,"bedrijfspanden, garages en utiliteitsbouw",Onze mixcombinaties verwerken zandcement moeiteloos in smalle straten en op hoogte.
zandcement-dekvloer-de-bilt-maartensdijk,De Bilt Maartensdijk,De Bilt,Utrecht,Regio De Bilt,A28,"appartementencomplexen, hoogbouw en renovaties",Ideaal te combineren met vloerverwarming of extra verharder voor zware belasting.
zandcement-dekvloer-de-bilt-westbroek,De Bilt Westbroek,De Bilt,Utrecht,Regio De Bilt,N201,"vrijstaande woningen, kavelbouw en aanbouwen",Snel en krimpvrij gesmeerd met optimale hechting en strakke vlakheid.
zandcement-dekvloer-utrechtse-heuvelrug-doorn,Utrechtse Heuvelrug Doorn,Utrechtse Heuvelrug,Utrecht,Regio Utrechtse Heuvelrug,N228,"nieuwbouwwijken, gezinswoningen en uitbouwen",Dankzij onze mobiele mengers pompen we kant-en-klare mortel direct naar de juiste laagdikte.
zandcement-dekvloer-utrechtse-heuvelrug-driebergen-rijsenburg,Utrechtse Heuvelrug Driebergen-Rijsenburg,Utrechtse Heuvelrug,Utrecht,Regio Utrechtse Heuvelrug,N230,"historische panden, herenhuizen en renovaties",Wij adviseren hier onze droogversneller en Duremit vezels voor een snelle oplevering.
zandcement-dekvloer-utrechtse-heuvelrug-leersum,Utrechtse Heuvelrug Leersum,Utrechtse Heuvelrug,Utrecht,Regio Utrechtse Heuvelrug,A1,"bedrijfspanden, garages en utiliteitsbouw",Onze mixcombinaties verwerken zandcement moeiteloos in smalle straten en op hoogte.
zandcement-dekvloer-utrechtse-heuvelrug-amerongen,Utrechtse Heuvelrug Amerongen,Utrechtse Heuvelrug,Utrecht,Regio Utrechtse Heuvelrug,A2,"appartementencomplexen, hoogbouw en renovaties",Ideaal te combineren met vloerverwarming of extra verharder voor zware belasting.
zandcement-dekvloer-utrechtse-heuvelrug-maarn,Utrechtse Heuvelrug Maarn,Utrechtse Heuvelrug,Utrecht,Regio Utrechtse Heuvelrug,A12,"vrijstaande woningen, kavelbouw en aanbouwen",Snel en krimpvrij gesmeerd met optimale hechting en strakke vlakheid.
zandcement-dekvloer-utrechtse-heuvelrug-overberg,Utrechtse Heuvelrug Overberg,Utrechtse Heuvelrug,Utrecht,Regio Utrechtse Heuvelrug,A27,"nieuwbouwwijken, gezinswoningen en uitbouwen",Dankzij onze mobiele mengers pompen we kant-en-klare mortel direct naar de juiste laagdikte.
zandcement-dekvloer-eindhoven,Eindhoven,Eindhoven,Noord-Brabant,Regio Eindhoven,A16,"historische panden, herenhuizen en renovaties",Wij adviseren hier onze droogversneller en Duremit vezels voor een snelle oplevering.
zandcement-dekvloer-eindhoven-strijp-s,Eindhoven Strijp-S,Eindhoven,Noord-Brabant,Regio Eindhoven,A50,"bedrijfspanden, garages en utiliteitsbouw",Onze mixcombinaties verwerken zandcement moeiteloos in smalle straten en op hoogte.
zandcement-dekvloer-eindhoven-woensel,Eindhoven Woensel,Eindhoven,Noord-Brabant,Regio Eindhoven,A58,"appartementencomplexen, hoogbouw en renovaties",Ideaal te combineren met vloerverwarming of extra verharder voor zware belasting.
zandcement-dekvloer-eindhoven-gestel,Eindhoven Gestel,Eindhoven,Noord-Brabant,Regio Eindhoven,A59,"vrijstaande woningen, kavelbouw en aanbouwen",Snel en krimpvrij gesmeerd met optimale hechting en strakke vlakheid.
zandcement-dekvloer-eindhoven-stratum,Eindhoven Stratum,Eindhoven,Noord-Brabant,Regio Eindhoven,A67,"nieuwbouwwijken, gezinswoningen en uitbouwen",Dankzij onze mobiele mengers pompen we kant-en-klare mortel direct naar de juiste laagdikte.
zandcement-dekvloer-eindhoven-tongelre,Eindhoven Tongelre,Eindhoven,Noord-Brabant,Regio Eindhoven,N279,"historische panden, herenhuizen en renovaties",Wij adviseren hier onze droogversneller en Duremit vezels voor een snelle oplevering.
zandcement-dekvloer-eindhoven-meerhoven,Eindhoven Meerhoven,Eindhoven,Noord-Brabant,Regio Eindhoven,A2,"bedrijfspanden, garages en utiliteitsbouw",Onze mixcombinaties verwerken zandcement moeiteloos in smalle straten en op hoogte.
zandcement-dekvloer-tilburg,Tilburg,Tilburg,Noord-Brabant,Regio Tilburg,A16,"appartementencomplexen, hoogbouw en renovaties",Ideaal te combineren met vloerverwarming of extra verharder voor zware belasting.
zandcement-dekvloer-tilburg-reeshof,Tilburg Reeshof,Tilburg,Noord-Brabant,Regio Tilburg,A50,"vrijstaande woningen, kavelbouw en aanbouwen",Snel en krimpvrij gesmeerd met optimale hechting en strakke vlakheid.
zandcement-dekvloer-tilburg-noord,Tilburg Noord,Tilburg,Noord-Brabant,Regio Tilburg,A58,"nieuwbouwwijken, gezinswoningen en uitbouwen",Dankzij onze mobiele mengers pompen we kant-en-klare mortel direct naar de juiste laagdikte.
zandcement-dekvloer-tilburg-oud-zuid,Tilburg Oud-Zuid,Tilburg,Noord-Brabant,Regio Tilburg,A59,"historische panden, herenhuizen en renovaties",Wij adviseren hier onze droogversneller en Duremit vezels voor een snelle oplevering.
zandcement-dekvloer-tilburg-west,Tilburg West,Tilburg,Noord-Brabant,Regio Tilburg,A67,"bedrijfspanden, garages en utiliteitsbouw",Onze mixcombinaties verwerken zandcement moeiteloos in smalle straten en op hoogte.
zandcement-dekvloer-tilburg-berkel-enschot,Tilburg Berkel-Enschot,Tilburg,Noord-Brabant,Regio Tilburg,N279,"appartementencomplexen, hoogbouw en renovaties",Ideaal te combineren met vloerverwarming of extra verharder voor zware belasting.
zandcement-dekvloer-tilburg-udenhout,Tilburg Udenhout,Tilburg,Noord-Brabant,Regio Tilburg,A2,"vrijstaande woningen, kavelbouw en aanbouwen",Snel en krimpvrij gesmeerd met optimale hechting en strakke vlakheid.
zandcement-dekvloer-breda,Breda,Breda,Noord-Brabant,Regio Breda,A16,"nieuwbouwwijken, gezinswoningen en uitbouwen",Dankzij onze mobiele mengers pompen we kant-en-klare mortel direct naar de juiste laagdikte.
zandcement-dekvloer-breda-haagse-beemden,Breda Haagse Beemden,Breda,Noord-Brabant,Regio Breda,A50,"historische panden, herenhuizen en renovaties",Wij adviseren hier onze droogversneller en Duremit vezels voor een snelle oplevering.
zandcement-dekvloer-breda-ginneken,Breda Ginneken,Breda,Noord-Brabant,Regio Breda,A58,"bedrijfspanden, garages en utiliteitsbouw",Onze mixcombinaties verwerken zandcement moeiteloos in smalle straten en op hoogte.
zandcement-dekvloer-breda-bavel,Breda Bavel,Breda,Noord-Brabant,Regio Breda,A59,"appartementencomplexen, hoogbouw en renovaties",Ideaal te combineren met vloerverwarming of extra verharder voor zware belasting.
zandcement-dekvloer-breda-prinsenbeek,Breda Prinsenbeek,Breda,Noord-Brabant,Regio Breda,A67,"vrijstaande woningen, kavelbouw en aanbouwen",Snel en krimpvrij gesmeerd met optimale hechting en strakke vlakheid.
zandcement-dekvloer-breda-ulvenhout,Breda Ulvenhout,Breda,Noord-Brabant,Regio Breda,N279,"nieuwbouwwijken, gezinswoningen en uitbouwen",Dankzij onze mobiele mengers pompen we kant-en-klare mortel direct naar de juiste laagdikte.
zandcement-dekvloer-breda-teteringen,Breda Teteringen,Breda,Noord-Brabant,Regio Breda,A2,"historische panden, herenhuizen en renovaties",Wij adviseren hier onze droogversneller en Duremit vezels voor een snelle oplevering.
zandcement-dekvloer-s-hertogenbosch,s-Hertogenbosch,s-Hertogenbosch,Noord-Brabant,Regio s-Hertogenbosch,A16,"bedrijfspanden, garages en utiliteitsbouw",Onze mixcombinaties verwerken zandcement moeiteloos in smalle straten en op hoogte.
zandcement-dekvloer-s-hertogenbosch-rosmalen,s-Hertogenbosch Rosmalen,s-Hertogenbosch,Noord-Brabant,Regio s-Hertogenbosch,A50,"appartementencomplexen, hoogbouw en renovaties",Ideaal te combineren met vloerverwarming of extra verharder voor zware belasting.
zandcement-dekvloer-s-hertogenbosch-empel,s-Hertogenbosch Empel,s-Hertogenbosch,Noord-Brabant,Regio s-Hertogenbosch,A58,"vrijstaande woningen, kavelbouw en aanbouwen",Snel en krimpvrij gesmeerd met optimale hechting en strakke vlakheid.
zandcement-dekvloer-s-hertogenbosch-engelen,s-Hertogenbosch Engelen,s-Hertogenbosch,Noord-Brabant,Regio s-Hertogenbosch,A59,"nieuwbouwwijken, gezinswoningen en uitbouwen",Dankzij onze mobiele mengers pompen we kant-en-klare mortel direct naar de juiste laagdikte.
zandcement-dekvloer-s-hertogenbosch-maaspoort,s-Hertogenbosch Maaspoort,s-Hertogenbosch,Noord-Brabant,Regio s-Hertogenbosch,A67,"historische panden, herenhuizen en renovaties",Wij adviseren hier onze droogversneller en Duremit vezels voor een snelle oplevering.
zandcement-dekvloer-s-hertogenbosch-muntel,s-Hertogenbosch Muntel,s-Hertogenbosch,Noord-Brabant,Regio s-Hertogenbosch,N279,"bedrijfspanden, garages en utiliteitsbouw",Onze mixcombinaties verwerken zandcement moeiteloos in smalle straten en op hoogte.
zandcement-dekvloer-s-hertogenbosch-west,s-Hertogenbosch West,s-Hertogenbosch,Noord-Brabant,Regio s-Hertogenbosch,A2,"appartementencomplexen, hoogbouw en renovaties",Ideaal te combineren met vloerverwarming of extra verharder voor zware belasting.
zandcement-dekvloer-helmond,Helmond,Helmond,Noord-Brabant,Regio Helmond,A16,"vrijstaande woningen, kavelbouw en aanbouwen",Snel en krimpvrij gesmeerd met optimale hechting en strakke vlakheid.
zandcement-dekvloer-helmond-brandevoort,Helmond Brandevoort,Helmond,Noord-Brabant,Regio Helmond,A50,"nieuwbouwwijken, gezinswoningen en uitbouwen",Dankzij onze mobiele mengers pompen we kant-en-klare mortel direct naar de juiste laagdikte.
zandcement-dekvloer-helmond-stiphout,Helmond Stiphout,Helmond,Noord-Brabant,Regio Helmond,A58,"historische panden, herenhuizen en renovaties",Wij adviseren hier onze droogversneller en Duremit vezels voor een snelle oplevering.
zandcement-dekvloer-helmond-mierlo-hout,Helmond Mierlo-Hout,Helmond,Noord-Brabant,Regio Helmond,A59,"bedrijfspanden, garages en utiliteitsbouw",Onze mixcombinaties verwerken zandcement moeiteloos in smalle straten en op hoogte.
zandcement-dekvloer-helmond-rijpelberg,Helmond Rijpelberg,Helmond,Noord-Brabant,Regio Helmond,A67,"appartementencomplexen, hoogbouw en renovaties",Ideaal te combineren met vloerverwarming of extra verharder voor zware belasting.
zandcement-dekvloer-helmond-brouwhuis,Helmond Brouwhuis,Helmond,Noord-Brabant,Regio Helmond,N279,"vrijstaande woningen, kavelbouw en aanbouwen",Snel en krimpvrij gesmeerd met optimale hechting en strakke vlakheid.
zandcement-dekvloer-roosendaal,Roosendaal,Roosendaal,Noord-Brabant,Regio Roosendaal,A2,"nieuwbouwwijken, gezinswoningen en uitbouwen",Dankzij onze mobiele mengers pompen we kant-en-klare mortel direct naar de juiste laagdikte.
zandcement-dekvloer-roosendaal-kortendijk,Roosendaal Kortendijk,Roosendaal,Noord-Brabant,Regio Roosendaal,A16,"historische panden, herenhuizen en renovaties",Wij adviseren hier onze droogversneller en Duremit vezels voor een snelle oplevering.
zandcement-dekvloer-roosendaal-langdonk,Roosendaal Langdonk,Roosendaal,Noord-Brabant,Regio Roosendaal,A50,"bedrijfspanden, garages en utiliteitsbouw",Onze mixcombinaties verwerken zandcement moeiteloos in smalle straten en op hoogte.
zandcement-dekvloer-roosendaal-tolberg,Roosendaal Tolberg,Roosendaal,Noord-Brabant,Regio Roosendaal,A58,"appartementencomplexen, hoogbouw en renovaties",Ideaal te combineren met vloerverwarming of extra verharder voor zware belasting.
zandcement-dekvloer-roosendaal-wouw,Roosendaal Wouw,Roosendaal,Noord-Brabant,Regio Roosendaal,A59,"vrijstaande woningen, kavelbouw en aanbouwen",Snel en krimpvrij gesmeerd met optimale hechting en strakke vlakheid.
zandcement-dekvloer-roosendaal-nispen,Roosendaal Nispen,Roosendaal,Noord-Brabant,Regio Roosendaal,A67,"nieuwbouwwijken, gezinswoningen en uitbouwen",Dankzij onze mobiele mengers pompen we kant-en-klare mortel direct naar de juiste laagdikte.
zandcement-dekvloer-bergen-op-zoom,Bergen op Zoom,Bergen op Zoom,Noord-Brabant,Regio Bergen op Zoom,N279,"historische panden, herenhuizen en renovaties",Wij adviseren hier onze droogversneller en Duremit vezels voor een snelle oplevering.
zandcement-dekvloer-bergen-op-zoom-meerenakker,Bergen op Zoom Meerenakker,Bergen op Zoom,Noord-Brabant,Regio Bergen op Zoom,A2,"bedrijfspanden, garages en utiliteitsbouw",Onze mixcombinaties verwerken zandcement moeiteloos in smalle straten en op hoogte.
zandcement-dekvloer-bergen-op-zoom-gageldonk,Bergen op Zoom Gageldonk,Bergen op Zoom,Noord-Brabant,Regio Bergen op Zoom,A16,"appartementencomplexen, hoogbouw en renovaties",Ideaal te combineren met vloerverwarming of extra verharder voor zware belasting.
zandcement-dekvloer-bergen-op-zoom-halsteren,Bergen op Zoom Halsteren,Bergen op Zoom,Noord-Brabant,Regio Bergen op Zoom,A50,"vrijstaande woningen, kavelbouw en aanbouwen",Snel en krimpvrij gesmeerd met optimale hechting en strakke vlakheid.
zandcement-dekvloer-bergen-op-zoom-lepelstraat,Bergen op Zoom Lepelstraat,Bergen op Zoom,Noord-Brabant,Regio Bergen op Zoom,A58,"nieuwbouwwijken, gezinswoningen en uitbouwen",Dankzij onze mobiele mengers pompen we kant-en-klare mortel direct naar de juiste laagdikte.
zandcement-dekvloer-oss,Oss,Oss,Noord-Brabant,Regio Oss,A59,"historische panden, herenhuizen en renovaties",Wij adviseren hier onze droogversneller en Duremit vezels voor een snelle oplevering.
zandcement-dekvloer-oss-ussen,Oss Ussen,Oss,Noord-Brabant,Regio Oss,A67,"bedrijfspanden, garages en utiliteitsbouw",Onze mixcombinaties verwerken zandcement moeiteloos in smalle straten en op hoogte.
zandcement-dekvloer-oss-ruwaard,Oss Ruwaard,Oss,Noord-Brabant,Regio Oss,N279,"appartementencomplexen, hoogbouw en renovaties",Ideaal te combineren met vloerverwarming of extra verharder voor zware belasting.
zandcement-dekvloer-oss-berghem,Oss Berghem,Oss,Noord-Brabant,Regio Oss,A2,"vrijstaande woningen, kavelbouw en aanbouwen",Snel en krimpvrij gesmeerd met optimale hechting en strakke vlakheid.
zandcement-dekvloer-oss-geffen,Oss Geffen,Oss,Noord-Brabant,Regio Oss,A16,"nieuwbouwwijken, gezinswoningen en uitbouwen",Dankzij onze mobiele mengers pompen we kant-en-klare mortel direct naar de juiste laagdikte.
zandcement-dekvloer-oss-lith,Oss Lith,Oss,Noord-Brabant,Regio Oss,A50,"historische panden, herenhuizen en renovaties",Wij adviseren hier onze droogversneller en Duremit vezels voor een snelle oplevering.
zandcement-dekvloer-oss-ravenstein,Oss Ravenstein,Oss,Noord-Brabant,Regio Oss,A58,"bedrijfspanden, garages en utiliteitsbouw",Onze mixcombinaties verwerken zandcement moeiteloos in smalle straten en op hoogte.
zandcement-dekvloer-meierijstad-veghel,Meierijstad Veghel,Meierijstad,Noord-Brabant,Regio Meierijstad,A59,"appartementencomplexen, hoogbouw en renovaties",Ideaal te combineren met vloerverwarming of extra verharder voor zware belasting.
zandcement-dekvloer-meierijstad-schijndel,Meierijstad Schijndel,Meierijstad,Noord-Brabant,Regio Meierijstad,A67,"vrijstaande woningen, kavelbouw en aanbouwen",Snel en krimpvrij gesmeerd met optimale hechting en strakke vlakheid.
zandcement-dekvloer-meierijstad-sint-oedenrode,Meierijstad Sint-Oedenrode,Meierijstad,Noord-Brabant,Regio Meierijstad,N279,"nieuwbouwwijken, gezinswoningen en uitbouwen",Dankzij onze mobiele mengers pompen we kant-en-klare mortel direct naar de juiste laagdikte.
zandcement-dekvloer-meierijstad-erp,Meierijstad Erp,Meierijstad,Noord-Brabant,Regio Meierijstad,A2,"historische panden, herenhuizen en renovaties",Wij adviseren hier onze droogversneller en Duremit vezels voor een snelle oplevering.
zandcement-dekvloer-meierijstad-eerde,Meierijstad Eerde,Meierijstad,Noord-Brabant,Regio Meierijstad,A16,"bedrijfspanden, garages en utiliteitsbouw",Onze mixcombinaties verwerken zandcement moeiteloos in smalle straten en op hoogte.
zandcement-dekvloer-meierijstad-zijtaart,Meierijstad Zijtaart,Meierijstad,Noord-Brabant,Regio Meierijstad,A50,"appartementencomplexen, hoogbouw en renovaties",Ideaal te combineren met vloerverwarming of extra verharder voor zware belasting.
zandcement-dekvloer-maashorst-uden,Maashorst Uden,Maashorst,Noord-Brabant,Regio Maashorst,A58,"vrijstaande woningen, kavelbouw en aanbouwen",Snel en krimpvrij gesmeerd met optimale hechting en strakke vlakheid.
zandcement-dekvloer-maashorst-volkel,Maashorst Volkel,Maashorst,Noord-Brabant,Regio Maashorst,A59,"nieuwbouwwijken, gezinswoningen en uitbouwen",Dankzij onze mobiele mengers pompen we kant-en-klare mortel direct naar de juiste laagdikte.
zandcement-dekvloer-maashorst-odiliapeel,Maashorst Odiliapeel,Maashorst,Noord-Brabant,Regio Maashorst,A67,"historische panden, herenhuizen en renovaties",Wij adviseren hier onze droogversneller en Duremit vezels voor een snelle oplevering.
zandcement-dekvloer-maashorst-zeeland,Maashorst Zeeland,Maashorst,Noord-Brabant,Regio Maashorst,N279,"bedrijfspanden, garages en utiliteitsbouw",Onze mixcombinaties verwerken zandcement moeiteloos in smalle straten en op hoogte.
zandcement-dekvloer-maashorst-reek,Maashorst Reek,Maashorst,Noord-Brabant,Regio Maashorst,A2,"appartementencomplexen, hoogbouw en renovaties",Ideaal te combineren met vloerverwarming of extra verharder voor zware belasting.
zandcement-dekvloer-nijmegen,Nijmegen,Nijmegen,Gelderland,Regio Nijmegen,A12,"vrijstaande woningen, kavelbouw en aanbouwen",Snel en krimpvrij gesmeerd met optimale hechting en strakke vlakheid.
zandcement-dekvloer-nijmegen-dukenburg,Nijmegen Dukenburg,Nijmegen,Gelderland,Regio Nijmegen,A15,"nieuwbouwwijken, gezinswoningen en uitbouwen",Dankzij onze mobiele mengers pompen we kant-en-klare mortel direct naar de juiste laagdikte.
zandcement-dekvloer-nijmegen-lindenholt,Nijmegen Lindenholt,Nijmegen,Gelderland,Regio Nijmegen,A18,"historische panden, herenhuizen en renovaties",Wij adviseren hier onze droogversneller en Duremit vezels voor een snelle oplevering.
zandcement-dekvloer-nijmegen-nijmegen-noord,Nijmegen Nijmegen-Noord,Nijmegen,Gelderland,Regio Nijmegen,A50,"bedrijfspanden, garages en utiliteitsbouw",Onze mixcombinaties verwerken zandcement moeiteloos in smalle straten en op hoogte.
zandcement-dekvloer-nijmegen-oosterhout,Nijmegen Oosterhout,Nijmegen,Gelderland,Regio Nijmegen,A73,"appartementencomplexen, hoogbouw en renovaties",Ideaal te combineren met vloerverwarming of extra verharder voor zware belasting.
zandcement-dekvloer-nijmegen-hatert,Nijmegen Hatert,Nijmegen,Gelderland,Regio Nijmegen,N325,"vrijstaande woningen, kavelbouw en aanbouwen",Snel en krimpvrij gesmeerd met optimale hechting en strakke vlakheid.
zandcement-dekvloer-nijmegen-goffert,Nijmegen Goffert,Nijmegen,Gelderland,Regio Nijmegen,A1,"nieuwbouwwijken, gezinswoningen en uitbouwen",Dankzij onze mobiele mengers pompen we kant-en-klare mortel direct naar de juiste laagdikte.
zandcement-dekvloer-arnhem,Arnhem,Arnhem,Gelderland,Regio Arnhem,A12,"historische panden, herenhuizen en renovaties",Wij adviseren hier onze droogversneller en Duremit vezels voor een snelle oplevering.
zandcement-dekvloer-arnhem-presikhaaf,Arnhem Presikhaaf,Arnhem,Gelderland,Regio Arnhem,A15,"bedrijfspanden, garages en utiliteitsbouw",Onze mixcombinaties verwerken zandcement moeiteloos in smalle straten en op hoogte.
zandcement-dekvloer-arnhem-elden,Arnhem Elden,Arnhem,Gelderland,Regio Arnhem,A18,"appartementencomplexen, hoogbouw en renovaties",Ideaal te combineren met vloerverwarming of extra verharder voor zware belasting.
zandcement-dekvloer-arnhem-schuytgraaf,Arnhem Schuytgraaf,Arnhem,Gelderland,Regio Arnhem,A50,"vrijstaande woningen, kavelbouw en aanbouwen",Snel en krimpvrij gesmeerd met optimale hechting en strakke vlakheid.
zandcement-dekvloer-arnhem-klarendal,Arnhem Klarendal,Arnhem,Gelderland,Regio Arnhem,A73,"nieuwbouwwijken, gezinswoningen en uitbouwen",Dankzij onze mobiele mengers pompen we kant-en-klare mortel direct naar de juiste laagdikte.
zandcement-dekvloer-arnhem-velp-grens,Arnhem Velp-grens,Arnhem,Gelderland,Regio Arnhem,N325,"historische panden, herenhuizen en renovaties",Wij adviseren hier onze droogversneller en Duremit vezels voor een snelle oplevering.
zandcement-dekvloer-arnhem-sonsbeek,Arnhem Sonsbeek,Arnhem,Gelderland,Regio Arnhem,A1,"bedrijfspanden, garages en utiliteitsbouw",Onze mixcombinaties verwerken zandcement moeiteloos in smalle straten en op hoogte.
zandcement-dekvloer-apeldoorn,Apeldoorn,Apeldoorn,Gelderland,Regio Apeldoorn,A12,"appartementencomplexen, hoogbouw en renovaties",Ideaal te combineren met vloerverwarming of extra verharder voor zware belasting.
zandcement-dekvloer-apeldoorn-maten,Apeldoorn Maten,Apeldoorn,Gelderland,Regio Apeldoorn,A15,"vrijstaande woningen, kavelbouw en aanbouwen",Snel en krimpvrij gesmeerd met optimale hechting en strakke vlakheid.
zandcement-dekvloer-apeldoorn-zevenhuizen,Apeldoorn Zevenhuizen,Apeldoorn,Gelderland,Regio Apeldoorn,A18,"nieuwbouwwijken, gezinswoningen en uitbouwen",Dankzij onze mobiele mengers pompen we kant-en-klare mortel direct naar de juiste laagdikte.
zandcement-dekvloer-apeldoorn-osseveld,Apeldoorn Osseveld,Apeldoorn,Gelderland,Regio Apeldoorn,A50,"historische panden, herenhuizen en renovaties",Wij adviseren hier onze droogversneller en Duremit vezels voor een snelle oplevering.
zandcement-dekvloer-apeldoorn-uddel,Apeldoorn Uddel,Apeldoorn,Gelderland,Regio Apeldoorn,A73,"bedrijfspanden, garages en utiliteitsbouw",Onze mixcombinaties verwerken zandcement moeiteloos in smalle straten en op hoogte.
zandcement-dekvloer-apeldoorn-hoenderloo,Apeldoorn Hoenderloo,Apeldoorn,Gelderland,Regio Apeldoorn,N325,"appartementencomplexen, hoogbouw en renovaties",Ideaal te combineren met vloerverwarming of extra verharder voor zware belasting.
zandcement-dekvloer-apeldoorn-beekbergen,Apeldoorn Beekbergen,Apeldoorn,Gelderland,Regio Apeldoorn,A1,"vrijstaande woningen, kavelbouw en aanbouwen",Snel en krimpvrij gesmeerd met optimale hechting en strakke vlakheid.
zandcement-dekvloer-apeldoorn-loenen,Apeldoorn Loenen,Apeldoorn,Gelderland,Regio Apeldoorn,A12,"nieuwbouwwijken, gezinswoningen en uitbouwen",Dankzij onze mobiele mengers pompen we kant-en-klare mortel direct naar de juiste laagdikte.
zandcement-dekvloer-ede,Ede,Ede,Gelderland,Regio Ede,A15,"historische panden, herenhuizen en renovaties",Wij adviseren hier onze droogversneller en Duremit vezels voor een snelle oplevering.
zandcement-dekvloer-ede-veldhuizen,Ede Veldhuizen,Ede,Gelderland,Regio Ede,A18,"bedrijfspanden, garages en utiliteitsbouw",Onze mixcombinaties verwerken zandcement moeiteloos in smalle straten en op hoogte.
zandcement-dekvloer-ede-rietkampen,Ede Rietkampen,Ede,Gelderland,Regio Ede,A50,"appartementencomplexen, hoogbouw en renovaties",Ideaal te combineren met vloerverwarming of extra verharder voor zware belasting.
zandcement-dekvloer-ede-bennekom,Ede Bennekom,Ede,Gelderland,Regio Ede,A73,"vrijstaande woningen, kavelbouw en aanbouwen",Snel en krimpvrij gesmeerd met optimale hechting en strakke vlakheid.
zandcement-dekvloer-ede-lunteren,Ede Lunteren,Ede,Gelderland,Regio Ede,N325,"nieuwbouwwijken, gezinswoningen en uitbouwen",Dankzij onze mobiele mengers pompen we kant-en-klare mortel direct naar de juiste laagdikte.
zandcement-dekvloer-ede-ederveen,Ede Ederveen,Ede,Gelderland,Regio Ede,A1,"historische panden, herenhuizen en renovaties",Wij adviseren hier onze droogversneller en Duremit vezels voor een snelle oplevering.
zandcement-dekvloer-ede-harskamp,Ede Harskamp,Ede,Gelderland,Regio Ede,A12,"bedrijfspanden, garages en utiliteitsbouw",Onze mixcombinaties verwerken zandcement moeiteloos in smalle straten en op hoogte.
zandcement-dekvloer-ede-otterlo,Ede Otterlo,Ede,Gelderland,Regio Ede,A15,"appartementencomplexen, hoogbouw en renovaties",Ideaal te combineren met vloerverwarming of extra verharder voor zware belasting.
zandcement-dekvloer-doetinchem,Doetinchem,Doetinchem,Gelderland,Regio Doetinchem,A18,"vrijstaande woningen, kavelbouw en aanbouwen",Snel en krimpvrij gesmeerd met optimale hechting en strakke vlakheid.
zandcement-dekvloer-doetinchem-de-huet,Doetinchem De Huet,Doetinchem,Gelderland,Regio Doetinchem,A50,"nieuwbouwwijken, gezinswoningen en uitbouwen",Dankzij onze mobiele mengers pompen we kant-en-klare mortel direct naar de juiste laagdikte.
zandcement-dekvloer-doetinchem-overstegen,Doetinchem Overstegen,Doetinchem,Gelderland,Regio Doetinchem,A73,"historische panden, herenhuizen en renovaties",Wij adviseren hier onze droogversneller en Duremit vezels voor een snelle oplevering.
zandcement-dekvloer-doetinchem-wehl,Doetinchem Wehl,Doetinchem,Gelderland,Regio Doetinchem,N325,"bedrijfspanden, garages en utiliteitsbouw",Onze mixcombinaties verwerken zandcement moeiteloos in smalle straten en op hoogte.
zandcement-dekvloer-doetinchem-gaanderen,Doetinchem Gaanderen,Doetinchem,Gelderland,Regio Doetinchem,A1,"appartementencomplexen, hoogbouw en renovaties",Ideaal te combineren met vloerverwarming of extra verharder voor zware belasting.
zandcement-dekvloer-barneveld-barneveld-dorp,Barneveld Barneveld-dorp,Barneveld,Gelderland,Regio Barneveld,A12,"vrijstaande woningen, kavelbouw en aanbouwen",Snel en krimpvrij gesmeerd met optimale hechting en strakke vlakheid.
zandcement-dekvloer-barneveld-voorthuizen,Barneveld Voorthuizen,Barneveld,Gelderland,Regio Barneveld,A15,"nieuwbouwwijken, gezinswoningen en uitbouwen",Dankzij onze mobiele mengers pompen we kant-en-klare mortel direct naar de juiste laagdikte.
zandcement-dekvloer-barneveld-kootwijk,Barneveld Kootwijk,Barneveld,Gelderland,Regio Barneveld,A18,"historische panden, herenhuizen en renovaties",Wij adviseren hier onze droogversneller en Duremit vezels voor een snelle oplevering.
zandcement-dekvloer-barneveld-garderen,Barneveld Garderen,Barneveld,Gelderland,Regio Barneveld,A50,"bedrijfspanden, garages en utiliteitsbouw",Onze mixcombinaties verwerken zandcement moeiteloos in smalle straten en op hoogte.
zandcement-dekvloer-barneveld-stroe,Barneveld Stroe,Barneveld,Gelderland,Regio Barneveld,A73,"appartementencomplexen, hoogbouw en renovaties",Ideaal te combineren met vloerverwarming of extra verharder voor zware belasting.
zandcement-dekvloer-barneveld-terschuur,Barneveld Terschuur,Barneveld,Gelderland,Regio Barneveld,N325,"vrijstaande woningen, kavelbouw en aanbouwen",Snel en krimpvrij gesmeerd met optimale hechting en strakke vlakheid.
zandcement-dekvloer-barneveld-zwartebroek,Barneveld Zwartebroek,Barneveld,Gelderland,Regio Barneveld,A1,"nieuwbouwwijken, gezinswoningen en uitbouwen",Dankzij onze mobiele mengers pompen we kant-en-klare mortel direct naar de juiste laagdikte.
zandcement-dekvloer-overbetuwe-elst,Overbetuwe Elst,Overbetuwe,Gelderland,Regio Overbetuwe,A12,"historische panden, herenhuizen en renovaties",Wij adviseren hier onze droogversneller en Duremit vezels voor een snelle oplevering.
zandcement-dekvloer-overbetuwe-zetten,Overbetuwe Zetten,Overbetuwe,Gelderland,Regio Overbetuwe,A15,"bedrijfspanden, garages en utiliteitsbouw",Onze mixcombinaties verwerken zandcement moeiteloos in smalle straten en op hoogte.
zandcement-dekvloer-overbetuwe-driel,Overbetuwe Driel,Overbetuwe,Gelderland,Regio Overbetuwe,A18,"appartementencomplexen, hoogbouw en renovaties",Ideaal te combineren met vloerverwarming of extra verharder voor zware belasting.
zandcement-dekvloer-overbetuwe-heteren,Overbetuwe Heteren,Overbetuwe,Gelderland,Regio Overbetuwe,A50,"vrijstaande woningen, kavelbouw en aanbouwen",Snel en krimpvrij gesmeerd met optimale hechting en strakke vlakheid.
zandcement-dekvloer-overbetuwe-andelst,Overbetuwe Andelst,Overbetuwe,Gelderland,Regio Overbetuwe,A73,"nieuwbouwwijken, gezinswoningen en uitbouwen",Dankzij onze mobiele mengers pompen we kant-en-klare mortel direct naar de juiste laagdikte.
zandcement-dekvloer-overbetuwe-valburg,Overbetuwe Valburg,Overbetuwe,Gelderland,Regio Overbetuwe,N325,"historische panden, herenhuizen en renovaties",Wij adviseren hier onze droogversneller en Duremit vezels voor een snelle oplevering.
zandcement-dekvloer-lingewaard-bemmel,Lingewaard Bemmel,Lingewaard,Gelderland,Regio Lingewaard,A1,"bedrijfspanden, garages en utiliteitsbouw",Onze mixcombinaties verwerken zandcement moeiteloos in smalle straten en op hoogte.
zandcement-dekvloer-lingewaard-huissen,Lingewaard Huissen,Lingewaard,Gelderland,Regio Lingewaard,A12,"appartementencomplexen, hoogbouw en renovaties",Ideaal te combineren met vloerverwarming of extra verharder voor zware belasting.
zandcement-dekvloer-lingewaard-gendt,Lingewaard Gendt,Lingewaard,Gelderland,Regio Lingewaard,A15,"vrijstaande woningen, kavelbouw en aanbouwen",Snel en krimpvrij gesmeerd met optimale hechting en strakke vlakheid.
zandcement-dekvloer-lingewaard-angeren,Lingewaard Angeren,Lingewaard,Gelderland,Regio Lingewaard,A18,"nieuwbouwwijken, gezinswoningen en uitbouwen",Dankzij onze mobiele mengers pompen we kant-en-klare mortel direct naar de juiste laagdikte.
zandcement-dekvloer-lingewaard-doornenburg,Lingewaard Doornenburg,Lingewaard,Gelderland,Regio Lingewaard,A50,"historische panden, herenhuizen en renovaties",Wij adviseren hier onze droogversneller en Duremit vezels voor een snelle oplevering.
zandcement-dekvloer-zwolle,Zwolle,Zwolle,Overijssel,Regio Zwolle,A1,"bedrijfspanden, garages en utiliteitsbouw",Onze mixcombinaties verwerken zandcement moeiteloos in smalle straten en op hoogte.
zandcement-dekvloer-zwolle-stadshagen,Zwolle Stadshagen,Zwolle,Overijssel,Regio Zwolle,A28,"appartementencomplexen, hoogbouw en renovaties",Ideaal te combineren met vloerverwarming of extra verharder voor zware belasting.
zandcement-dekvloer-zwolle-aa-landen,Zwolle Aa-landen,Zwolle,Overijssel,Regio Zwolle,A35,"vrijstaande woningen, kavelbouw en aanbouwen",Snel en krimpvrij gesmeerd met optimale hechting en strakke vlakheid.
zandcement-dekvloer-zwolle-holtenbroek,Zwolle Holtenbroek,Zwolle,Overijssel,Regio Zwolle,N35,"nieuwbouwwijken, gezinswoningen en uitbouwen",Dankzij onze mobiele mengers pompen we kant-en-klare mortel direct naar de juiste laagdikte.
zandcement-dekvloer-zwolle-berkum,Zwolle Berkum,Zwolle,Overijssel,Regio Zwolle,N34,"historische panden, herenhuizen en renovaties",Wij adviseren hier onze droogversneller en Duremit vezels voor een snelle oplevering.
zandcement-dekvloer-zwolle-zwolle-zuid,Zwolle Zwolle-Zuid,Zwolle,Overijssel,Regio Zwolle,N50,"bedrijfspanden, garages en utiliteitsbouw",Onze mixcombinaties verwerken zandcement moeiteloos in smalle straten en op hoogte.
zandcement-dekvloer-zwolle-assendorp,Zwolle Assendorp,Zwolle,Overijssel,Regio Zwolle,A1,"appartementencomplexen, hoogbouw en renovaties",Ideaal te combineren met vloerverwarming of extra verharder voor zware belasting.
zandcement-dekvloer-enschede,Enschede,Enschede,Overijssel,Regio Enschede,A28,"vrijstaande woningen, kavelbouw en aanbouwen",Snel en krimpvrij gesmeerd met optimale hechting en strakke vlakheid.
zandcement-dekvloer-enschede-stadsveld,Enschede Stadsveld,Enschede,Overijssel,Regio Enschede,A35,"nieuwbouwwijken, gezinswoningen en uitbouwen",Dankzij onze mobiele mengers pompen we kant-en-klare mortel direct naar de juiste laagdikte.
zandcement-dekvloer-enschede-twekkelerveld,Enschede Twekkelerveld,Enschede,Overijssel,Regio Enschede,N35,"historische panden, herenhuizen en renovaties",Wij adviseren hier onze droogversneller en Duremit vezels voor een snelle oplevering.
zandcement-dekvloer-enschede-glanerbrug,Enschede Glanerbrug,Enschede,Overijssel,Regio Enschede,N34,"bedrijfspanden, garages en utiliteitsbouw",Onze mixcombinaties verwerken zandcement moeiteloos in smalle straten en op hoogte.
zandcement-dekvloer-enschede-lonneker,Enschede Lonneker,Enschede,Overijssel,Regio Enschede,N50,"appartementencomplexen, hoogbouw en renovaties",Ideaal te combineren met vloerverwarming of extra verharder voor zware belasting.
zandcement-dekvloer-enschede-helmerhoek,Enschede Helmerhoek,Enschede,Overijssel,Regio Enschede,A1,"vrijstaande woningen, kavelbouw en aanbouwen",Snel en krimpvrij gesmeerd met optimale hechting en strakke vlakheid.
zandcement-dekvloer-hengelo,Hengelo,Hengelo,Overijssel,Regio Hengelo,A28,"nieuwbouwwijken, gezinswoningen en uitbouwen",Dankzij onze mobiele mengers pompen we kant-en-klare mortel direct naar de juiste laagdikte.
zandcement-dekvloer-hengelo-hasseler-es,Hengelo Hasseler Es,Hengelo,Overijssel,Regio Hengelo,A35,"historische panden, herenhuizen en renovaties",Wij adviseren hier onze droogversneller en Duremit vezels voor een snelle oplevering.
zandcement-dekvloer-hengelo-slangenbeek,Hengelo Slangenbeek,Hengelo,Overijssel,Regio Hengelo,N35,"bedrijfspanden, garages en utiliteitsbouw",Onze mixcombinaties verwerken zandcement moeiteloos in smalle straten en op hoogte.
zandcement-dekvloer-hengelo-groot-driene,Hengelo Groot Driene,Hengelo,Overijssel,Regio Hengelo,N34,"appartementencomplexen, hoogbouw en renovaties",Ideaal te combineren met vloerverwarming of extra verharder voor zware belasting.
zandcement-dekvloer-hengelo-woolde,Hengelo Woolde,Hengelo,Overijssel,Regio Hengelo,N50,"vrijstaande woningen, kavelbouw en aanbouwen",Snel en krimpvrij gesmeerd met optimale hechting en strakke vlakheid.
zandcement-dekvloer-hengelo-beckum,Hengelo Beckum,Hengelo,Overijssel,Regio Hengelo,A1,"nieuwbouwwijken, gezinswoningen en uitbouwen",Dankzij onze mobiele mengers pompen we kant-en-klare mortel direct naar de juiste laagdikte.
zandcement-dekvloer-deventer,Deventer,Deventer,Overijssel,Regio Deventer,A28,"historische panden, herenhuizen en renovaties",Wij adviseren hier onze droogversneller en Duremit vezels voor een snelle oplevering.
zandcement-dekvloer-deventer-colmschate,Deventer Colmschate,Deventer,Overijssel,Regio Deventer,A35,"bedrijfspanden, garages en utiliteitsbouw",Onze mixcombinaties verwerken zandcement moeiteloos in smalle straten en op hoogte.
zandcement-dekvloer-deventer-keizerslanden,Deventer Keizerslanden,Deventer,Overijssel,Regio Deventer,N35,"appartementencomplexen, hoogbouw en renovaties",Ideaal te combineren met vloerverwarming of extra verharder voor zware belasting.
zandcement-dekvloer-deventer-zandweerd,Deventer Zandweerd,Deventer,Overijssel,Regio Deventer,N34,"vrijstaande woningen, kavelbouw en aanbouwen",Snel en krimpvrij gesmeerd met optimale hechting en strakke vlakheid.
zandcement-dekvloer-deventer-schalkhaar,Deventer Schalkhaar,Deventer,Overijssel,Regio Deventer,N50,"nieuwbouwwijken, gezinswoningen en uitbouwen",Dankzij onze mobiele mengers pompen we kant-en-klare mortel direct naar de juiste laagdikte.
zandcement-dekvloer-deventer-diepenveen,Deventer Diepenveen,Deventer,Overijssel,Regio Deventer,A1,"historische panden, herenhuizen en renovaties",Wij adviseren hier onze droogversneller en Duremit vezels voor een snelle oplevering.
zandcement-dekvloer-almelo,Almelo,Almelo,Overijssel,Regio Almelo,A28,"bedrijfspanden, garages en utiliteitsbouw",Onze mixcombinaties verwerken zandcement moeiteloos in smalle straten en op hoogte.
zandcement-dekvloer-almelo-windmolenbroek,Almelo Windmolenbroek,Almelo,Overijssel,Regio Almelo,A35,"appartementencomplexen, hoogbouw en renovaties",Ideaal te combineren met vloerverwarming of extra verharder voor zware belasting.
zandcement-dekvloer-almelo-schelfhorst,Almelo Schelfhorst,Almelo,Overijssel,Regio Almelo,N35,"vrijstaande woningen, kavelbouw en aanbouwen",Snel en krimpvrij gesmeerd met optimale hechting en strakke vlakheid.
zandcement-dekvloer-almelo-aadorp,Almelo Aadorp,Almelo,Overijssel,Regio Almelo,N34,"nieuwbouwwijken, gezinswoningen en uitbouwen",Dankzij onze mobiele mengers pompen we kant-en-klare mortel direct naar de juiste laagdikte.
zandcement-dekvloer-almelo-bornerbroek,Almelo Bornerbroek,Almelo,Overijssel,Regio Almelo,N50,"historische panden, herenhuizen en renovaties",Wij adviseren hier onze droogversneller en Duremit vezels voor een snelle oplevering.
zandcement-dekvloer-groningen,Groningen,Groningen,Groningen,Regio Groningen,N33,"bedrijfspanden, garages en utiliteitsbouw",Onze mixcombinaties verwerken zandcement moeiteloos in smalle straten en op hoogte.
zandcement-dekvloer-groningen-vinkhuizen,Groningen Vinkhuizen,Groningen,Groningen,Regio Groningen,N46,"appartementencomplexen, hoogbouw en renovaties",Ideaal te combineren met vloerverwarming of extra verharder voor zware belasting.
zandcement-dekvloer-groningen-beijum,Groningen Beijum,Groningen,Groningen,Regio Groningen,N360,"vrijstaande woningen, kavelbouw en aanbouwen",Snel en krimpvrij gesmeerd met optimale hechting en strakke vlakheid.
zandcement-dekvloer-groningen-lewenborg,Groningen Lewenborg,Groningen,Groningen,Regio Groningen,A7,"nieuwbouwwijken, gezinswoningen en uitbouwen",Dankzij onze mobiele mengers pompen we kant-en-klare mortel direct naar de juiste laagdikte.
zandcement-dekvloer-groningen-helpman,Groningen Helpman,Groningen,Groningen,Regio Groningen,A28,"historische panden, herenhuizen en renovaties",Wij adviseren hier onze droogversneller en Duremit vezels voor een snelle oplevering.
zandcement-dekvloer-groningen-korrewegwijk,Groningen Korrewegwijk,Groningen,Groningen,Regio Groningen,N33,"bedrijfspanden, garages en utiliteitsbouw",Onze mixcombinaties verwerken zandcement moeiteloos in smalle straten en op hoogte.
zandcement-dekvloer-groningen-paddepoel,Groningen Paddepoel,Groningen,Groningen,Regio Groningen,N46,"appartementencomplexen, hoogbouw en renovaties",Ideaal te combineren met vloerverwarming of extra verharder voor zware belasting.
zandcement-dekvloer-groningen-meerstad,Groningen Meerstad,Groningen,Groningen,Regio Groningen,N360,"vrijstaande woningen, kavelbouw en aanbouwen",Snel en krimpvrij gesmeerd met optimale hechting en strakke vlakheid.
zandcement-dekvloer-groningen-haren,Groningen Haren,Groningen,Groningen,Regio Groningen,A7,"nieuwbouwwijken, gezinswoningen en uitbouwen",Dankzij onze mobiele mengers pompen we kant-en-klare mortel direct naar de juiste laagdikte.
zandcement-dekvloer-groningen-ten-boer,Groningen Ten Boer,Groningen,Groningen,Regio Groningen,A28,"historische panden, herenhuizen en renovaties",Wij adviseren hier onze droogversneller en Duremit vezels voor een snelle oplevering.
zandcement-dekvloer-eemsdelta-appingedam,Eemsdelta Appingedam,Eemsdelta,Groningen,Regio Eemsdelta,N33,"bedrijfspanden, garages en utiliteitsbouw",Onze mixcombinaties verwerken zandcement moeiteloos in smalle straten en op hoogte.
zandcement-dekvloer-eemsdelta-delfzijl,Eemsdelta Delfzijl,Eemsdelta,Groningen,Regio Eemsdelta,N46,"appartementencomplexen, hoogbouw en renovaties",Ideaal te combineren met vloerverwarming of extra verharder voor zware belasting.
zandcement-dekvloer-eemsdelta-loppersum,Eemsdelta Loppersum,Eemsdelta,Groningen,Regio Eemsdelta,N360,"vrijstaande woningen, kavelbouw en aanbouwen",Snel en krimpvrij gesmeerd met optimale hechting en strakke vlakheid.
zandcement-dekvloer-eemsdelta-middelstum,Eemsdelta Middelstum,Eemsdelta,Groningen,Regio Eemsdelta,A7,"nieuwbouwwijken, gezinswoningen en uitbouwen",Dankzij onze mobiele mengers pompen we kant-en-klare mortel direct naar de juiste laagdikte.
zandcement-dekvloer-eemsdelta-spijk,Eemsdelta Spijk,Eemsdelta,Groningen,Regio Eemsdelta,A28,"historische panden, herenhuizen en renovaties",Wij adviseren hier onze droogversneller en Duremit vezels voor een snelle oplevering.
zandcement-dekvloer-eemsdelta-woldendorp,Eemsdelta Woldendorp,Eemsdelta,Groningen,Regio Eemsdelta,N33,"bedrijfspanden, garages en utiliteitsbouw",Onze mixcombinaties verwerken zandcement moeiteloos in smalle straten en op hoogte.
zandcement-dekvloer-het-hogeland-bedum,Het Hogeland Bedum,Het Hogeland,Groningen,Regio Het Hogeland,N46,"appartementencomplexen, hoogbouw en renovaties",Ideaal te combineren met vloerverwarming of extra verharder voor zware belasting.
zandcement-dekvloer-het-hogeland-winsum,Het Hogeland Winsum,Het Hogeland,Groningen,Regio Het Hogeland,N360,"vrijstaande woningen, kavelbouw en aanbouwen",Snel en krimpvrij gesmeerd met optimale hechting en strakke vlakheid.
zandcement-dekvloer-het-hogeland-uithuizen,Het Hogeland Uithuizen,Het Hogeland,Groningen,Regio Het Hogeland,A7,"nieuwbouwwijken, gezinswoningen en uitbouwen",Dankzij onze mobiele mengers pompen we kant-en-klare mortel direct naar de juiste laagdikte.
zandcement-dekvloer-het-hogeland-uithuizermeeden,Het Hogeland Uithuizermeeden,Het Hogeland,Groningen,Regio Het Hogeland,A28,"historische panden, herenhuizen en renovaties",Wij adviseren hier onze droogversneller en Duremit vezels voor een snelle oplevering.
zandcement-dekvloer-het-hogeland-leens,Het Hogeland Leens,Het Hogeland,Groningen,Regio Het Hogeland,N33,"bedrijfspanden, garages en utiliteitsbouw",Onze mixcombinaties verwerken zandcement moeiteloos in smalle straten en op hoogte.
zandcement-dekvloer-het-hogeland-baflo,Het Hogeland Baflo,Het Hogeland,Groningen,Regio Het Hogeland,N46,"appartementencomplexen, hoogbouw en renovaties",Ideaal te combineren met vloerverwarming of extra verharder voor zware belasting.
zandcement-dekvloer-het-hogeland-eenrum,Het Hogeland Eenrum,Het Hogeland,Groningen,Regio Het Hogeland,N360,"vrijstaande woningen, kavelbouw en aanbouwen",Snel en krimpvrij gesmeerd met optimale hechting en strakke vlakheid.
zandcement-dekvloer-leeuwarden,Leeuwarden,Leeuwarden,Friesland,Regio Leeuwarden,A7,"nieuwbouwwijken, gezinswoningen en uitbouwen",Dankzij onze mobiele mengers pompen we kant-en-klare mortel direct naar de juiste laagdikte.
zandcement-dekvloer-leeuwarden-bilgaard,Leeuwarden Bilgaard,Leeuwarden,Friesland,Regio Leeuwarden,A31,"historische panden, herenhuizen en renovaties",Wij adviseren hier onze droogversneller en Duremit vezels voor een snelle oplevering.
zandcement-dekvloer-leeuwarden-camminghaburen,Leeuwarden Camminghaburen,Leeuwarden,Friesland,Regio Leeuwarden,A32,"bedrijfspanden, garages en utiliteitsbouw",Onze mixcombinaties verwerken zandcement moeiteloos in smalle straten en op hoogte.
zandcement-dekvloer-leeuwarden-zuiderburen,Leeuwarden Zuiderburen,Leeuwarden,Friesland,Regio Leeuwarden,N355,"appartementencomplexen, hoogbouw en renovaties",Ideaal te combineren met vloerverwarming of extra verharder voor zware belasting.
zandcement-dekvloer-leeuwarden-techum,Leeuwarden Techum,Leeuwarden,Friesland,Regio Leeuwarden,N381,"vrijstaande woningen, kavelbouw en aanbouwen",Snel en krimpvrij gesmeerd met optimale hechting en strakke vlakheid.
zandcement-dekvloer-leeuwarden-grou,Leeuwarden Grou,Leeuwarden,Friesland,Regio Leeuwarden,A7,"nieuwbouwwijken, gezinswoningen en uitbouwen",Dankzij onze mobiele mengers pompen we kant-en-klare mortel direct naar de juiste laagdikte.
zandcement-dekvloer-leeuwarden-goutum,Leeuwarden Goutum,Leeuwarden,Friesland,Regio Leeuwarden,A31,"historische panden, herenhuizen en renovaties",Wij adviseren hier onze droogversneller en Duremit vezels voor een snelle oplevering.
zandcement-dekvloer-leeuwarden-stiens,Leeuwarden Stiens,Leeuwarden,Friesland,Regio Leeuwarden,A32,"bedrijfspanden, garages en utiliteitsbouw",Onze mixcombinaties verwerken zandcement moeiteloos in smalle straten en op hoogte.
zandcement-dekvloer-sudwest-fryslan-sneek,Sudwest-Fryslan Sneek,Sudwest-Fryslan,Friesland,Regio Sudwest-Fryslan,N355,"appartementencomplexen, hoogbouw en renovaties",Ideaal te combineren met vloerverwarming of extra verharder voor zware belasting.
zandcement-dekvloer-sudwest-fryslan-bolsward,Sudwest-Fryslan Bolsward,Sudwest-Fryslan,Friesland,Regio Sudwest-Fryslan,N381,"vrijstaande woningen, kavelbouw en aanbouwen",Snel en krimpvrij gesmeerd met optimale hechting en strakke vlakheid.
zandcement-dekvloer-sudwest-fryslan-workum,Sudwest-Fryslan Workum,Sudwest-Fryslan,Friesland,Regio Sudwest-Fryslan,A7,"nieuwbouwwijken, gezinswoningen en uitbouwen",Dankzij onze mobiele mengers pompen we kant-en-klare mortel direct naar de juiste laagdikte.
zandcement-dekvloer-sudwest-fryslan-hindeloopen,Sudwest-Fryslan Hindeloopen,Sudwest-Fryslan,Friesland,Regio Sudwest-Fryslan,A31,"historische panden, herenhuizen en renovaties",Wij adviseren hier onze droogversneller en Duremit vezels voor een snelle oplevering.
zandcement-dekvloer-sudwest-fryslan-ijlst,Sudwest-Fryslan IJlst,Sudwest-Fryslan,Friesland,Regio Sudwest-Fryslan,A32,"bedrijfspanden, garages en utiliteitsbouw",Onze mixcombinaties verwerken zandcement moeiteloos in smalle straten en op hoogte.
zandcement-dekvloer-sudwest-fryslan-makkum,Sudwest-Fryslan Makkum,Sudwest-Fryslan,Friesland,Regio Sudwest-Fryslan,N355,"appartementencomplexen, hoogbouw en renovaties",Ideaal te combineren met vloerverwarming of extra verharder voor zware belasting.
zandcement-dekvloer-sudwest-fryslan-wommels,Sudwest-Fryslan Wommels,Sudwest-Fryslan,Friesland,Regio Sudwest-Fryslan,N381,"vrijstaande woningen, kavelbouw en aanbouwen",Snel en krimpvrij gesmeerd met optimale hechting en strakke vlakheid.
zandcement-dekvloer-sudwest-fryslan-scharnegoutum,Sudwest-Fryslan Scharnegoutum,Sudwest-Fryslan,Friesland,Regio Sudwest-Fryslan,A7,"nieuwbouwwijken, gezinswoningen en uitbouwen",Dankzij onze mobiele mengers pompen we kant-en-klare mortel direct naar de juiste laagdikte.
zandcement-dekvloer-de-fryske-marren-joure,De Fryske Marren Joure,De Fryske Marren,Friesland,Regio De Fryske Marren,A31,"historische panden, herenhuizen en renovaties",Wij adviseren hier onze droogversneller en Duremit vezels voor een snelle oplevering.
zandcement-dekvloer-de-fryske-marren-lemmer,De Fryske Marren Lemmer,De Fryske Marren,Friesland,Regio De Fryske Marren,A32,"bedrijfspanden, garages en utiliteitsbouw",Onze mixcombinaties verwerken zandcement moeiteloos in smalle straten en op hoogte.
zandcement-dekvloer-de-fryske-marren-balk,De Fryske Marren Balk,De Fryske Marren,Friesland,Regio De Fryske Marren,N355,"appartementencomplexen, hoogbouw en renovaties",Ideaal te combineren met vloerverwarming of extra verharder voor zware belasting.
zandcement-dekvloer-de-fryske-marren-sint-nicolaasga,De Fryske Marren Sint Nicolaasga,De Fryske Marren,Friesland,Regio De Fryske Marren,N381,"vrijstaande woningen, kavelbouw en aanbouwen",Snel en krimpvrij gesmeerd met optimale hechting en strakke vlakheid.
zandcement-dekvloer-de-fryske-marren-oudehaske,De Fryske Marren Oudehaske,De Fryske Marren,Friesland,Regio De Fryske Marren,A7,"nieuwbouwwijken, gezinswoningen en uitbouwen",Dankzij onze mobiele mengers pompen we kant-en-klare mortel direct naar de juiste laagdikte.
zandcement-dekvloer-assen,Assen,Assen,Drenthe,Regio Assen,A37,"historische panden, herenhuizen en renovaties",Wij adviseren hier onze droogversneller en Duremit vezels voor een snelle oplevering.
zandcement-dekvloer-assen-kloosterveen,Assen Kloosterveen,Assen,Drenthe,Regio Assen,N34,"bedrijfspanden, garages en utiliteitsbouw",Onze mixcombinaties verwerken zandcement moeiteloos in smalle straten en op hoogte.
zandcement-dekvloer-assen-marsdijk,Assen Marsdijk,Assen,Drenthe,Regio Assen,N33,"appartementencomplexen, hoogbouw en renovaties",Ideaal te combineren met vloerverwarming of extra verharder voor zware belasting.
zandcement-dekvloer-assen-peelo,Assen Peelo,Assen,Drenthe,Regio Assen,N381,"vrijstaande woningen, kavelbouw en aanbouwen",Snel en krimpvrij gesmeerd met optimale hechting en strakke vlakheid.
zandcement-dekvloer-assen-pittelo,Assen Pittelo,Assen,Drenthe,Regio Assen,A28,"nieuwbouwwijken, gezinswoningen en uitbouwen",Dankzij onze mobiele mengers pompen we kant-en-klare mortel direct naar de juiste laagdikte.
zandcement-dekvloer-emmen,Emmen,Emmen,Drenthe,Regio Emmen,A37,"historische panden, herenhuizen en renovaties",Wij adviseren hier onze droogversneller en Duremit vezels voor een snelle oplevering.
zandcement-dekvloer-emmen-bargeres,Emmen Bargeres,Emmen,Drenthe,Regio Emmen,N34,"bedrijfspanden, garages en utiliteitsbouw",Onze mixcombinaties verwerken zandcement moeiteloos in smalle straten en op hoogte.
zandcement-dekvloer-emmen-emmer-compascuum,Emmen Emmer-Compascuum,Emmen,Drenthe,Regio Emmen,N33,"appartementencomplexen, hoogbouw en renovaties",Ideaal te combineren met vloerverwarming of extra verharder voor zware belasting.
zandcement-dekvloer-emmen-klazienaveen,Emmen Klazienaveen,Emmen,Drenthe,Regio Emmen,N381,"vrijstaande woningen, kavelbouw en aanbouwen",Snel en krimpvrij gesmeerd met optimale hechting en strakke vlakheid.
zandcement-dekvloer-emmen-nieuw-amsterdam,Emmen Nieuw-Amsterdam,Emmen,Drenthe,Regio Emmen,A28,"nieuwbouwwijken, gezinswoningen en uitbouwen",Dankzij onze mobiele mengers pompen we kant-en-klare mortel direct naar de juiste laagdikte.
zandcement-dekvloer-emmen-schoonebeek,Emmen Schoonebeek,Emmen,Drenthe,Regio Emmen,A37,"historische panden, herenhuizen en renovaties",Wij adviseren hier onze droogversneller en Duremit vezels voor een snelle oplevering.
zandcement-dekvloer-hoogeveen,Hoogeveen,Hoogeveen,Drenthe,Regio Hoogeveen,N34,"bedrijfspanden, garages en utiliteitsbouw",Onze mixcombinaties verwerken zandcement moeiteloos in smalle straten en op hoogte.
zandcement-dekvloer-hoogeveen-kattendijk,Hoogeveen Kattendijk,Hoogeveen,Drenthe,Regio Hoogeveen,N33,"appartementencomplexen, hoogbouw en renovaties",Ideaal te combineren met vloerverwarming of extra verharder voor zware belasting.
zandcement-dekvloer-hoogeveen-erflanden,Hoogeveen Erflanden,Hoogeveen,Drenthe,Regio Hoogeveen,N381,"vrijstaande woningen, kavelbouw en aanbouwen",Snel en krimpvrij gesmeerd met optimale hechting en strakke vlakheid.
zandcement-dekvloer-hoogeveen-hollandscheveld,Hoogeveen Hollandscheveld,Hoogeveen,Drenthe,Regio Hoogeveen,A28,"nieuwbouwwijken, gezinswoningen en uitbouwen",Dankzij onze mobiele mengers pompen we kant-en-klare mortel direct naar de juiste laagdikte.
zandcement-dekvloer-hoogeveen-elim,Hoogeveen Elim,Hoogeveen,Drenthe,Regio Hoogeveen,A37,"historische panden, herenhuizen en renovaties",Wij adviseren hier onze droogversneller en Duremit vezels voor een snelle oplevering.
zandcement-dekvloer-hoogeveen-noordscheschut,Hoogeveen Noordscheschut,Hoogeveen,Drenthe,Regio Hoogeveen,N34,"bedrijfspanden, garages en utiliteitsbouw",Onze mixcombinaties verwerken zandcement moeiteloos in smalle straten en op hoogte.
zandcement-dekvloer-almere,Almere,Almere,Flevoland,Regio Almere,N305,"appartementencomplexen, hoogbouw en renovaties",Ideaal te combineren met vloerverwarming of extra verharder voor zware belasting.
zandcement-dekvloer-almere-buiten,Almere Buiten,Almere,Flevoland,Regio Almere,N307,"vrijstaande woningen, kavelbouw en aanbouwen",Snel en krimpvrij gesmeerd met optimale hechting en strakke vlakheid.
zandcement-dekvloer-almere-haven,Almere Haven,Almere,Flevoland,Regio Almere,A6,"nieuwbouwwijken, gezinswoningen en uitbouwen",Dankzij onze mobiele mengers pompen we kant-en-klare mortel direct naar de juiste laagdikte.
zandcement-dekvloer-almere-poort,Almere Poort,Almere,Flevoland,Regio Almere,A27,"historische panden, herenhuizen en renovaties",Wij adviseren hier onze droogversneller en Duremit vezels voor een snelle oplevering.
zandcement-dekvloer-almere-hout,Almere Hout,Almere,Flevoland,Regio Almere,N302,"bedrijfspanden, garages en utiliteitsbouw",Onze mixcombinaties verwerken zandcement moeiteloos in smalle straten en op hoogte.
zandcement-dekvloer-almere-pampus,Almere Pampus,Almere,Flevoland,Regio Almere,N305,"appartementencomplexen, hoogbouw en renovaties",Ideaal te combineren met vloerverwarming of extra verharder voor zware belasting.
zandcement-dekvloer-almere-nobelhorst,Almere Nobelhorst,Almere,Flevoland,Regio Almere,N307,"vrijstaande woningen, kavelbouw en aanbouwen",Snel en krimpvrij gesmeerd met optimale hechting en strakke vlakheid.
zandcement-dekvloer-lelystad,Lelystad,Lelystad,Flevoland,Regio Lelystad,A6,"nieuwbouwwijken, gezinswoningen en uitbouwen",Dankzij onze mobiele mengers pompen we kant-en-klare mortel direct naar de juiste laagdikte.
zandcement-dekvloer-lelystad-waterwijk,Lelystad Waterwijk,Lelystad,Flevoland,Regio Lelystad,A27,"historische panden, herenhuizen en renovaties",Wij adviseren hier onze droogversneller en Duremit vezels voor een snelle oplevering.
zandcement-dekvloer-lelystad-landerijen,Lelystad Landerijen,Lelystad,Flevoland,Regio Lelystad,N302,"bedrijfspanden, garages en utiliteitsbouw",Onze mixcombinaties verwerken zandcement moeiteloos in smalle straten en op hoogte.
zandcement-dekvloer-lelystad-warande,Lelystad Warande,Lelystad,Flevoland,Regio Lelystad,N305,"appartementencomplexen, hoogbouw en renovaties",Ideaal te combineren met vloerverwarming of extra verharder voor zware belasting.
zandcement-dekvloer-lelystad-atolwijk,Lelystad Atolwijk,Lelystad,Flevoland,Regio Lelystad,N307,"vrijstaande woningen, kavelbouw en aanbouwen",Snel en krimpvrij gesmeerd met optimale hechting en strakke vlakheid.
zandcement-dekvloer-dronten-dronten-stad,Dronten Dronten-stad,Dronten,Flevoland,Regio Dronten,A6,"nieuwbouwwijken, gezinswoningen en uitbouwen",Dankzij onze mobiele mengers pompen we kant-en-klare mortel direct naar de juiste laagdikte.
zandcement-dekvloer-dronten-biddinghuizen,Dronten Biddinghuizen,Dronten,Flevoland,Regio Dronten,A27,"historische panden, herenhuizen en renovaties",Wij adviseren hier onze droogversneller en Duremit vezels voor een snelle oplevering.
zandcement-dekvloer-dronten-swifterbant,Dronten Swifterbant,Dronten,Flevoland,Regio Dronten,N302,"bedrijfspanden, garages en utiliteitsbouw",Onze mixcombinaties verwerken zandcement moeiteloos in smalle straten en op hoogte.
zandcement-dekvloer-middelburg,Middelburg,Middelburg,Zeeland,Regio Middelburg,N59,"appartementencomplexen, hoogbouw en renovaties",Ideaal te combineren met vloerverwarming of extra verharder voor zware belasting.
zandcement-dekvloer-middelburg-dauwendaele,Middelburg Dauwendaele,Middelburg,Zeeland,Regio Middelburg,N62,"vrijstaande woningen, kavelbouw en aanbouwen",Snel en krimpvrij gesmeerd met optimale hechting en strakke vlakheid.
zandcement-dekvloer-middelburg-klarenbeek,Middelburg Klarenbeek,Middelburg,Zeeland,Regio Middelburg,A58,"nieuwbouwwijken, gezinswoningen en uitbouwen",Dankzij onze mobiele mengers pompen we kant-en-klare mortel direct naar de juiste laagdikte.
zandcement-dekvloer-middelburg-sint-laurens,Middelburg Sint Laurens,Middelburg,Zeeland,Regio Middelburg,N57,"historische panden, herenhuizen en renovaties",Wij adviseren hier onze droogversneller en Duremit vezels voor een snelle oplevering.
zandcement-dekvloer-middelburg-arnemuiden,Middelburg Arnemuiden,Middelburg,Zeeland,Regio Middelburg,N59,"bedrijfspanden, garages en utiliteitsbouw",Onze mixcombinaties verwerken zandcement moeiteloos in smalle straten en op hoogte.
zandcement-dekvloer-vlissingen,Vlissingen,Vlissingen,Zeeland,Regio Vlissingen,N62,"appartementencomplexen, hoogbouw en renovaties",Ideaal te combineren met vloerverwarming of extra verharder voor zware belasting.
zandcement-dekvloer-vlissingen-paeauwenburg,Vlissingen Paeauwenburg,Vlissingen,Zeeland,Regio Vlissingen,A58,"vrijstaande woningen, kavelbouw en aanbouwen",Snel en krimpvrij gesmeerd met optimale hechting en strakke vlakheid.
zandcement-dekvloer-vlissingen-oost-souburg,Vlissingen Oost-Souburg,Vlissingen,Zeeland,Regio Vlissingen,N57,"nieuwbouwwijken, gezinswoningen en uitbouwen",Dankzij onze mobiele mengers pompen we kant-en-klare mortel direct naar de juiste laagdikte.
zandcement-dekvloer-vlissingen-ritthem,Vlissingen Ritthem,Vlissingen,Zeeland,Regio Vlissingen,N59,"historische panden, herenhuizen en renovaties",Wij adviseren hier onze droogversneller en Duremit vezels voor een snelle oplevering.
zandcement-dekvloer-goes,Goes,Goes,Zeeland,Regio Goes,N62,"bedrijfspanden, garages en utiliteitsbouw",Onze mixcombinaties verwerken zandcement moeiteloos in smalle straten en op hoogte.
zandcement-dekvloer-goes-goese-meer,Goes Goese Meer,Goes,Zeeland,Regio Goes,A58,"appartementencomplexen, hoogbouw en renovaties",Ideaal te combineren met vloerverwarming of extra verharder voor zware belasting.
zandcement-dekvloer-goes-mannee,Goes Mannee,Goes,Zeeland,Regio Goes,N57,"vrijstaande woningen, kavelbouw en aanbouwen",Snel en krimpvrij gesmeerd met optimale hechting en strakke vlakheid.
zandcement-dekvloer-goes-kloetinge,Goes Kloetinge,Goes,Zeeland,Regio Goes,N59,"nieuwbouwwijken, gezinswoningen en uitbouwen",Dankzij onze mobiele mengers pompen we kant-en-klare mortel direct naar de juiste laagdikte.
zandcement-dekvloer-goes-wolphaartsdijk,Goes Wolphaartsdijk,Goes,Zeeland,Regio Goes,N62,"historische panden, herenhuizen en renovaties",Wij adviseren hier onze droogversneller en Duremit vezels voor een snelle oplevering.
zandcement-dekvloer-maastricht,Maastricht,Maastricht,Limburg,Regio Maastricht,A74,"bedrijfspanden, garages en utiliteitsbouw",Onze mixcombinaties verwerken zandcement moeiteloos in smalle straten en op hoogte.
zandcement-dekvloer-maastricht-wyck,Maastricht Wyck,Maastricht,Limburg,Regio Maastricht,A76,"appartementencomplexen, hoogbouw en renovaties",Ideaal te combineren met vloerverwarming of extra verharder voor zware belasting.
zandcement-dekvloer-maastricht-ceramique,Maastricht Ceramique,Maastricht,Limburg,Regio Maastricht,A79,"vrijstaande woningen, kavelbouw en aanbouwen",Snel en krimpvrij gesmeerd met optimale hechting en strakke vlakheid.
zandcement-dekvloer-maastricht-brusselsepoort,Maastricht Brusselsepoort,Maastricht,Limburg,Regio Maastricht,A2,"nieuwbouwwijken, gezinswoningen en uitbouwen",Dankzij onze mobiele mengers pompen we kant-en-klare mortel direct naar de juiste laagdikte.
zandcement-dekvloer-maastricht-malberg,Maastricht Malberg,Maastricht,Limburg,Regio Maastricht,A73,"historische panden, herenhuizen en renovaties",Wij adviseren hier onze droogversneller en Duremit vezels voor een snelle oplevering.
zandcement-dekvloer-maastricht-heugem,Maastricht Heugem,Maastricht,Limburg,Regio Maastricht,A74,"bedrijfspanden, garages en utiliteitsbouw",Onze mixcombinaties verwerken zandcement moeiteloos in smalle straten en op hoogte.
zandcement-dekvloer-maastricht-amby,Maastricht Amby,Maastricht,Limburg,Regio Maastricht,A76,"appartementencomplexen, hoogbouw en renovaties",Ideaal te combineren met vloerverwarming of extra verharder voor zware belasting.
zandcement-dekvloer-maastricht-wolder,Maastricht Wolder,Maastricht,Limburg,Regio Maastricht,A79,"vrijstaande woningen, kavelbouw en aanbouwen",Snel en krimpvrij gesmeerd met optimale hechting en strakke vlakheid.
zandcement-dekvloer-venlo,Venlo,Venlo,Limburg,Regio Venlo,A2,"nieuwbouwwijken, gezinswoningen en uitbouwen",Dankzij onze mobiele mengers pompen we kant-en-klare mortel direct naar de juiste laagdikte.
zandcement-dekvloer-venlo-blerick,Venlo Blerick,Venlo,Limburg,Regio Venlo,A73,"historische panden, herenhuizen en renovaties",Wij adviseren hier onze droogversneller en Duremit vezels voor een snelle oplevering.
zandcement-dekvloer-venlo-tegelen,Venlo Tegelen,Venlo,Limburg,Regio Venlo,A74,"bedrijfspanden, garages en utiliteitsbouw",Onze mixcombinaties verwerken zandcement moeiteloos in smalle straten en op hoogte.
zandcement-dekvloer-venlo-belfeld,Venlo Belfeld,Venlo,Limburg,Regio Venlo,A76,"appartementencomplexen, hoogbouw en renovaties",Ideaal te combineren met vloerverwarming of extra verharder voor zware belasting.
zandcement-dekvloer-venlo-velden,Venlo Velden,Venlo,Limburg,Regio Venlo,A79,"vrijstaande woningen, kavelbouw en aanbouwen",Snel en krimpvrij gesmeerd met optimale hechting en strakke vlakheid.
zandcement-dekvloer-sittard-geleen-sittard,Sittard-Geleen Sittard,Sittard-Geleen,Limburg,Regio Sittard-Geleen,A2,"nieuwbouwwijken, gezinswoningen en uitbouwen",Dankzij onze mobiele mengers pompen we kant-en-klare mortel direct naar de juiste laagdikte.
zandcement-dekvloer-sittard-geleen-geleen,Sittard-Geleen Geleen,Sittard-Geleen,Limburg,Regio Sittard-Geleen,A73,"historische panden, herenhuizen en renovaties",Wij adviseren hier onze droogversneller en Duremit vezels voor een snelle oplevering.
zandcement-dekvloer-sittard-geleen-born,Sittard-Geleen Born,Sittard-Geleen,Limburg,Regio Sittard-Geleen,A74,"bedrijfspanden, garages en utiliteitsbouw",Onze mixcombinaties verwerken zandcement moeiteloos in smalle straten en op hoogte.
zandcement-dekvloer-sittard-geleen-limbricht,Sittard-Geleen Limbricht,Sittard-Geleen,Limburg,Regio Sittard-Geleen,A76,"appartementencomplexen, hoogbouw en renovaties",Ideaal te combineren met vloerverwarming of extra verharder voor zware belasting.
zandcement-dekvloer-sittard-geleen-münstergeleen,Sittard-Geleen Münstergeleen,Sittard-Geleen,Limburg,Regio Sittard-Geleen,A79,"vrijstaande woningen, kavelbouw en aanbouwen",Snel en krimpvrij gesmeerd met optimale hechting en strakke vlakheid.
zandcement-dekvloer-heerlen,Heerlen,Heerlen,Limburg,Regio Heerlen,A2,"nieuwbouwwijken, gezinswoningen en uitbouwen",Dankzij onze mobiele mengers pompen we kant-en-klare mortel direct naar de juiste laagdikte.
zandcement-dekvloer-heerlen-heerlerheide,Heerlen Heerlerheide,Heerlen,Limburg,Regio Heerlen,A73,"historische panden, herenhuizen en renovaties",Wij adviseren hier onze droogversneller en Duremit vezels voor een snelle oplevering.
zandcement-dekvloer-heerlen-heerlerbaan,Heerlen Heerlerbaan,Heerlen,Limburg,Regio Heerlen,A74,"bedrijfspanden, garages en utiliteitsbouw",Onze mixcombinaties verwerken zandcement moeiteloos in smalle straten en op hoogte.
zandcement-dekvloer-heerlen-hoensbroek,Heerlen Hoensbroek,Heerlen,Limburg,Regio Heerlen,A76,"appartementencomplexen, hoogbouw en renovaties",Ideaal te combineren met vloerverwarming of extra verharder voor zware belasting.
zandcement-dekvloer-amsterdam-zone-1,Amsterdam (Zone 1),Amsterdam,Noord-Holland,Regio Amsterdam,A10,"nieuwbouwwijken, gezinswoningen en uitbouwen",Dankzij onze mobiele mengers pompen we kant-en-klare mortel direct naar de juiste laagdikte.
zandcement-dekvloer-amsterdam-zuid-zone-2,Amsterdam Zuid (Zone 2),Amsterdam,Noord-Holland,Regio Amsterdam,A9,"historische panden, herenhuizen en renovaties",Wij adviseren hier onze droogversneller en Duremit vezels voor een snelle oplevering.
zandcement-dekvloer-amsterdam-west-zone-3,Amsterdam West (Zone 3),Amsterdam,Noord-Holland,Regio Amsterdam,A7,"bedrijfspanden, garages en utiliteitsbouw",Onze mixcombinaties verwerken zandcement moeiteloos in smalle straten en op hoogte.
zandcement-dekvloer-amsterdam-noord-zone-4,Amsterdam Noord (Zone 4),Amsterdam,Noord-Holland,Regio Amsterdam,A8,"appartementencomplexen, hoogbouw en renovaties",Ideaal te combineren met vloerverwarming of extra verharder voor zware belasting.
zandcement-dekvloer-amsterdam-oost-zone-5,Amsterdam Oost (Zone 5),Amsterdam,Noord-Holland,Regio Amsterdam,N9,"vrijstaande woningen, kavelbouw en aanbouwen",Snel en krimpvrij gesmeerd met optimale hechting en strakke vlakheid.
zandcement-dekvloer-amsterdam-nieuw-west-zone-6,Amsterdam Nieuw-West (Zone 6),Amsterdam,Noord-Holland,Regio Amsterdam,N242,"nieuwbouwwijken, gezinswoningen en uitbouwen",Dankzij onze mobiele mengers pompen we kant-en-klare mortel direct naar de juiste laagdikte.
zandcement-dekvloer-amsterdam-zuidoost-zone-7,Amsterdam Zuidoost (Zone 7),Amsterdam,Noord-Holland,Regio Amsterdam,N201,"historische panden, herenhuizen en renovaties",Wij adviseren hier onze droogversneller en Duremit vezels voor een snelle oplevering.
zandcement-dekvloer-amsterdam-ijburg-zone-8,Amsterdam IJburg (Zone 8),Amsterdam,Noord-Holland,Regio Amsterdam,N247,"bedrijfspanden, garages en utiliteitsbouw",Onze mixcombinaties verwerken zandcement moeiteloos in smalle straten en op hoogte.
zandcement-dekvloer-amsterdam-buitenveldert-zone-9,Amsterdam Buitenveldert (Zone 9),Amsterdam,Noord-Holland,Regio Amsterdam,A200,"appartementencomplexen, hoogbouw en renovaties",Ideaal te combineren met vloerverwarming of extra verharder voor zware belasting.
zandcement-dekvloer-amsterdam-osdorp-zone-10,Amsterdam Osdorp (Zone 10),Amsterdam,Noord-Holland,Regio Amsterdam,A10,"vrijstaande woningen, kavelbouw en aanbouwen",Snel en krimpvrij gesmeerd met optimale hechting en strakke vlakheid.
zandcement-dekvloer-amsterdam-watergraafsmeer-zone-11,Amsterdam Watergraafsmeer (Zone 11),Amsterdam,Noord-Holland,Regio Amsterdam,A9,"nieuwbouwwijken, gezinswoningen en uitbouwen",Dankzij onze mobiele mengers pompen we kant-en-klare mortel direct naar de juiste laagdikte.
zandcement-dekvloer-amsterdam-de-pijp-zone-12,Amsterdam De Pijp (Zone 12),Amsterdam,Noord-Holland,Regio Amsterdam,A7,"historische panden, herenhuizen en renovaties",Wij adviseren hier onze droogversneller en Duremit vezels voor een snelle oplevering.
zandcement-dekvloer-amsterdam-jordaan-zone-13,Amsterdam Jordaan (Zone 13),Amsterdam,Noord-Holland,Regio Amsterdam,A8,"bedrijfspanden, garages en utiliteitsbouw",Onze mixcombinaties verwerken zandcement moeiteloos in smalle straten en op hoogte.
zandcement-dekvloer-amsterdam-slotervaart-zone-14,Amsterdam Slotervaart (Zone 14),Amsterdam,Noord-Holland,Regio Amsterdam,N9,"appartementencomplexen, hoogbouw en renovaties",Ideaal te combineren met vloerverwarming of extra verharder voor zware belasting.
zandcement-dekvloer-amsterdam-geuzenveld-zone-15,Amsterdam Geuzenveld (Zone 15),Amsterdam,Noord-Holland,Regio Amsterdam,N242,"vrijstaande woningen, kavelbouw en aanbouwen",Snel en krimpvrij gesmeerd met optimale hechting en strakke vlakheid.
zandcement-dekvloer-amsterdam-indische-buurt-zone-16,Amsterdam Indische Buurt (Zone 16),Amsterdam,Noord-Holland,Regio Amsterdam,N201,"nieuwbouwwijken, gezinswoningen en uitbouwen",Dankzij onze mobiele mengers pompen we kant-en-klare mortel direct naar de juiste laagdikte.
zandcement-dekvloer-haarlem-zone-17,Haarlem (Zone 17),Haarlem,Noord-Holland,Regio Haarlem,N247,"historische panden, herenhuizen en renovaties",Wij adviseren hier onze droogversneller en Duremit vezels voor een snelle oplevering.
zandcement-dekvloer-haarlem-noord-zone-18,Haarlem Noord (Zone 18),Haarlem,Noord-Holland,Regio Haarlem,A200,"bedrijfspanden, garages en utiliteitsbouw",Onze mixcombinaties verwerken zandcement moeiteloos in smalle straten en op hoogte.
zandcement-dekvloer-haarlem-schalkwijk-zone-19,Haarlem Schalkwijk (Zone 19),Haarlem,Noord-Holland,Regio Haarlem,A10,"appartementencomplexen, hoogbouw en renovaties",Ideaal te combineren met vloerverwarming of extra verharder voor zware belasting.
zandcement-dekvloer-haarlem-zijlwegkwartier-zone-20,Haarlem Zijlwegkwartier (Zone 20),Haarlem,Noord-Holland,Regio Haarlem,A9,"vrijstaande woningen, kavelbouw en aanbouwen",Snel en krimpvrij gesmeerd met optimale hechting en strakke vlakheid.
zandcement-dekvloer-haarlem-waarderpolder-zone-21,Haarlem Waarderpolder (Zone 21),Haarlem,Noord-Holland,Regio Haarlem,A7,"nieuwbouwwijken, gezinswoningen en uitbouwen",Dankzij onze mobiele mengers pompen we kant-en-klare mortel direct naar de juiste laagdikte.
zandcement-dekvloer-haarlem-bloemendaal-grens-zone-22,Haarlem Bloemendaal-grens (Zone 22),Haarlem,Noord-Holland,Regio Haarlem,A8,"historische panden, herenhuizen en renovaties",Wij adviseren hier onze droogversneller en Duremit vezels voor een snelle oplevering.
zandcement-dekvloer-haarlem-oude-amsterdamsebuurt-zone-23,Haarlem Oude Amsterdamsebuurt (Zone 23),Haarlem,Noord-Holland,Regio Haarlem,N9,"bedrijfspanden, garages en utiliteitsbouw",Onze mixcombinaties verwerken zandcement moeiteloos in smalle straten en op hoogte.
zandcement-dekvloer-haarlem-kleverpark-zone-24,Haarlem Kleverpark (Zone 24),Haarlem,Noord-Holland,Regio Haarlem,N242,"appartementencomplexen, hoogbouw en renovaties",Ideaal te combineren met vloerverwarming of extra verharder voor zware belasting.
zandcement-dekvloer-zaanstad-zaandam-zone-25,Zaanstad Zaandam (Zone 25),Zaanstad,Noord-Holland,Regio Zaanstad,N201,"vrijstaande woningen, kavelbouw en aanbouwen",Snel en krimpvrij gesmeerd met optimale hechting en strakke vlakheid.
zandcement-dekvloer-zaanstad-zaandijk-zone-26,Zaanstad Zaandijk (Zone 26),Zaanstad,Noord-Holland,Regio Zaanstad,N247,"nieuwbouwwijken, gezinswoningen en uitbouwen",Dankzij onze mobiele mengers pompen we kant-en-klare mortel direct naar de juiste laagdikte.
zandcement-dekvloer-zaanstad-krommenie-zone-27,Zaanstad Krommenie (Zone 27),Zaanstad,Noord-Holland,Regio Zaanstad,A200,"historische panden, herenhuizen en renovaties",Wij adviseren hier onze droogversneller en Duremit vezels voor een snelle oplevering.
zandcement-dekvloer-zaanstad-wormerveer-zone-28,Zaanstad Wormerveer (Zone 28),Zaanstad,Noord-Holland,Regio Zaanstad,A10,"bedrijfspanden, garages en utiliteitsbouw",Onze mixcombinaties verwerken zandcement moeiteloos in smalle straten en op hoogte.
zandcement-dekvloer-zaanstad-assendelft-zone-29,Zaanstad Assendelft (Zone 29),Zaanstad,Noord-Holland,Regio Zaanstad,A9,"appartementencomplexen, hoogbouw en renovaties",Ideaal te combineren met vloerverwarming of extra verharder voor zware belasting.
zandcement-dekvloer-zaanstad-koog-aan-de-zaan-zone-30,Zaanstad Koog aan de Zaan (Zone 30),Zaanstad,Noord-Holland,Regio Zaanstad,A7,"vrijstaande woningen, kavelbouw en aanbouwen",Snel en krimpvrij gesmeerd met optimale hechting en strakke vlakheid.
zandcement-dekvloer-zaanstad-westzaan-zone-31,Zaanstad Westzaan (Zone 31),Zaanstad,Noord-Holland,Regio Zaanstad,A8,"nieuwbouwwijken, gezinswoningen en uitbouwen",Dankzij onze mobiele mengers pompen we kant-en-klare mortel direct naar de juiste laagdikte.
zandcement-dekvloer-zaanstad-oostzaan-zone-32,Zaanstad Oostzaan (Zone 32),Zaanstad,Noord-Holland,Regio Zaanstad,N9,"historische panden, herenhuizen en renovaties",Wij adviseren hier onze droogversneller en Duremit vezels voor een snelle oplevering.
zandcement-dekvloer-haarlemmermeer-hoofddorp-zone-33,Haarlemmermeer Hoofddorp (Zone 33),Haarlemmermeer,Noord-Holland,Regio Haarlemmermeer,N242,"bedrijfspanden, garages en utiliteitsbouw",Onze mixcombinaties verwerken zandcement moeiteloos in smalle straten en op hoogte.
zandcement-dekvloer-haarlemmermeer-nieuw-vennep-zone-34,Haarlemmermeer Nieuw-Vennep (Zone 34),Haarlemmermeer,Noord-Holland,Regio Haarlemmermeer,N201,"appartementencomplexen, hoogbouw en renovaties",Ideaal te combineren met vloerverwarming of extra verharder voor zware belasting.
zandcement-dekvloer-haarlemmermeer-badhoevedorp-zone-35,Haarlemmermeer Badhoevedorp (Zone 35),Haarlemmermeer,Noord-Holland,Regio Haarlemmermeer,N247,"vrijstaande woningen, kavelbouw en aanbouwen",Snel en krimpvrij gesmeerd met optimale hechting en strakke vlakheid.
zandcement-dekvloer-haarlemmermeer-zwanenburg-zone-36,Haarlemmermeer Zwanenburg (Zone 36),Haarlemmermeer,Noord-Holland,Regio Haarlemmermeer,A200,"nieuwbouwwijken, gezinswoningen en uitbouwen",Dankzij onze mobiele mengers pompen we kant-en-klare mortel direct naar de juiste laagdikte.
zandcement-dekvloer-haarlemmermeer-vijfhuizen-zone-37,Haarlemmermeer Vijfhuizen (Zone 37),Haarlemmermeer,Noord-Holland,Regio Haarlemmermeer,A10,"historische panden, herenhuizen en renovaties",Wij adviseren hier onze droogversneller en Duremit vezels voor een snelle oplevering.
zandcement-dekvloer-haarlemmermeer-rijsenhout-zone-38,Haarlemmermeer Rijsenhout (Zone 38),Haarlemmermeer,Noord-Holland,Regio Haarlemmermeer,A9,"bedrijfspanden, garages en utiliteitsbouw",Onze mixcombinaties verwerken zandcement moeiteloos in smalle straten en op hoogte.
zandcement-dekvloer-haarlemmermeer-abbenes-zone-39,Haarlemmermeer Abbenes (Zone 39),Haarlemmermeer,Noord-Holland,Regio Haarlemmermeer,A7,"appartementencomplexen, hoogbouw en renovaties",Ideaal te combineren met vloerverwarming of extra verharder voor zware belasting.
zandcement-dekvloer-haarlemmermeer-lisserbroek-zone-40,Haarlemmermeer Lisserbroek (Zone 40),Haarlemmermeer,Noord-Holland,Regio Haarlemmermeer,A8,"vrijstaande woningen, kavelbouw en aanbouwen",Snel en krimpvrij gesmeerd met optimale hechting en strakke vlakheid.
zandcement-dekvloer-alkmaar-zone-41,Alkmaar (Zone 41),Alkmaar,Noord-Holland,Regio Alkmaar,N9,"nieuwbouwwijken, gezinswoningen en uitbouwen",Dankzij onze mobiele mengers pompen we kant-en-klare mortel direct naar de juiste laagdikte.
zandcement-dekvloer-alkmaar-overdie-zone-42,Alkmaar Overdie (Zone 42),Alkmaar,Noord-Holland,Regio Alkmaar,N242,"historische panden, herenhuizen en renovaties",Wij adviseren hier onze droogversneller en Duremit vezels voor een snelle oplevering.
zandcement-dekvloer-alkmaar-huiswaard-zone-43,Alkmaar Huiswaard (Zone 43),Alkmaar,Noord-Holland,Regio Alkmaar,N201,"bedrijfspanden, garages en utiliteitsbouw",Onze mixcombinaties verwerken zandcement moeiteloos in smalle straten en op hoogte.
zandcement-dekvloer-alkmaar-daalmeer-zone-44,Alkmaar Daalmeer (Zone 44),Alkmaar,Noord-Holland,Regio Alkmaar,N247,"appartementencomplexen, hoogbouw en renovaties",Ideaal te combineren met vloerverwarming of extra verharder voor zware belasting.
zandcement-dekvloer-alkmaar-de-mare-zone-45,Alkmaar De Mare (Zone 45),Alkmaar,Noord-Holland,Regio Alkmaar,A200,"vrijstaande woningen, kavelbouw en aanbouwen",Snel en krimpvrij gesmeerd met optimale hechting en strakke vlakheid.
zandcement-dekvloer-alkmaar-oudorp-zone-46,Alkmaar Oudorp (Zone 46),Alkmaar,Noord-Holland,Regio Alkmaar,A10,"nieuwbouwwijken, gezinswoningen en uitbouwen",Dankzij onze mobiele mengers pompen we kant-en-klare mortel direct naar de juiste laagdikte.
zandcement-dekvloer-alkmaar-koedijk-zone-47,Alkmaar Koedijk (Zone 47),Alkmaar,Noord-Holland,Regio Alkmaar,A9,"historische panden, herenhuizen en renovaties",Wij adviseren hier onze droogversneller en Duremit vezels voor een snelle oplevering.
zandcement-dekvloer-alkmaar-bergermeer-zone-48,Alkmaar Bergermeer (Zone 48),Alkmaar,Noord-Holland,Regio Alkmaar,A7,"bedrijfspanden, garages en utiliteitsbouw",Onze mixcombinaties verwerken zandcement moeiteloos in smalle straten en op hoogte.
zandcement-dekvloer-den-helder-zone-49,Den Helder (Zone 49),Den Helder,Noord-Holland,Regio Den Helder,A8,"appartementencomplexen, hoogbouw en renovaties",Ideaal te combineren met vloerverwarming of extra verharder voor zware belasting.
zandcement-dekvloer-den-helder-julianadorp-zone-50,Den Helder Julianadorp (Zone 50),Den Helder,Noord-Holland,Regio Den Helder,N9,"vrijstaande woningen, kavelbouw en aanbouwen",Snel en krimpvrij gesmeerd met optimale hechting en strakke vlakheid.
zandcement-dekvloer-den-helder-de-schooten-zone-51,Den Helder De Schooten (Zone 51),Den Helder,Noord-Holland,Regio Den Helder,N242,"nieuwbouwwijken, gezinswoningen en uitbouwen",Dankzij onze mobiele mengers pompen we kant-en-klare mortel direct naar de juiste laagdikte.
zandcement-dekvloer-den-helder-nieuw-den-helder-zone-52,Den Helder Nieuw-Den Helder (Zone 52),Den Helder,Noord-Holland,Regio Den Helder,N201,"historische panden, herenhuizen en renovaties",Wij adviseren hier onze droogversneller en Duremit vezels voor een snelle oplevering.
zandcement-dekvloer-den-helder-huisduinen-zone-53,Den Helder Huisduinen (Zone 53),Den Helder,Noord-Holland,Regio Den Helder,N247,"bedrijfspanden, garages en utiliteitsbouw",Onze mixcombinaties verwerken zandcement moeiteloos in smalle straten en op hoogte.
zandcement-dekvloer-den-helder-falga-zone-54,Den Helder Falga (Zone 54),Den Helder,Noord-Holland,Regio Den Helder,A200,"appartementencomplexen, hoogbouw en renovaties",Ideaal te combineren met vloerverwarming of extra verharder voor zware belasting.
zandcement-dekvloer-purmerend-zone-55,Purmerend (Zone 55),Purmerend,Noord-Holland,Regio Purmerend,A10,"vrijstaande woningen, kavelbouw en aanbouwen",Snel en krimpvrij gesmeerd met optimale hechting en strakke vlakheid.
zandcement-dekvloer-purmerend-overwhere-zone-56,Purmerend Overwhere (Zone 56),Purmerend,Noord-Holland,Regio Purmerend,A9,"nieuwbouwwijken, gezinswoningen en uitbouwen",Dankzij onze mobiele mengers pompen we kant-en-klare mortel direct naar de juiste laagdikte.
zandcement-dekvloer-purmerend-weidevenne-zone-57,Purmerend Weidevenne (Zone 57),Purmerend,Noord-Holland,Regio Purmerend,A7,"historische panden, herenhuizen en renovaties",Wij adviseren hier onze droogversneller en Duremit vezels voor een snelle oplevering.
zandcement-dekvloer-purmerend-purmer-noord-zone-58,Purmerend Purmer-Noord (Zone 58),Purmerend,Noord-Holland,Regio Purmerend,A8,"bedrijfspanden, garages en utiliteitsbouw",Onze mixcombinaties verwerken zandcement moeiteloos in smalle straten en op hoogte.
zandcement-dekvloer-purmerend-purmer-zuid-zone-59,Purmerend Purmer-Zuid (Zone 59),Purmerend,Noord-Holland,Regio Purmerend,N9,"appartementencomplexen, hoogbouw en renovaties",Ideaal te combineren met vloerverwarming of extra verharder voor zware belasting.
zandcement-dekvloer-purmerend-gors-zone-60,Purmerend Gors (Zone 60),Purmerend,Noord-Holland,Regio Purmerend,N242,"vrijstaande woningen, kavelbouw en aanbouwen",Snel en krimpvrij gesmeerd met optimale hechting en strakke vlakheid.
zandcement-dekvloer-purmerend-wheermolen-zone-61,Purmerend Wheermolen (Zone 61),Purmerend,Noord-Holland,Regio Purmerend,N201,"nieuwbouwwijken, gezinswoningen en uitbouwen",Dankzij onze mobiele mengers pompen we kant-en-klare mortel direct naar de juiste laagdikte.
zandcement-dekvloer-hilversum-zone-62,Hilversum (Zone 62),Hilversum,Noord-Holland,Regio Hilversum,N247,"historische panden, herenhuizen en renovaties",Wij adviseren hier onze droogversneller en Duremit vezels voor een snelle oplevering.
zandcement-dekvloer-hilversum-kerkelanden-zone-63,Hilversum Kerkelanden (Zone 63),Hilversum,Noord-Holland,Regio Hilversum,A200,"bedrijfspanden, garages en utiliteitsbouw",Onze mixcombinaties verwerken zandcement moeiteloos in smalle straten en op hoogte.
zandcement-dekvloer-hilversum-hilversumse-meent-zone-64,Hilversum Hilversumse Meent (Zone 64),Hilversum,Noord-Holland,Regio Hilversum,A10,"appartementencomplexen, hoogbouw en renovaties",Ideaal te combineren met vloerverwarming of extra verharder voor zware belasting.
zandcement-dekvloer-hilversum-riebeeckkwartier-zone-65,Hilversum Riebeeckkwartier (Zone 65),Hilversum,Noord-Holland,Regio Hilversum,A9,"vrijstaande woningen, kavelbouw en aanbouwen",Snel en krimpvrij gesmeerd met optimale hechting en strakke vlakheid.
zandcement-dekvloer-hilversum-oost-zone-66,Hilversum Oost (Zone 66),Hilversum,Noord-Holland,Regio Hilversum,A7,"nieuwbouwwijken, gezinswoningen en uitbouwen",Dankzij onze mobiele mengers pompen we kant-en-klare mortel direct naar de juiste laagdikte.
zandcement-dekvloer-hilversum-seinstraat-zone-67,Hilversum Seinstraat (Zone 67),Hilversum,Noord-Holland,Regio Hilversum,A8,"historische panden, herenhuizen en renovaties",Wij adviseren hier onze droogversneller en Duremit vezels voor een snelle oplevering.
zandcement-dekvloer-amstelveen-stadshart-zone-68,Amstelveen Stadshart (Zone 68),Amstelveen,Noord-Holland,Regio Amstelveen,N9,"bedrijfspanden, garages en utiliteitsbouw",Onze mixcombinaties verwerken zandcement moeiteloos in smalle straten en op hoogte.
zandcement-dekvloer-amstelveen-westwijk-zone-69,Amstelveen Westwijk (Zone 69),Amstelveen,Noord-Holland,Regio Amstelveen,N242,"appartementencomplexen, hoogbouw en renovaties",Ideaal te combineren met vloerverwarming of extra verharder voor zware belasting.
zandcement-dekvloer-amstelveen-bovenkerk-zone-70,Amstelveen Bovenkerk (Zone 70),Amstelveen,Noord-Holland,Regio Amstelveen,N201,"vrijstaande woningen, kavelbouw en aanbouwen",Snel en krimpvrij gesmeerd met optimale hechting en strakke vlakheid.
zandcement-dekvloer-amstelveen-randwijck-zone-71,Amstelveen Randwijck (Zone 71),Amstelveen,Noord-Holland,Regio Amstelveen,N247,"nieuwbouwwijken, gezinswoningen en uitbouwen",Dankzij onze mobiele mengers pompen we kant-en-klare mortel direct naar de juiste laagdikte.
zandcement-dekvloer-amstelveen-bankras-zone-72,Amstelveen Bankras (Zone 72),Amstelveen,Noord-Holland,Regio Amstelveen,A200,"historische panden, herenhuizen en renovaties",Wij adviseren hier onze droogversneller en Duremit vezels voor een snelle oplevering.
zandcement-dekvloer-amstelveen-elsrijk-zone-73,Amstelveen Elsrijk (Zone 73),Amstelveen,Noord-Holland,Regio Amstelveen,A10,"bedrijfspanden, garages en utiliteitsbouw",Onze mixcombinaties verwerken zandcement moeiteloos in smalle straten en op hoogte.
zandcement-dekvloer-hoorn-zone-74,Hoorn (Zone 74),Hoorn,Noord-Holland,Regio Hoorn,A9,"appartementencomplexen, hoogbouw en renovaties",Ideaal te combineren met vloerverwarming of extra verharder voor zware belasting.
zandcement-dekvloer-hoorn-risdam-zone-75,Hoorn Risdam (Zone 75),Hoorn,Noord-Holland,Regio Hoorn,A7,"vrijstaande woningen, kavelbouw en aanbouwen",Snel en krimpvrij gesmeerd met optimale hechting en strakke vlakheid.
zandcement-dekvloer-hoorn-kersenboogerd-zone-76,Hoorn Kersenboogerd (Zone 76),Hoorn,Noord-Holland,Regio Hoorn,A8,"nieuwbouwwijken, gezinswoningen en uitbouwen",Dankzij onze mobiele mengers pompen we kant-en-klare mortel direct naar de juiste laagdikte.
zandcement-dekvloer-hoorn-zwaag-zone-77,Hoorn Zwaag (Zone 77),Hoorn,Noord-Holland,Regio Hoorn,N9,"historische panden, herenhuizen en renovaties",Wij adviseren hier onze droogversneller en Duremit vezels voor een snelle oplevering.
zandcement-dekvloer-hoorn-blokker-zone-78,Hoorn Blokker (Zone 78),Hoorn,Noord-Holland,Regio Hoorn,N242,"bedrijfspanden, garages en utiliteitsbouw",Onze mixcombinaties verwerken zandcement moeiteloos in smalle straten en op hoogte.
zandcement-dekvloer-hoorn-grote-waal-zone-79,Hoorn Grote Waal (Zone 79),Hoorn,Noord-Holland,Regio Hoorn,N201,"appartementencomplexen, hoogbouw en renovaties",Ideaal te combineren met vloerverwarming of extra verharder voor zware belasting.
zandcement-dekvloer-heerhugowaard-zone-80,Heerhugowaard (Zone 80),Heerhugowaard,Noord-Holland,Regio Heerhugowaard,N247,"vrijstaande woningen, kavelbouw en aanbouwen",Snel en krimpvrij gesmeerd met optimale hechting en strakke vlakheid.
zandcement-dekvloer-heerhugowaard-de-noord-zone-81,Heerhugowaard De Noord (Zone 81),Heerhugowaard,Noord-Holland,Regio Heerhugowaard,A200,"nieuwbouwwijken, gezinswoningen en uitbouwen",Dankzij onze mobiele mengers pompen we kant-en-klare mortel direct naar de juiste laagdikte.
zandcement-dekvloer-heerhugowaard-butterhuizen-zone-82,Heerhugowaard Butterhuizen (Zone 82),Heerhugowaard,Noord-Holland,Regio Heerhugowaard,A10,"historische panden, herenhuizen en renovaties",Wij adviseren hier onze droogversneller en Duremit vezels voor een snelle oplevering.
zandcement-dekvloer-heerhugowaard-stad-van-de-zon-zone-83,Heerhugowaard Stad van de Zon (Zone 83),Heerhugowaard,Noord-Holland,Regio Heerhugowaard,A9,"bedrijfspanden, garages en utiliteitsbouw",Onze mixcombinaties verwerken zandcement moeiteloos in smalle straten en op hoogte.
zandcement-dekvloer-heerhugowaard-reigersdaal-zone-84,Heerhugowaard Reigersdaal (Zone 84),Heerhugowaard,Noord-Holland,Regio Heerhugowaard,A7,"appartementencomplexen, hoogbouw en renovaties",Ideaal te combineren met vloerverwarming of extra verharder voor zware belasting.
zandcement-dekvloer-heerhugowaard-oostertocht-zone-85,Heerhugowaard Oostertocht (Zone 85),Heerhugowaard,Noord-Holland,Regio Heerhugowaard,A8,"vrijstaande woningen, kavelbouw en aanbouwen",Snel en krimpvrij gesmeerd met optimale hechting en strakke vlakheid.
zandcement-dekvloer-schagen-schagen-stad-zone-86,Schagen Schagen-stad (Zone 86),Schagen,Noord-Holland,Regio Schagen,N9,"nieuwbouwwijken, gezinswoningen en uitbouwen",Dankzij onze mobiele mengers pompen we kant-en-klare mortel direct naar de juiste laagdikte.
zandcement-dekvloer-schagen-tuitjenhorn-zone-87,Schagen Tuitjenhorn (Zone 87),Schagen,Noord-Holland,Regio Schagen,N242,"historische panden, herenhuizen en renovaties",Wij adviseren hier onze droogversneller en Duremit vezels voor een snelle oplevering.
zandcement-dekvloer-schagen-warmenhuizen-zone-88,Schagen Warmenhuizen (Zone 88),Schagen,Noord-Holland,Regio Schagen,N201,"bedrijfspanden, garages en utiliteitsbouw",Onze mixcombinaties verwerken zandcement moeiteloos in smalle straten en op hoogte.
zandcement-dekvloer-schagen-dirkshorn-zone-89,Schagen Dirkshorn (Zone 89),Schagen,Noord-Holland,Regio Schagen,N247,"appartementencomplexen, hoogbouw en renovaties",Ideaal te combineren met vloerverwarming of extra verharder voor zware belasting.
zandcement-dekvloer-schagen-callantsoog-zone-90,Schagen Callantsoog (Zone 90),Schagen,Noord-Holland,Regio Schagen,A200,"vrijstaande woningen, kavelbouw en aanbouwen",Snel en krimpvrij gesmeerd met optimale hechting en strakke vlakheid.
zandcement-dekvloer-schagen-petten-zone-91,Schagen Petten (Zone 91),Schagen,Noord-Holland,Regio Schagen,A10,"nieuwbouwwijken, gezinswoningen en uitbouwen",Dankzij onze mobiele mengers pompen we kant-en-klare mortel direct naar de juiste laagdikte.
zandcement-dekvloer-schagen-waarland-zone-92,Schagen Waarland (Zone 92),Schagen,Noord-Holland,Regio Schagen,A9,"historische panden, herenhuizen en renovaties",Wij adviseren hier onze droogversneller en Duremit vezels voor een snelle oplevering.
zandcement-dekvloer-schagen-burgerbrug-zone-93,Schagen Burgerbrug (Zone 93),Schagen,Noord-Holland,Regio Schagen,A7,"bedrijfspanden, garages en utiliteitsbouw",Onze mixcombinaties verwerken zandcement moeiteloos in smalle straten en op hoogte.
zandcement-dekvloer-schagen-sint-maarten-zone-94,Schagen Sint Maarten (Zone 94),Schagen,Noord-Holland,Regio Schagen,A8,"appartementencomplexen, hoogbouw en renovaties",Ideaal te combineren met vloerverwarming of extra verharder voor zware belasting.
zandcement-dekvloer-schagen-sint-maartensbrug-zone-95,Schagen Sint Maartensbrug (Zone 95),Schagen,Noord-Holland,Regio Schagen,N9,"vrijstaande woningen, kavelbouw en aanbouwen",Snel en krimpvrij gesmeerd met optimale hechting en strakke vlakheid.
zandcement-dekvloer-schagen-schagerbrug-zone-96,Schagen Schagerbrug (Zone 96),Schagen,Noord-Holland,Regio Schagen,N242,"nieuwbouwwijken, gezinswoningen en uitbouwen",Dankzij onze mobiele mengers pompen we kant-en-klare mortel direct naar de juiste laagdikte.
zandcement-dekvloer-medemblik-medemblik-stad-zone-97,Medemblik Medemblik-stad (Zone 97),Medemblik,Noord-Holland,Regio Medemblik,N201,"historische panden, herenhuizen en renovaties",Wij adviseren hier onze droogversneller en Duremit vezels voor een snelle oplevering.
zandcement-dekvloer-medemblik-wervershoof-zone-98,Medemblik Wervershoof (Zone 98),Medemblik,Noord-Holland,Regio Medemblik,N247,"bedrijfspanden, garages en utiliteitsbouw",Onze mixcombinaties verwerken zandcement moeiteloos in smalle straten en op hoogte.
zandcement-dekvloer-medemblik-andijk-zone-99,Medemblik Andijk (Zone 99),Medemblik,Noord-Holland,Regio Medemblik,A200,"appartementencomplexen, hoogbouw en renovaties",Ideaal te combineren met vloerverwarming of extra verharder voor zware belasting.
zandcement-dekvloer-medemblik-wognum-zone-100,Medemblik Wognum (Zone 100),Medemblik,Noord-Holland,Regio Medemblik,A10,"vrijstaande woningen, kavelbouw en aanbouwen",Snel en krimpvrij gesmeerd met optimale hechting en strakke vlakheid.
zandcement-dekvloer-medemblik-midwoud-zone-101,Medemblik Midwoud (Zone 101),Medemblik,Noord-Holland,Regio Medemblik,A9,"nieuwbouwwijken, gezinswoningen en uitbouwen",Dankzij onze mobiele mengers pompen we kant-en-klare mortel direct naar de juiste laagdikte.
zandcement-dekvloer-medemblik-twisk-zone-102,Medemblik Twisk (Zone 102),Medemblik,Noord-Holland,Regio Medemblik,A7,"historische panden, herenhuizen en renovaties",Wij adviseren hier onze droogversneller en Duremit vezels voor een snelle oplevering.
zandcement-dekvloer-medemblik-abbekerk-zone-103,Medemblik Abbekerk (Zone 103),Medemblik,Noord-Holland,Regio Medemblik,A8,"bedrijfspanden, garages en utiliteitsbouw",Onze mixcombinaties verwerken zandcement moeiteloos in smalle straten en op hoogte.
zandcement-dekvloer-medemblik-nibbixwoud-zone-104,Medemblik Nibbixwoud (Zone 104),Medemblik,Noord-Holland,Regio Medemblik,N9,"appartementencomplexen, hoogbouw en renovaties",Ideaal te combineren met vloerverwarming of extra verharder voor zware belasting.
zandcement-dekvloer-medemblik-sijbekarspel-zone-105,Medemblik Sijbekarspel (Zone 105),Medemblik,Noord-Holland,Regio Medemblik,N242,"vrijstaande woningen, kavelbouw en aanbouwen",Snel en krimpvrij gesmeerd met optimale hechting en strakke vlakheid.
zandcement-dekvloer-enkhuizen-zone-106,Enkhuizen (Zone 106),Enkhuizen,Noord-Holland,Regio Enkhuizen,N201,"nieuwbouwwijken, gezinswoningen en uitbouwen",Dankzij onze mobiele mengers pompen we kant-en-klare mortel direct naar de juiste laagdikte.
zandcement-dekvloer-enkhuizen-oosterweeghje-zone-107,Enkhuizen Oosterweeghje (Zone 107),Enkhuizen,Noord-Holland,Regio Enkhuizen,N247,"historische panden, herenhuizen en renovaties",Wij adviseren hier onze droogversneller en Duremit vezels voor een snelle oplevering.
zandcement-dekvloer-enkhuizen-gommerwijk-zone-108,Enkhuizen Gommerwijk (Zone 108),Enkhuizen,Noord-Holland,Regio Enkhuizen,A200,"bedrijfspanden, garages en utiliteitsbouw",Onze mixcombinaties verwerken zandcement moeiteloos in smalle straten en op hoogte.
zandcement-dekvloer-enkhuizen-kadijken-zone-109,Enkhuizen Kadijken (Zone 109),Enkhuizen,Noord-Holland,Regio Enkhuizen,A10,"appartementencomplexen, hoogbouw en renovaties",Ideaal te combineren met vloerverwarming of extra verharder voor zware belasting.
zandcement-dekvloer-edam-volendam-volendam-zone-110,Edam-Volendam Volendam (Zone 110),Edam-Volendam,Noord-Holland,Regio Edam-Volendam,A9,"vrijstaande woningen, kavelbouw en aanbouwen",Snel en krimpvrij gesmeerd met optimale hechting en strakke vlakheid.
zandcement-dekvloer-edam-volendam-edam-zone-111,Edam-Volendam Edam (Zone 111),Edam-Volendam,Noord-Holland,Regio Edam-Volendam,A7,"nieuwbouwwijken, gezinswoningen en uitbouwen",Dankzij onze mobiele mengers pompen we kant-en-klare mortel direct naar de juiste laagdikte.
zandcement-dekvloer-edam-volendam-oosthuizen-zone-112,Edam-Volendam Oosthuizen (Zone 112),Edam-Volendam,Noord-Holland,Regio Edam-Volendam,A8,"historische panden, herenhuizen en renovaties",Wij adviseren hier onze droogversneller en Duremit vezels voor een snelle oplevering.
zandcement-dekvloer-edam-volendam-middellie-zone-113,Edam-Volendam Middellie (Zone 113),Edam-Volendam,Noord-Holland,Regio Edam-Volendam,N9,"bedrijfspanden, garages en utiliteitsbouw",Onze mixcombinaties verwerken zandcement moeiteloos in smalle straten en op hoogte.
zandcement-dekvloer-edam-volendam-beets-zone-114,Edam-Volendam Beets (Zone 114),Edam-Volendam,Noord-Holland,Regio Edam-Volendam,N242,"appartementencomplexen, hoogbouw en renovaties",Ideaal te combineren met vloerverwarming of extra verharder voor zware belasting.
zandcement-dekvloer-edam-volendam-kwadijk-zone-115,Edam-Volendam Kwadijk (Zone 115),Edam-Volendam,Noord-Holland,Regio Edam-Volendam,N201,"vrijstaande woningen, kavelbouw en aanbouwen",Snel en krimpvrij gesmeerd met optimale hechting en strakke vlakheid.
zandcement-dekvloer-waterland-monnickendam-zone-116,Waterland Monnickendam (Zone 116),Waterland,Noord-Holland,Regio Waterland,N247,"nieuwbouwwijken, gezinswoningen en uitbouwen",Dankzij onze mobiele mengers pompen we kant-en-klare mortel direct naar de juiste laagdikte.
zandcement-dekvloer-waterland-marken-zone-117,Waterland Marken (Zone 117),Waterland,Noord-Holland,Regio Waterland,A200,"historische panden, herenhuizen en renovaties",Wij adviseren hier onze droogversneller en Duremit vezels voor een snelle oplevering.
zandcement-dekvloer-waterland-broek-in-waterland-zone-118,Waterland Broek in Waterland (Zone 118),Waterland,Noord-Holland,Regio Waterland,A10,"bedrijfspanden, garages en utiliteitsbouw",Onze mixcombinaties verwerken zandcement moeiteloos in smalle straten en op hoogte.
zandcement-dekvloer-waterland-ilpendam-zone-119,Waterland Ilpendam (Zone 119),Waterland,Noord-Holland,Regio Waterland,A9,"appartementencomplexen, hoogbouw en renovaties",Ideaal te combineren met vloerverwarming of extra verharder voor zware belasting.
zandcement-dekvloer-waterland-katwoude-zone-120,Waterland Katwoude (Zone 120),Waterland,Noord-Holland,Regio Waterland,A7,"vrijstaande woningen, kavelbouw en aanbouwen",Snel en krimpvrij gesmeerd met optimale hechting en strakke vlakheid.
zandcement-dekvloer-wormerland-wormer-zone-121,Wormerland Wormer (Zone 121),Wormerland,Noord-Holland,Regio Wormerland,A8,"nieuwbouwwijken, gezinswoningen en uitbouwen",Dankzij onze mobiele mengers pompen we kant-en-klare mortel direct naar de juiste laagdikte.
zandcement-dekvloer-wormerland-jisp-zone-122,Wormerland Jisp (Zone 122),Wormerland,Noord-Holland,Regio Wormerland,N9,"historische panden, herenhuizen en renovaties",Wij adviseren hier onze droogversneller en Duremit vezels voor een snelle oplevering.
zandcement-dekvloer-wormerland-oostknollendam-zone-123,Wormerland Oostknollendam (Zone 123),Wormerland,Noord-Holland,Regio Wormerland,N242,"bedrijfspanden, garages en utiliteitsbouw",Onze mixcombinaties verwerken zandcement moeiteloos in smalle straten en op hoogte.
zandcement-dekvloer-wormerland-spijkerboor-zone-124,Wormerland Spijkerboor (Zone 124),Wormerland,Noord-Holland,Regio Wormerland,N201,"appartementencomplexen, hoogbouw en renovaties",Ideaal te combineren met vloerverwarming of extra verharder voor zware belasting.
zandcement-dekvloer-gooise-meren-bussum-zone-125,Gooise Meren Bussum (Zone 125),Gooise Meren,Noord-Holland,Regio Gooise Meren,N247,"vrijstaande woningen, kavelbouw en aanbouwen",Snel en krimpvrij gesmeerd met optimale hechting en strakke vlakheid.
zandcement-dekvloer-gooise-meren-naarden-zone-126,Gooise Meren Naarden (Zone 126),Gooise Meren,Noord-Holland,Regio Gooise Meren,A200,"nieuwbouwwijken, gezinswoningen en uitbouwen",Dankzij onze mobiele mengers pompen we kant-en-klare mortel direct naar de juiste laagdikte.
zandcement-dekvloer-gooise-meren-muiden-zone-127,Gooise Meren Muiden (Zone 127),Gooise Meren,Noord-Holland,Regio Gooise Meren,A10,"historische panden, herenhuizen en renovaties",Wij adviseren hier onze droogversneller en Duremit vezels voor een snelle oplevering.
zandcement-dekvloer-gooise-meren-muiderberg-zone-128,Gooise Meren Muiderberg (Zone 128),Gooise Meren,Noord-Holland,Regio Gooise Meren,A9,"bedrijfspanden, garages en utiliteitsbouw",Onze mixcombinaties verwerken zandcement moeiteloos in smalle straten en op hoogte.
zandcement-dekvloer-texel-den-burg-zone-129,Texel Den Burg (Zone 129),Texel,Noord-Holland,Regio Texel,A7,"appartementencomplexen, hoogbouw en renovaties",Ideaal te combineren met vloerverwarming of extra verharder voor zware belasting.
zandcement-dekvloer-texel-de-koog-zone-130,Texel De Koog (Zone 130),Texel,Noord-Holland,Regio Texel,A8,"vrijstaande woningen, kavelbouw en aanbouwen",Snel en krimpvrij gesmeerd met optimale hechting en strakke vlakheid.
zandcement-dekvloer-texel-oudeschild-zone-131,Texel Oudeschild (Zone 131),Texel,Noord-Holland,Regio Texel,N9,"nieuwbouwwijken, gezinswoningen en uitbouwen",Dankzij onze mobiele mengers pompen we kant-en-klare mortel direct naar de juiste laagdikte.
zandcement-dekvloer-texel-den-hoorn-zone-132,Texel Den Hoorn (Zone 132),Texel,Noord-Holland,Regio Texel,N242,"historische panden, herenhuizen en renovaties",Wij adviseren hier onze droogversneller en Duremit vezels voor een snelle oplevering.
zandcement-dekvloer-texel-de-cocksdorp-zone-133,Texel De Cocksdorp (Zone 133),Texel,Noord-Holland,Regio Texel,N201,"bedrijfspanden, garages en utiliteitsbouw",Onze mixcombinaties verwerken zandcement moeiteloos in smalle straten en op hoogte.
zandcement-dekvloer-texel-oosterend-zone-134,Texel Oosterend (Zone 134),Texel,Noord-Holland,Regio Texel,N247,"appartementencomplexen, hoogbouw en renovaties",Ideaal te combineren met vloerverwarming of extra verharder voor zware belasting.
zandcement-dekvloer-rotterdam-zone-135,Rotterdam (Zone 135),Rotterdam,Zuid-Holland,Regio Rotterdam,N210,"vrijstaande woningen, kavelbouw en aanbouwen",Snel en krimpvrij gesmeerd met optimale hechting en strakke vlakheid.
zandcement-dekvloer-rotterdam-feijenoord-zone-136,Rotterdam Feijenoord (Zone 136),Rotterdam,Zuid-Holland,Regio Rotterdam,A12,"nieuwbouwwijken, gezinswoningen en uitbouwen",Dankzij onze mobiele mengers pompen we kant-en-klare mortel direct naar de juiste laagdikte.
zandcement-dekvloer-rotterdam-kralingen-zone-137,Rotterdam Kralingen (Zone 137),Rotterdam,Zuid-Holland,Regio Rotterdam,A13,"historische panden, herenhuizen en renovaties",Wij adviseren hier onze droogversneller en Duremit vezels voor een snelle oplevering.
zandcement-dekvloer-rotterdam-noord-zone-138,Rotterdam Noord (Zone 138),Rotterdam,Zuid-Holland,Regio Rotterdam,A15,"bedrijfspanden, garages en utiliteitsbouw",Onze mixcombinaties verwerken zandcement moeiteloos in smalle straten en op hoogte.
zandcement-dekvloer-rotterdam-delfshaven-zone-139,Rotterdam Delfshaven (Zone 139),Rotterdam,Zuid-Holland,Regio Rotterdam,A16,"appartementencomplexen, hoogbouw en renovaties",Ideaal te combineren met vloerverwarming of extra verharder voor zware belasting.
zandcement-dekvloer-rotterdam-ijsselmonde-zone-140,Rotterdam IJsselmonde (Zone 140),Rotterdam,Zuid-Holland,Regio Rotterdam,A20,"vrijstaande woningen, kavelbouw en aanbouwen",Snel en krimpvrij gesmeerd met optimale hechting en strakke vlakheid.
zandcement-dekvloer-rotterdam-prins-alexander-zone-141,Rotterdam Prins Alexander (Zone 141),Rotterdam,Zuid-Holland,Regio Rotterdam,A4,"nieuwbouwwijken, gezinswoningen en uitbouwen",Dankzij onze mobiele mengers pompen we kant-en-klare mortel direct naar de juiste laagdikte.
zandcement-dekvloer-rotterdam-charlois-zone-142,Rotterdam Charlois (Zone 142),Rotterdam,Zuid-Holland,Regio Rotterdam,N11,"historische panden, herenhuizen en renovaties",Wij adviseren hier onze droogversneller en Duremit vezels voor een snelle oplevering.
zandcement-dekvloer-rotterdam-overschie-zone-143,Rotterdam Overschie (Zone 143),Rotterdam,Zuid-Holland,Regio Rotterdam,N206,"bedrijfspanden, garages en utiliteitsbouw",Onze mixcombinaties verwerken zandcement moeiteloos in smalle straten en op hoogte.
zandcement-dekvloer-rotterdam-hoogvliet-zone-144,Rotterdam Hoogvliet (Zone 144),Rotterdam,Zuid-Holland,Regio Rotterdam,N210,"appartementencomplexen, hoogbouw en renovaties",Ideaal te combineren met vloerverwarming of extra verharder voor zware belasting.
zandcement-dekvloer-rotterdam-nesselande-zone-145,Rotterdam Nesselande (Zone 145),Rotterdam,Zuid-Holland,Regio Rotterdam,A12,"vrijstaande woningen, kavelbouw en aanbouwen",Snel en krimpvrij gesmeerd met optimale hechting en strakke vlakheid.
zandcement-dekvloer-rotterdam-pernis-zone-146,Rotterdam Pernis (Zone 146),Rotterdam,Zuid-Holland,Regio Rotterdam,A13,"nieuwbouwwijken, gezinswoningen en uitbouwen",Dankzij onze mobiele mengers pompen we kant-en-klare mortel direct naar de juiste laagdikte.
zandcement-dekvloer-rotterdam-kombuis-zone-147,Rotterdam Kombuis (Zone 147),Rotterdam,Zuid-Holland,Regio Rotterdam,A15,"historische panden, herenhuizen en renovaties",Wij adviseren hier onze droogversneller en Duremit vezels voor een snelle oplevering.
zandcement-dekvloer-rotterdam-ommoord-zone-148,Rotterdam Ommoord (Zone 148),Rotterdam,Zuid-Holland,Regio Rotterdam,A16,"bedrijfspanden, garages en utiliteitsbouw",Onze mixcombinaties verwerken zandcement moeiteloos in smalle straten en op hoogte.
zandcement-dekvloer-rotterdam-zevenkamp-zone-149,Rotterdam Zevenkamp (Zone 149),Rotterdam,Zuid-Holland,Regio Rotterdam,A20,"appartementencomplexen, hoogbouw en renovaties",Ideaal te combineren met vloerverwarming of extra verharder voor zware belasting.
zandcement-dekvloer-den-haag-zone-150,Den Haag (Zone 150),Den Haag,Zuid-Holland,Regio Den Haag,A4,"vrijstaande woningen, kavelbouw en aanbouwen",Snel en krimpvrij gesmeerd met optimale hechting en strakke vlakheid.
zandcement-dekvloer-den-haag-scheveningen-zone-151,Den Haag Scheveningen (Zone 151),Den Haag,Zuid-Holland,Regio Den Haag,N11,"nieuwbouwwijken, gezinswoningen en uitbouwen",Dankzij onze mobiele mengers pompen we kant-en-klare mortel direct naar de juiste laagdikte.
zandcement-dekvloer-den-haag-escamp-zone-152,Den Haag Escamp (Zone 152),Den Haag,Zuid-Holland,Regio Den Haag,N206,"historische panden, herenhuizen en renovaties",Wij adviseren hier onze droogversneller en Duremit vezels voor een snelle oplevering.
zandcement-dekvloer-den-haag-laak-zone-153,Den Haag Laak (Zone 153),Den Haag,Zuid-Holland,Regio Den Haag,N210,"bedrijfspanden, garages en utiliteitsbouw",Onze mixcombinaties verwerken zandcement moeiteloos in smalle straten en op hoogte.
zandcement-dekvloer-den-haag-leidschenveen-ypenburg-zone-154,Den Haag Leidschenveen-Ypenburg (Zone 154),Den Haag,Zuid-Holland,Regio Den Haag,A12,"appartementencomplexen, hoogbouw en renovaties",Ideaal te combineren met vloerverwarming of extra verharder voor zware belasting.
zandcement-dekvloer-den-haag-loosduinen-zone-155,Den Haag Loosduinen (Zone 155),Den Haag,Zuid-Holland,Regio Den Haag,A13,"vrijstaande woningen, kavelbouw en aanbouwen",Snel en krimpvrij gesmeerd met optimale hechting en strakke vlakheid.
zandcement-dekvloer-den-haag-haagse-hout-zone-156,Den Haag Haagse Hout (Zone 156),Den Haag,Zuid-Holland,Regio Den Haag,A15,"nieuwbouwwijken, gezinswoningen en uitbouwen",Dankzij onze mobiele mengers pompen we kant-en-klare mortel direct naar de juiste laagdikte.
zandcement-dekvloer-den-haag-segbroek-zone-157,Den Haag Segbroek (Zone 157),Den Haag,Zuid-Holland,Regio Den Haag,A16,"historische panden, herenhuizen en renovaties",Wij adviseren hier onze droogversneller en Duremit vezels voor een snelle oplevering.
zandcement-dekvloer-den-haag-kijkduin-zone-158,Den Haag Kijkduin (Zone 158),Den Haag,Zuid-Holland,Regio Den Haag,A20,"bedrijfspanden, garages en utiliteitsbouw",Onze mixcombinaties verwerken zandcement moeiteloos in smalle straten en op hoogte.
zandcement-dekvloer-den-haag-wateringse-veld-zone-159,Den Haag Wateringse Veld (Zone 159),Den Haag,Zuid-Holland,Regio Den Haag,A4,"appartementencomplexen, hoogbouw en renovaties",Ideaal te combineren met vloerverwarming of extra verharder voor zware belasting.
zandcement-dekvloer-den-haag-benoordenhout-zone-160,Den Haag Benoordenhout (Zone 160),Den Haag,Zuid-Holland,Regio Den Haag,N11,"vrijstaande woningen, kavelbouw en aanbouwen",Snel en krimpvrij gesmeerd met optimale hechting en strakke vlakheid.
zandcement-dekvloer-zoetermeer-zone-161,Zoetermeer (Zone 161),Zoetermeer,Zuid-Holland,Regio Zoetermeer,N206,"nieuwbouwwijken, gezinswoningen en uitbouwen",Dankzij onze mobiele mengers pompen we kant-en-klare mortel direct naar de juiste laagdikte.
zandcement-dekvloer-zoetermeer-oosterheem-zone-162,Zoetermeer Oosterheem (Zone 162),Zoetermeer,Zuid-Holland,Regio Zoetermeer,N210,"historische panden, herenhuizen en renovaties",Wij adviseren hier onze droogversneller en Duremit vezels voor een snelle oplevering.
zandcement-dekvloer-zoetermeer-buytenwegh-zone-163,Zoetermeer Buytenwegh (Zone 163),Zoetermeer,Zuid-Holland,Regio Zoetermeer,A12,"bedrijfspanden, garages en utiliteitsbouw",Onze mixcombinaties verwerken zandcement moeiteloos in smalle straten en op hoogte.
zandcement-dekvloer-zoetermeer-seghwaert-zone-164,Zoetermeer Seghwaert (Zone 164),Zoetermeer,Zuid-Holland,Regio Zoetermeer,A13,"appartementencomplexen, hoogbouw en renovaties",Ideaal te combineren met vloerverwarming of extra verharder voor zware belasting.
zandcement-dekvloer-zoetermeer-rokkeveen-zone-165,Zoetermeer Rokkeveen (Zone 165),Zoetermeer,Zuid-Holland,Regio Zoetermeer,A15,"vrijstaande woningen, kavelbouw en aanbouwen",Snel en krimpvrij gesmeerd met optimale hechting en strakke vlakheid.
zandcement-dekvloer-zoetermeer-meerzicht-zone-166,Zoetermeer Meerzicht (Zone 166),Zoetermeer,Zuid-Holland,Regio Zoetermeer,A16,"nieuwbouwwijken, gezinswoningen en uitbouwen",Dankzij onze mobiele mengers pompen we kant-en-klare mortel direct naar de juiste laagdikte.
zandcement-dekvloer-zoetermeer-driemanspolder-zone-167,Zoetermeer Driemanspolder (Zone 167),Zoetermeer,Zuid-Holland,Regio Zoetermeer,A20,"historische panden, herenhuizen en renovaties",Wij adviseren hier onze droogversneller en Duremit vezels voor een snelle oplevering.
zandcement-dekvloer-zoetermeer-palenstein-zone-168,Zoetermeer Palenstein (Zone 168),Zoetermeer,Zuid-Holland,Regio Zoetermeer,A4,"bedrijfspanden, garages en utiliteitsbouw",Onze mixcombinaties verwerken zandcement moeiteloos in smalle straten en op hoogte.
zandcement-dekvloer-zoetermeer-noordhove-zone-169,Zoetermeer Noordhove (Zone 169),Zoetermeer,Zuid-Holland,Regio Zoetermeer,N11,"appartementencomplexen, hoogbouw en renovaties",Ideaal te combineren met vloerverwarming of extra verharder voor zware belasting.
zandcement-dekvloer-dordrecht-zone-170,Dordrecht (Zone 170),Dordrecht,Zuid-Holland,Regio Dordrecht,N206,"vrijstaande woningen, kavelbouw en aanbouwen",Snel en krimpvrij gesmeerd met optimale hechting en strakke vlakheid.
zandcement-dekvloer-dordrecht-stadspolders-zone-171,Dordrecht Stadspolders (Zone 171),Dordrecht,Zuid-Holland,Regio Dordrecht,N210,"nieuwbouwwijken, gezinswoningen en uitbouwen",Dankzij onze mobiele mengers pompen we kant-en-klare mortel direct naar de juiste laagdikte.
zandcement-dekvloer-dordrecht-sterrenburg-zone-172,Dordrecht Sterrenburg (Zone 172),Dordrecht,Zuid-Holland,Regio Dordrecht,A12,"historische panden, herenhuizen en renovaties",Wij adviseren hier onze droogversneller en Duremit vezels voor een snelle oplevering.
zandcement-dekvloer-dordrecht-wielwijk-zone-173,Dordrecht Wielwijk (Zone 173),Dordrecht,Zuid-Holland,Regio Dordrecht,A13,"bedrijfspanden, garages en utiliteitsbouw",Onze mixcombinaties verwerken zandcement moeiteloos in smalle straten en op hoogte.
zandcement-dekvloer-dordrecht-krispijn-zone-174,Dordrecht Krispijn (Zone 174),Dordrecht,Zuid-Holland,Regio Dordrecht,A15,"appartementencomplexen, hoogbouw en renovaties",Ideaal te combineren met vloerverwarming of extra verharder voor zware belasting.
zandcement-dekvloer-dordrecht-dubbeldam-zone-175,Dordrecht Dubbeldam (Zone 175),Dordrecht,Zuid-Holland,Regio Dordrecht,A16,"vrijstaande woningen, kavelbouw en aanbouwen",Snel en krimpvrij gesmeerd met optimale hechting en strakke vlakheid.
zandcement-dekvloer-dordrecht-crabbehof-zone-176,Dordrecht Crabbehof (Zone 176),Dordrecht,Zuid-Holland,Regio Dordrecht,A20,"nieuwbouwwijken, gezinswoningen en uitbouwen",Dankzij onze mobiele mengers pompen we kant-en-klare mortel direct naar de juiste laagdikte.
zandcement-dekvloer-leiden-zone-177,Leiden (Zone 177),Leiden,Zuid-Holland,Regio Leiden,A4,"historische panden, herenhuizen en renovaties",Wij adviseren hier onze droogversneller en Duremit vezels voor een snelle oplevering.
zandcement-dekvloer-leiden-stevenshof-zone-178,Leiden Stevenshof (Zone 178),Leiden,Zuid-Holland,Regio Leiden,N11,"bedrijfspanden, garages en utiliteitsbouw",Onze mixcombinaties verwerken zandcement moeiteloos in smalle straten en op hoogte.
zandcement-dekvloer-leiden-merenwijk-zone-179,Leiden Merenwijk (Zone 179),Leiden,Zuid-Holland,Regio Leiden,N206,"appartementencomplexen, hoogbouw en renovaties",Ideaal te combineren met vloerverwarming of extra verharder voor zware belasting.
zandcement-dekvloer-leiden-roomburg-zone-180,Leiden Roomburg (Zone 180),Leiden,Zuid-Holland,Regio Leiden,N210,"vrijstaande woningen, kavelbouw en aanbouwen",Snel en krimpvrij gesmeerd met optimale hechting en strakke vlakheid.
zandcement-dekvloer-leiden-morsdistrict-zone-181,Leiden Morsdistrict (Zone 181),Leiden,Zuid-Holland,Regio Leiden,A12,"nieuwbouwwijken, gezinswoningen en uitbouwen",Dankzij onze mobiele mengers pompen we kant-en-klare mortel direct naar de juiste laagdikte.
zandcement-dekvloer-leiden-boerhaavedistrict-zone-182,Leiden Boerhaavedistrict (Zone 182),Leiden,Zuid-Holland,Regio Leiden,A13,"historische panden, herenhuizen en renovaties",Wij adviseren hier onze droogversneller en Duremit vezels voor een snelle oplevering.
zandcement-dekvloer-leiden-lammenschans-zone-183,Leiden Lammenschans (Zone 183),Leiden,Zuid-Holland,Regio Leiden,A15,"bedrijfspanden, garages en utiliteitsbouw",Onze mixcombinaties verwerken zandcement moeiteloos in smalle straten en op hoogte.
zandcement-dekvloer-delft-zone-184,Delft (Zone 184),Delft,Zuid-Holland,Regio Delft,A16,"appartementencomplexen, hoogbouw en renovaties",Ideaal te combineren met vloerverwarming of extra verharder voor zware belasting.
zandcement-dekvloer-delft-tanthof-zone-185,Delft Tanthof (Zone 185),Delft,Zuid-Holland,Regio Delft,A20,"vrijstaande woningen, kavelbouw en aanbouwen",Snel en krimpvrij gesmeerd met optimale hechting en strakke vlakheid.
zandcement-dekvloer-delft-voorhof-zone-186,Delft Voorhof (Zone 186),Delft,Zuid-Holland,Regio Delft,A4,"nieuwbouwwijken, gezinswoningen en uitbouwen",Dankzij onze mobiele mengers pompen we kant-en-klare mortel direct naar de juiste laagdikte.
zandcement-dekvloer-delft-buitenhof-zone-187,Delft Buitenhof (Zone 187),Delft,Zuid-Holland,Regio Delft,N11,"historische panden, herenhuizen en renovaties",Wij adviseren hier onze droogversneller en Duremit vezels voor een snelle oplevering.
zandcement-dekvloer-delft-wippolder-zone-188,Delft Wippolder (Zone 188),Delft,Zuid-Holland,Regio Delft,N206,"bedrijfspanden, garages en utiliteitsbouw",Onze mixcombinaties verwerken zandcement moeiteloos in smalle straten en op hoogte.
zandcement-dekvloer-delft-hof-van-delft-zone-189,Delft Hof van Delft (Zone 189),Delft,Zuid-Holland,Regio Delft,N210,"appartementencomplexen, hoogbouw en renovaties",Ideaal te combineren met vloerverwarming of extra verharder voor zware belasting.
zandcement-dekvloer-westland-naaldwijk-zone-190,Westland Naaldwijk (Zone 190),Westland,Zuid-Holland,Regio Westland,A12,"vrijstaande woningen, kavelbouw en aanbouwen",Snel en krimpvrij gesmeerd met optimale hechting en strakke vlakheid.
zandcement-dekvloer-westland-monster-zone-191,Westland Monster (Zone 191),Westland,Zuid-Holland,Regio Westland,A13,"nieuwbouwwijken, gezinswoningen en uitbouwen",Dankzij onze mobiele mengers pompen we kant-en-klare mortel direct naar de juiste laagdikte.
zandcement-dekvloer-westland-wateringen-zone-192,Westland Wateringen (Zone 192),Westland,Zuid-Holland,Regio Westland,A15,"historische panden, herenhuizen en renovaties",Wij adviseren hier onze droogversneller en Duremit vezels voor een snelle oplevering.
zandcement-dekvloer-westland-gravenzande-zone-193,Westland Gravenzande (Zone 193),Westland,Zuid-Holland,Regio Westland,A16,"bedrijfspanden, garages en utiliteitsbouw",Onze mixcombinaties verwerken zandcement moeiteloos in smalle straten en op hoogte.
zandcement-dekvloer-westland-de-lier-zone-194,Westland De Lier (Zone 194),Westland,Zuid-Holland,Regio Westland,A20,"appartementencomplexen, hoogbouw en renovaties",Ideaal te combineren met vloerverwarming of extra verharder voor zware belasting.
zandcement-dekvloer-westland-honselersdijk-zone-195,Westland Honselersdijk (Zone 195),Westland,Zuid-Holland,Regio Westland,A4,"vrijstaande woningen, kavelbouw en aanbouwen",Snel en krimpvrij gesmeerd met optimale hechting en strakke vlakheid.
zandcement-dekvloer-westland-poeldijk-zone-196,Westland Poeldijk (Zone 196),Westland,Zuid-Holland,Regio Westland,N11,"nieuwbouwwijken, gezinswoningen en uitbouwen",Dankzij onze mobiele mengers pompen we kant-en-klare mortel direct naar de juiste laagdikte.
zandcement-dekvloer-westland-kintscheul-zone-197,Westland Kintscheul (Zone 197),Westland,Zuid-Holland,Regio Westland,N206,"historische panden, herenhuizen en renovaties",Wij adviseren hier onze droogversneller en Duremit vezels voor een snelle oplevering.
zandcement-dekvloer-westland-ter-heijde-zone-198,Westland Ter Heijde (Zone 198),Westland,Zuid-Holland,Regio Westland,N210,"bedrijfspanden, garages en utiliteitsbouw",Onze mixcombinaties verwerken zandcement moeiteloos in smalle straten en op hoogte.
zandcement-dekvloer-alphen-aan-den-rijn-zone-199,Alphen aan den Rijn (Zone 199),Alphen aan den Rijn,Zuid-Holland,Regio Alphen aan den Rijn,A12,"appartementencomplexen, hoogbouw en renovaties",Ideaal te combineren met vloerverwarming of extra verharder voor zware belasting.
zandcement-dekvloer-alphen-aan-den-rijn-ridderveld-zone-200,Alphen aan den Rijn Ridderveld (Zone 200),Alphen aan den Rijn,Zuid-Holland,Regio Alphen aan den Rijn,A13,"vrijstaande woningen, kavelbouw en aanbouwen",Snel en krimpvrij gesmeerd met optimale hechting en strakke vlakheid.
zandcement-dekvloer-alphen-aan-den-rijn-kerk-en-zanen-zone-201,Alphen aan den Rijn Kerk en Zanen (Zone 201),Alphen aan den Rijn,Zuid-Holland,Regio Alphen aan den Rijn,A15,"nieuwbouwwijken, gezinswoningen en uitbouwen",Dankzij onze mobiele mengers pompen we kant-en-klare mortel direct naar de juiste laagdikte.
zandcement-dekvloer-alphen-aan-den-rijn-boskoop-zone-202,Alphen aan den Rijn Boskoop (Zone 202),Alphen aan den Rijn,Zuid-Holland,Regio Alphen aan den Rijn,A16,"historische panden, herenhuizen en renovaties",Wij adviseren hier onze droogversneller en Duremit vezels voor een snelle oplevering.
zandcement-dekvloer-alphen-aan-den-rijn-rijnwoude-zone-203,Alphen aan den Rijn Rijnwoude (Zone 203),Alphen aan den Rijn,Zuid-Holland,Regio Alphen aan den Rijn,A20,"bedrijfspanden, garages en utiliteitsbouw",Onze mixcombinaties verwerken zandcement moeiteloos in smalle straten en op hoogte.
zandcement-dekvloer-alphen-aan-den-rijn-hazerswoude-dorp-zone-204,Alphen aan den Rijn Hazerswoude-Dorp (Zone 204),Alphen aan den Rijn,Zuid-Holland,Regio Alphen aan den Rijn,A4,"appartementencomplexen, hoogbouw en renovaties",Ideaal te combineren met vloerverwarming of extra verharder voor zware belasting.
zandcement-dekvloer-alphen-aan-den-rijn-hazerswoude-rijndijk-zone-205,Alphen aan den Rijn Hazerswoude-Rijndijk (Zone 205),Alphen aan den Rijn,Zuid-Holland,Regio Alphen aan den Rijn,N11,"vrijstaande woningen, kavelbouw en aanbouwen",Snel en krimpvrij gesmeerd met optimale hechting en strakke vlakheid.
zandcement-dekvloer-alphen-aan-den-rijn-koudekerk-aan-den-rijn-zone-206,Alphen aan den Rijn Koudekerk aan den Rijn (Zone 206),Alphen aan den Rijn,Zuid-Holland,Regio Alphen aan den Rijn,N206,"nieuwbouwwijken, gezinswoningen en uitbouwen",Dankzij onze mobiele mengers pompen we kant-en-klare mortel direct naar de juiste laagdikte.
zandcement-dekvloer-gouda-zone-207,Gouda (Zone 207),Gouda,Zuid-Holland,Regio Gouda,N210,"historische panden, herenhuizen en renovaties",Wij adviseren hier onze droogversneller en Duremit vezels voor een snelle oplevering.
zandcement-dekvloer-gouda-bloemendaal-zone-208,Gouda Bloemendaal (Zone 208),Gouda,Zuid-Holland,Regio Gouda,A12,"bedrijfspanden, garages en utiliteitsbouw",Onze mixcombinaties verwerken zandcement moeiteloos in smalle straten en op hoogte.
zandcement-dekvloer-gouda-goverwelle-zone-209,Gouda Goverwelle (Zone 209),Gouda,Zuid-Holland,Regio Gouda,A13,"appartementencomplexen, hoogbouw en renovaties",Ideaal te combineren met vloerverwarming of extra verharder voor zware belasting.
zandcement-dekvloer-gouda-westergouwe-zone-210,Gouda Westergouwe (Zone 210),Gouda,Zuid-Holland,Regio Gouda,A15,"vrijstaande woningen, kavelbouw en aanbouwen",Snel en krimpvrij gesmeerd met optimale hechting en strakke vlakheid.
zandcement-dekvloer-gouda-korte-akkeren-zone-211,Gouda Korte Akkeren (Zone 211),Gouda,Zuid-Holland,Regio Gouda,A16,"nieuwbouwwijken, gezinswoningen en uitbouwen",Dankzij onze mobiele mengers pompen we kant-en-klare mortel direct naar de juiste laagdikte.
zandcement-dekvloer-nissewaard-spijkenisse-zone-212,Nissewaard Spijkenisse (Zone 212),Nissewaard,Zuid-Holland,Regio Nissewaard,A20,"historische panden, herenhuizen en renovaties",Wij adviseren hier onze droogversneller en Duremit vezels voor een snelle oplevering.
zandcement-dekvloer-nissewaard-geervliet-zone-213,Nissewaard Geervliet (Zone 213),Nissewaard,Zuid-Holland,Regio Nissewaard,A4,"bedrijfspanden, garages en utiliteitsbouw",Onze mixcombinaties verwerken zandcement moeiteloos in smalle straten en op hoogte.
zandcement-dekvloer-nissewaard-heenvliet-zone-214,Nissewaard Heenvliet (Zone 214),Nissewaard,Zuid-Holland,Regio Nissewaard,N11,"appartementencomplexen, hoogbouw en renovaties",Ideaal te combineren met vloerverwarming of extra verharder voor zware belasting.
zandcement-dekvloer-nissewaard-abbenbroek-zone-215,Nissewaard Abbenbroek (Zone 215),Nissewaard,Zuid-Holland,Regio Nissewaard,N206,"vrijstaande woningen, kavelbouw en aanbouwen",Snel en krimpvrij gesmeerd met optimale hechting en strakke vlakheid.
zandcement-dekvloer-nissewaard-zuidland-zone-216,Nissewaard Zuidland (Zone 216),Nissewaard,Zuid-Holland,Regio Nissewaard,N210,"nieuwbouwwijken, gezinswoningen en uitbouwen",Dankzij onze mobiele mengers pompen we kant-en-klare mortel direct naar de juiste laagdikte.
zandcement-dekvloer-nissewaard-simonshaven-zone-217,Nissewaard Simonshaven (Zone 217),Nissewaard,Zuid-Holland,Regio Nissewaard,A12,"historische panden, herenhuizen en renovaties",Wij adviseren hier onze droogversneller en Duremit vezels voor een snelle oplevering.
zandcement-dekvloer-schiedam-zone-218,Schiedam (Zone 218),Schiedam,Zuid-Holland,Regio Schiedam,A13,"bedrijfspanden, garages en utiliteitsbouw",Onze mixcombinaties verwerken zandcement moeiteloos in smalle straten en op hoogte.
zandcement-dekvloer-schiedam-nieuwland-zone-219,Schiedam Nieuwland (Zone 219),Schiedam,Zuid-Holland,Regio Schiedam,A15,"appartementencomplexen, hoogbouw en renovaties",Ideaal te combineren met vloerverwarming of extra verharder voor zware belasting.
zandcement-dekvloer-schiedam-groenoord-zone-220,Schiedam Groenoord (Zone 220),Schiedam,Zuid-Holland,Regio Schiedam,A16,"vrijstaande woningen, kavelbouw en aanbouwen",Snel en krimpvrij gesmeerd met optimale hechting en strakke vlakheid.
zandcement-dekvloer-schiedam-kethel-zone-221,Schiedam Kethel (Zone 221),Schiedam,Zuid-Holland,Regio Schiedam,A20,"nieuwbouwwijken, gezinswoningen en uitbouwen",Dankzij onze mobiele mengers pompen we kant-en-klare mortel direct naar de juiste laagdikte.
zandcement-dekvloer-schiedam-gorzen-zone-222,Schiedam Gorzen (Zone 222),Schiedam,Zuid-Holland,Regio Schiedam,A4,"historische panden, herenhuizen en renovaties",Wij adviseren hier onze droogversneller en Duremit vezels voor een snelle oplevering.
zandcement-dekvloer-vlaardingen-zone-223,Vlaardingen (Zone 223),Vlaardingen,Zuid-Holland,Regio Vlaardingen,N11,"bedrijfspanden, garages en utiliteitsbouw",Onze mixcombinaties verwerken zandcement moeiteloos in smalle straten en op hoogte.
zandcement-dekvloer-vlaardingen-holy-zone-224,Vlaardingen Holy (Zone 224),Vlaardingen,Zuid-Holland,Regio Vlaardingen,N206,"appartementencomplexen, hoogbouw en renovaties",Ideaal te combineren met vloerverwarming of extra verharder voor zware belasting.
zandcement-dekvloer-vlaardingen-babberspolder-zone-225,Vlaardingen Babberspolder (Zone 225),Vlaardingen,Zuid-Holland,Regio Vlaardingen,N210,"vrijstaande woningen, kavelbouw en aanbouwen",Snel en krimpvrij gesmeerd met optimale hechting en strakke vlakheid.
zandcement-dekvloer-vlaardingen-westwijk-zone-226,Vlaardingen Westwijk (Zone 226),Vlaardingen,Zuid-Holland,Regio Vlaardingen,A12,"nieuwbouwwijken, gezinswoningen en uitbouwen",Dankzij onze mobiele mengers pompen we kant-en-klare mortel direct naar de juiste laagdikte.
zandcement-dekvloer-vlaardingen-ambacht-zone-227,Vlaardingen Ambacht (Zone 227),Vlaardingen,Zuid-Holland,Regio Vlaardingen,A13,"historische panden, herenhuizen en renovaties",Wij adviseren hier onze droogversneller en Duremit vezels voor een snelle oplevering.
zandcement-dekvloer-katwijk-katwijk-aan-zee-zone-228,Katwijk Katwijk aan Zee (Zone 228),Katwijk,Zuid-Holland,Regio Katwijk,A15,"bedrijfspanden, garages en utiliteitsbouw",Onze mixcombinaties verwerken zandcement moeiteloos in smalle straten en op hoogte.
zandcement-dekvloer-katwijk-katwijk-aan-de-rijn-zone-229,Katwijk Katwijk aan de Rijn (Zone 229),Katwijk,Zuid-Holland,Regio Katwijk,A16,"appartementencomplexen, hoogbouw en renovaties",Ideaal te combineren met vloerverwarming of extra verharder voor zware belasting.
zandcement-dekvloer-katwijk-rijnsburg-zone-230,Katwijk Rijnsburg (Zone 230),Katwijk,Zuid-Holland,Regio Katwijk,A20,"vrijstaande woningen, kavelbouw en aanbouwen",Snel en krimpvrij gesmeerd met optimale hechting en strakke vlakheid.
zandcement-dekvloer-katwijk-valkenburg-zone-231,Katwijk Valkenburg (Zone 231),Katwijk,Zuid-Holland,Regio Katwijk,A4,"nieuwbouwwijken, gezinswoningen en uitbouwen",Dankzij onze mobiele mengers pompen we kant-en-klare mortel direct naar de juiste laagdikte.
zandcement-dekvloer-krimpenerwaard-schoonhoven-zone-232,Krimpenerwaard Schoonhoven (Zone 232),Krimpenerwaard,Zuid-Holland,Regio Krimpenerwaard,N11,"historische panden, herenhuizen en renovaties",Wij adviseren hier onze droogversneller en Duremit vezels voor een snelle oplevering.
zandcement-dekvloer-krimpenerwaard-bergambacht-zone-233,Krimpenerwaard Bergambacht (Zone 233),Krimpenerwaard,Zuid-Holland,Regio Krimpenerwaard,N206,"bedrijfspanden, garages en utiliteitsbouw",Onze mixcombinaties verwerken zandcement moeiteloos in smalle straten en op hoogte.
zandcement-dekvloer-krimpenerwaard-lekkerkerk-zone-234,Krimpenerwaard Lekkerkerk (Zone 234),Krimpenerwaard,Zuid-Holland,Regio Krimpenerwaard,N210,"appartementencomplexen, hoogbouw en renovaties",Ideaal te combineren met vloerverwarming of extra verharder voor zware belasting.
zandcement-dekvloer-krimpenerwaard-streefkerk-zone-235,Krimpenerwaard Streefkerk (Zone 235),Krimpenerwaard,Zuid-Holland,Regio Krimpenerwaard,A12,"vrijstaande woningen, kavelbouw en aanbouwen",Snel en krimpvrij gesmeerd met optimale hechting en strakke vlakheid.
zandcement-dekvloer-krimpenerwaard-haastrecht-zone-236,Krimpenerwaard Haastrecht (Zone 236),Krimpenerwaard,Zuid-Holland,Regio Krimpenerwaard,A13,"nieuwbouwwijken, gezinswoningen en uitbouwen",Dankzij onze mobiele mengers pompen we kant-en-klare mortel direct naar de juiste laagdikte.
zandcement-dekvloer-krimpenerwaard-ammerstol-zone-237,Krimpenerwaard Ammerstol (Zone 237),Krimpenerwaard,Zuid-Holland,Regio Krimpenerwaard,A15,"historische panden, herenhuizen en renovaties",Wij adviseren hier onze droogversneller en Duremit vezels voor een snelle oplevering.
zandcement-dekvloer-krimpenerwaard-gouderak-zone-238,Krimpenerwaard Gouderak (Zone 238),Krimpenerwaard,Zuid-Holland,Regio Krimpenerwaard,A16,"bedrijfspanden, garages en utiliteitsbouw",Onze mixcombinaties verwerken zandcement moeiteloos in smalle straten en op hoogte.
zandcement-dekvloer-hoeksche-waard-oud-beijerland-zone-239,Hoeksche Waard Oud-Beijerland (Zone 239),Hoeksche Waard,Zuid-Holland,Regio Hoeksche Waard,A20,"appartementencomplexen, hoogbouw en renovaties",Ideaal te combineren met vloerverwarming of extra verharder voor zware belasting.
zandcement-dekvloer-hoeksche-waard-gravendeel-zone-240,Hoeksche Waard Gravendeel (Zone 240),Hoeksche Waard,Zuid-Holland,Regio Hoeksche Waard,A4,"vrijstaande woningen, kavelbouw en aanbouwen",Snel en krimpvrij gesmeerd met optimale hechting en strakke vlakheid.
zandcement-dekvloer-hoeksche-waard-puttershoek-zone-241,Hoeksche Waard Puttershoek (Zone 241),Hoeksche Waard,Zuid-Holland,Regio Hoeksche Waard,N11,"nieuwbouwwijken, gezinswoningen en uitbouwen",Dankzij onze mobiele mengers pompen we kant-en-klare mortel direct naar de juiste laagdikte.
zandcement-dekvloer-hoeksche-waard-strijen-zone-242,Hoeksche Waard Strijen (Zone 242),Hoeksche Waard,Zuid-Holland,Regio Hoeksche Waard,N206,"historische panden, herenhuizen en renovaties",Wij adviseren hier onze droogversneller en Duremit vezels voor een snelle oplevering.
zandcement-dekvloer-hoeksche-waard-numansdorp-zone-243,Hoeksche Waard Numansdorp (Zone 243),Hoeksche Waard,Zuid-Holland,Regio Hoeksche Waard,N210,"bedrijfspanden, garages en utiliteitsbouw",Onze mixcombinaties verwerken zandcement moeiteloos in smalle straten en op hoogte.
zandcement-dekvloer-hoeksche-waard-mijnsheerenland-zone-244,Hoeksche Waard Mijnsheerenland (Zone 244),Hoeksche Waard,Zuid-Holland,Regio Hoeksche Waard,A12,"appartementencomplexen, hoogbouw en renovaties",Ideaal te combineren met vloerverwarming of extra verharder voor zware belasting.
zandcement-dekvloer-hoeksche-waard-piershil-zone-245,Hoeksche Waard Piershil (Zone 245),Hoeksche Waard,Zuid-Holland,Regio Hoeksche Waard,A13,"vrijstaande woningen, kavelbouw en aanbouwen",Snel en krimpvrij gesmeerd met optimale hechting en strakke vlakheid.
zandcement-dekvloer-goeree-overflakkee-middelharnis-zone-246,Goeree-Overflakkee Middelharnis (Zone 246),Goeree-Overflakkee,Zuid-Holland,Regio Goeree-Overflakkee,A15,"nieuwbouwwijken, gezinswoningen en uitbouwen",Dankzij onze mobiele mengers pompen we kant-en-klare mortel direct naar de juiste laagdikte.
zandcement-dekvloer-goeree-overflakkee-sommelsdijk-zone-247,Goeree-Overflakkee Sommelsdijk (Zone 247),Goeree-Overflakkee,Zuid-Holland,Regio Goeree-Overflakkee,A16,"historische panden, herenhuizen en renovaties",Wij adviseren hier onze droogversneller en Duremit vezels voor een snelle oplevering.
zandcement-dekvloer-goeree-overflakkee-ouddorp-zone-248,Goeree-Overflakkee Ouddorp (Zone 248),Goeree-Overflakkee,Zuid-Holland,Regio Goeree-Overflakkee,A20,"bedrijfspanden, garages en utiliteitsbouw",Onze mixcombinaties verwerken zandcement moeiteloos in smalle straten en op hoogte.
zandcement-dekvloer-goeree-overflakkee-dirksland-zone-249,Goeree-Overflakkee Dirksland (Zone 249),Goeree-Overflakkee,Zuid-Holland,Regio Goeree-Overflakkee,A4,"appartementencomplexen, hoogbouw en renovaties",Ideaal te combineren met vloerverwarming of extra verharder voor zware belasting.
zandcement-dekvloer-goeree-overflakkee-oude-tonge-zone-250,Goeree-Overflakkee Oude-Tonge (Zone 250),Goeree-Overflakkee,Zuid-Holland,Regio Goeree-Overflakkee,N11,"vrijstaande woningen, kavelbouw en aanbouwen",Snel en krimpvrij gesmeerd met optimale hechting en strakke vlakheid.
zandcement-dekvloer-goeree-overflakkee-stellendam-zone-251,Goeree-Overflakkee Stellendam (Zone 251),Goeree-Overflakkee,Zuid-Holland,Regio Goeree-Overflakkee,N206,"nieuwbouwwijken, gezinswoningen en uitbouwen",Dankzij onze mobiele mengers pompen we kant-en-klare mortel direct naar de juiste laagdikte.
zandcement-dekvloer-goeree-overflakkee-herkingen-zone-252,Goeree-Overflakkee Herkingen (Zone 252),Goeree-Overflakkee,Zuid-Holland,Regio Goeree-Overflakkee,N210,"historische panden, herenhuizen en renovaties",Wij adviseren hier onze droogversneller en Duremit vezels voor een snelle oplevering.
zandcement-dekvloer-utrecht-zone-253,Utrecht (Zone 253),Utrecht,Utrecht,Regio Utrecht,A28,"bedrijfspanden, garages en utiliteitsbouw",Onze mixcombinaties verwerken zandcement moeiteloos in smalle straten en op hoogte.
zandcement-dekvloer-utrecht-leidsche-rijn-zone-254,Utrecht Leidsche Rijn (Zone 254),Utrecht,Utrecht,Regio Utrecht,N201,"appartementencomplexen, hoogbouw en renovaties",Ideaal te combineren met vloerverwarming of extra verharder voor zware belasting.
zandcement-dekvloer-utrecht-overvecht-zone-255,Utrecht Overvecht (Zone 255),Utrecht,Utrecht,Regio Utrecht,N228,"vrijstaande woningen, kavelbouw en aanbouwen",Snel en krimpvrij gesmeerd met optimale hechting en strakke vlakheid.
zandcement-dekvloer-utrecht-lombok-zone-256,Utrecht Lombok (Zone 256),Utrecht,Utrecht,Regio Utrecht,N230,"nieuwbouwwijken, gezinswoningen en uitbouwen",Dankzij onze mobiele mengers pompen we kant-en-klare mortel direct naar de juiste laagdikte.
zandcement-dekvloer-utrecht-oog-in-al-zone-257,Utrecht Oog in Al (Zone 257),Utrecht,Utrecht,Regio Utrecht,A1,"historische panden, herenhuizen en renovaties",Wij adviseren hier onze droogversneller en Duremit vezels voor een snelle oplevering.
zandcement-dekvloer-utrecht-zuilen-zone-258,Utrecht Zuilen (Zone 258),Utrecht,Utrecht,Regio Utrecht,A2,"bedrijfspanden, garages en utiliteitsbouw",Onze mixcombinaties verwerken zandcement moeiteloos in smalle straten en op hoogte.
zandcement-dekvloer-utrecht-kanaleneiland-zone-259,Utrecht Kanaleneiland (Zone 259),Utrecht,Utrecht,Regio Utrecht,A12,"appartementencomplexen, hoogbouw en renovaties",Ideaal te combineren met vloerverwarming of extra verharder voor zware belasting.
zandcement-dekvloer-utrecht-wittevrouwen-zone-260,Utrecht Wittevrouwen (Zone 260),Utrecht,Utrecht,Regio Utrecht,A27,"vrijstaande woningen, kavelbouw en aanbouwen",Snel en krimpvrij gesmeerd met optimale hechting en strakke vlakheid.
zandcement-dekvloer-utrecht-tuindorp-zone-261,Utrecht Tuindorp (Zone 261),Utrecht,Utrecht,Regio Utrecht,A28,"nieuwbouwwijken, gezinswoningen en uitbouwen",Dankzij onze mobiele mengers pompen we kant-en-klare mortel direct naar de juiste laagdikte.
zandcement-dekvloer-utrecht-lunetten-zone-262,Utrecht Lunetten (Zone 262),Utrecht,Utrecht,Regio Utrecht,N201,"historische panden, herenhuizen en renovaties",Wij adviseren hier onze droogversneller en Duremit vezels voor een snelle oplevering.
zandcement-dekvloer-utrecht-vleuten-zone-263,Utrecht Vleuten (Zone 263),Utrecht,Utrecht,Regio Utrecht,N228,"bedrijfspanden, garages en utiliteitsbouw",Onze mixcombinaties verwerken zandcement moeiteloos in smalle straten en op hoogte.
zandcement-dekvloer-utrecht-de-meern-zone-264,Utrecht De Meern (Zone 264),Utrecht,Utrecht,Regio Utrecht,N230,"appartementencomplexen, hoogbouw en renovaties",Ideaal te combineren met vloerverwarming of extra verharder voor zware belasting.
zandcement-dekvloer-utrecht-hoograven-zone-265,Utrecht Hoograven (Zone 265),Utrecht,Utrecht,Regio Utrecht,A1,"vrijstaande woningen, kavelbouw en aanbouwen",Snel en krimpvrij gesmeerd met optimale hechting en strakke vlakheid.
zandcement-dekvloer-amersfoort-zone-266,Amersfoort (Zone 266),Amersfoort,Utrecht,Regio Amersfoort,A2,"nieuwbouwwijken, gezinswoningen en uitbouwen",Dankzij onze mobiele mengers pompen we kant-en-klare mortel direct naar de juiste laagdikte.
zandcement-dekvloer-amersfoort-vathorst-zone-267,Amersfoort Vathorst (Zone 267),Amersfoort,Utrecht,Regio Amersfoort,A12,"historische panden, herenhuizen en renovaties",Wij adviseren hier onze droogversneller en Duremit vezels voor een snelle oplevering.
zandcement-dekvloer-amersfoort-kattenbroek-zone-268,Amersfoort Kattenbroek (Zone 268),Amersfoort,Utrecht,Regio Amersfoort,A27,"bedrijfspanden, garages en utiliteitsbouw",Onze mixcombinaties verwerken zandcement moeiteloos in smalle straten en op hoogte.
zandcement-dekvloer-amersfoort-nieuwland-zone-269,Amersfoort Nieuwland (Zone 269),Amersfoort,Utrecht,Regio Amersfoort,A28,"appartementencomplexen, hoogbouw en renovaties",Ideaal te combineren met vloerverwarming of extra verharder voor zware belasting.
zandcement-dekvloer-amersfoort-sothorst-zone-270,Amersfoort Sothorst (Zone 270),Amersfoort,Utrecht,Regio Amersfoort,N201,"vrijstaande woningen, kavelbouw en aanbouwen",Snel en krimpvrij gesmeerd met optimale hechting en strakke vlakheid.
zandcement-dekvloer-amersfoort-schothorst-zone-271,Amersfoort Schothorst (Zone 271),Amersfoort,Utrecht,Regio Amersfoort,N228,"nieuwbouwwijken, gezinswoningen en uitbouwen",Dankzij onze mobiele mengers pompen we kant-en-klare mortel direct naar de juiste laagdikte.
zandcement-dekvloer-amersfoort-soesterkwartier-zone-272,Amersfoort Soesterkwartier (Zone 272),Amersfoort,Utrecht,Regio Amersfoort,N230,"historische panden, herenhuizen en renovaties",Wij adviseren hier onze droogversneller en Duremit vezels voor een snelle oplevering.
zandcement-dekvloer-amersfoort-hoogland-zone-273,Amersfoort Hoogland (Zone 273),Amersfoort,Utrecht,Regio Amersfoort,A1,"bedrijfspanden, garages en utiliteitsbouw",Onze mixcombinaties verwerken zandcement moeiteloos in smalle straten en op hoogte.
zandcement-dekvloer-amersfoort-hooglanderveen-zone-274,Amersfoort Hooglanderveen (Zone 274),Amersfoort,Utrecht,Regio Amersfoort,A2,"appartementencomplexen, hoogbouw en renovaties",Ideaal te combineren met vloerverwarming of extra verharder voor zware belasting.
zandcement-dekvloer-veenendaal-zone-275,Veenendaal (Zone 275),Veenendaal,Utrecht,Regio Veenendaal,A12,"vrijstaande woningen, kavelbouw en aanbouwen",Snel en krimpvrij gesmeerd met optimale hechting en strakke vlakheid.
zandcement-dekvloer-veenendaal-west-zone-276,Veenendaal West (Zone 276),Veenendaal,Utrecht,Regio Veenendaal,A27,"nieuwbouwwijken, gezinswoningen en uitbouwen",Dankzij onze mobiele mengers pompen we kant-en-klare mortel direct naar de juiste laagdikte.
zandcement-dekvloer-veenendaal-oost-zone-277,Veenendaal Oost (Zone 277),Veenendaal,Utrecht,Regio Veenendaal,A28,"historische panden, herenhuizen en renovaties",Wij adviseren hier onze droogversneller en Duremit vezels voor een snelle oplevering.
zandcement-dekvloer-veenendaal-zuid-zone-278,Veenendaal Zuid (Zone 278),Veenendaal,Utrecht,Regio Veenendaal,N201,"bedrijfspanden, garages en utiliteitsbouw",Onze mixcombinaties verwerken zandcement moeiteloos in smalle straten en op hoogte.
zandcement-dekvloer-veenendaal-nieuw-geldderland-zone-279,Veenendaal Nieuw-Geldderland (Zone 279),Veenendaal,Utrecht,Regio Veenendaal,N228,"appartementencomplexen, hoogbouw en renovaties",Ideaal te combineren met vloerverwarming of extra verharder voor zware belasting.
zandcement-dekvloer-zeist-zone-280,Zeist (Zone 280),Zeist,Utrecht,Regio Zeist,N230,"vrijstaande woningen, kavelbouw en aanbouwen",Snel en krimpvrij gesmeerd met optimale hechting en strakke vlakheid.
zandcement-dekvloer-zeist-den-dolder-zone-281,Zeist Den Dolder (Zone 281),Zeist,Utrecht,Regio Zeist,A1,"nieuwbouwwijken, gezinswoningen en uitbouwen",Dankzij onze mobiele mengers pompen we kant-en-klare mortel direct naar de juiste laagdikte.
zandcement-dekvloer-zeist-bosch-en-duin-zone-282,Zeist Bosch en Duin (Zone 282),Zeist,Utrecht,Regio Zeist,A2,"historische panden, herenhuizen en renovaties",Wij adviseren hier onze droogversneller en Duremit vezels voor een snelle oplevering.
zandcement-dekvloer-zeist-austerlitz-zone-283,Zeist Austerlitz (Zone 283),Zeist,Utrecht,Regio Zeist,A12,"bedrijfspanden, garages en utiliteitsbouw",Onze mixcombinaties verwerken zandcement moeiteloos in smalle straten en op hoogte.
zandcement-dekvloer-zeist-huis-ter-heide-zone-284,Zeist Huis ter Heide (Zone 284),Zeist,Utrecht,Regio Zeist,A27,"appartementencomplexen, hoogbouw en renovaties",Ideaal te combineren met vloerverwarming of extra verharder voor zware belasting.
zandcement-dekvloer-nieuwegein-zone-285,Nieuwegein (Zone 285),Nieuwegein,Utrecht,Regio Nieuwegein,A28,"vrijstaande woningen, kavelbouw en aanbouwen",Snel en krimpvrij gesmeerd met optimale hechting en strakke vlakheid.
zandcement-dekvloer-nieuwegein-fokkesteeg-zone-286,Nieuwegein Fokkesteeg (Zone 286),Nieuwegein,Utrecht,Regio Nieuwegein,N201,"nieuwbouwwijken, gezinswoningen en uitbouwen",Dankzij onze mobiele mengers pompen we kant-en-klare mortel direct naar de juiste laagdikte.
zandcement-dekvloer-nieuwegein-breeschoten-zone-287,Nieuwegein Breeschoten (Zone 287),Nieuwegein,Utrecht,Regio Nieuwegein,N228,"historische panden, herenhuizen en renovaties",Wij adviseren hier onze droogversneller en Duremit vezels voor een snelle oplevering.
zandcement-dekvloer-nieuwegein-galecop-zone-288,Nieuwegein Galecop (Zone 288),Nieuwegein,Utrecht,Regio Nieuwegein,N230,"bedrijfspanden, garages en utiliteitsbouw",Onze mixcombinaties verwerken zandcement moeiteloos in smalle straten en op hoogte.
zandcement-dekvloer-nieuwegein-batenburg-zone-289,Nieuwegein Batenburg (Zone 289),Nieuwegein,Utrecht,Regio Nieuwegein,A1,"appartementencomplexen, hoogbouw en renovaties",Ideaal te combineren met vloerverwarming of extra verharder voor zware belasting.
zandcement-dekvloer-nieuwegein-jutphaas-zone-290,Nieuwegein Jutphaas (Zone 290),Nieuwegein,Utrecht,Regio Nieuwegein,A2,"vrijstaande woningen, kavelbouw en aanbouwen",Snel en krimpvrij gesmeerd met optimale hechting en strakke vlakheid.
zandcement-dekvloer-woerden-zone-291,Woerden (Zone 291),Woerden,Utrecht,Regio Woerden,A12,"nieuwbouwwijken, gezinswoningen en uitbouwen",Dankzij onze mobiele mengers pompen we kant-en-klare mortel direct naar de juiste laagdikte.
zandcement-dekvloer-woerden-snel-en-polanen-zone-292,Woerden Snel en Polanen (Zone 292),Woerden,Utrecht,Regio Woerden,A27,"historische panden, herenhuizen en renovaties",Wij adviseren hier onze droogversneller en Duremit vezels voor een snelle oplevering.
zandcement-dekvloer-woerden-harmelen-zone-293,Woerden Harmelen (Zone 293),Woerden,Utrecht,Regio Woerden,A28,"bedrijfspanden, garages en utiliteitsbouw",Onze mixcombinaties verwerken zandcement moeiteloos in smalle straten en op hoogte.
zandcement-dekvloer-woerden-kamerik-zone-294,Woerden Kamerik (Zone 294),Woerden,Utrecht,Regio Woerden,N201,"appartementencomplexen, hoogbouw en renovaties",Ideaal te combineren met vloerverwarming of extra verharder voor zware belasting.
zandcement-dekvloer-woerden-zegveld-zone-295,Woerden Zegveld (Zone 295),Woerden,Utrecht,Regio Woerden,N228,"vrijstaande woningen, kavelbouw en aanbouwen",Snel en krimpvrij gesmeerd met optimale hechting en strakke vlakheid.
zandcement-dekvloer-houten-zone-296,Houten (Zone 296),Houten,Utrecht,Regio Houten,N230,"nieuwbouwwijken, gezinswoningen en uitbouwen",Dankzij onze mobiele mengers pompen we kant-en-klare mortel direct naar de juiste laagdikte.
zandcement-dekvloer-houten-schonauwen-zone-297,Houten Schonauwen (Zone 297),Houten,Utrecht,Regio Houten,A1,"historische panden, herenhuizen en renovaties",Wij adviseren hier onze droogversneller en Duremit vezels voor een snelle oplevering.
zandcement-dekvloer-houten-castellum-zone-298,Houten Castellum (Zone 298),Houten,Utrecht,Regio Houten,A2,"bedrijfspanden, garages en utiliteitsbouw",Onze mixcombinaties verwerken zandcement moeiteloos in smalle straten en op hoogte.
zandcement-dekvloer-houten-tull-en-t-waal-zone-299,Houten Tull en t Waal (Zone 299),Houten,Utrecht,Regio Houten,A12,"appartementencomplexen, hoogbouw en renovaties",Ideaal te combineren met vloerverwarming of extra verharder voor zware belasting.
zandcement-dekvloer-houten-t-goy-zone-300,Houten t Goy (Zone 300),Houten,Utrecht,Regio Houten,A27,"vrijstaande woningen, kavelbouw en aanbouwen",Snel en krimpvrij gesmeerd met optimale hechting en strakke vlakheid.
zandcement-dekvloer-stichtse-vecht-maarssen-zone-301,Stichtse Vecht Maarssen (Zone 301),Stichtse Vecht,Utrecht,Regio Stichtse Vecht,A28,"nieuwbouwwijken, gezinswoningen en uitbouwen",Dankzij onze mobiele mengers pompen we kant-en-klare mortel direct naar de juiste laagdikte.
zandcement-dekvloer-stichtse-vecht-breukelen-zone-302,Stichtse Vecht Breukelen (Zone 302),Stichtse Vecht,Utrecht,Regio Stichtse Vecht,N201,"historische panden, herenhuizen en renovaties",Wij adviseren hier onze droogversneller en Duremit vezels voor een snelle oplevering.
zandcement-dekvloer-stichtse-vecht-loenen-aan-de-vecht-zone-303,Stichtse Vecht Loenen aan de Vecht (Zone 303),Stichtse Vecht,Utrecht,Regio Stichtse Vecht,N228,"bedrijfspanden, garages en utiliteitsbouw",Onze mixcombinaties verwerken zandcement moeiteloos in smalle straten en op hoogte.
zandcement-dekvloer-stichtse-vecht-kockengen-zone-304,Stichtse Vecht Kockengen (Zone 304),Stichtse Vecht,Utrecht,Regio Stichtse Vecht,N230,"appartementencomplexen, hoogbouw en renovaties",Ideaal te combineren met vloerverwarming of extra verharder voor zware belasting.
zandcement-dekvloer-stichtse-vecht-nieuwer-ter-aa-zone-305,Stichtse Vecht Nieuwer ter Aa (Zone 305),Stichtse Vecht,Utrecht,Regio Stichtse Vecht,A1,"vrijstaande woningen, kavelbouw en aanbouwen",Snel en krimpvrij gesmeerd met optimale hechting en strakke vlakheid.
zandcement-dekvloer-stichtse-vecht-nieuwersluis-zone-306,Stichtse Vecht Nieuwersluis (Zone 306),Stichtse Vecht,Utrecht,Regio Stichtse Vecht,A2,"nieuwbouwwijken, gezinswoningen en uitbouwen",Dankzij onze mobiele mengers pompen we kant-en-klare mortel direct naar de juiste laagdikte.
zandcement-dekvloer-de-bilt-zone-307,De Bilt (Zone 307),De Bilt,Utrecht,Regio De Bilt,A12,"historische panden, herenhuizen en renovaties",Wij adviseren hier onze droogversneller en Duremit vezels voor een snelle oplevering.
zandcement-dekvloer-de-bilt-bilthoven-zone-308,De Bilt Bilthoven (Zone 308),De Bilt,Utrecht,Regio De Bilt,A27,"bedrijfspanden, garages en utiliteitsbouw",Onze mixcombinaties verwerken zandcement moeiteloos in smalle straten en op hoogte.
zandcement-dekvloer-de-bilt-maartensdijk-zone-309,De Bilt Maartensdijk (Zone 309),De Bilt,Utrecht,Regio De Bilt,A28,"appartementencomplexen, hoogbouw en renovaties",Ideaal te combineren met vloerverwarming of extra verharder voor zware belasting.
zandcement-dekvloer-de-bilt-westbroek-zone-310,De Bilt Westbroek (Zone 310),De Bilt,Utrecht,Regio De Bilt,N201,"vrijstaande woningen, kavelbouw en aanbouwen",Snel en krimpvrij gesmeerd met optimale hechting en strakke vlakheid.
zandcement-dekvloer-utrechtse-heuvelrug-doorn-zone-311,Utrechtse Heuvelrug Doorn (Zone 311),Utrechtse Heuvelrug,Utrecht,Regio Utrechtse Heuvelrug,N228,"nieuwbouwwijken, gezinswoningen en uitbouwen",Dankzij onze mobiele mengers pompen we kant-en-klare mortel direct naar de juiste laagdikte.
zandcement-dekvloer-utrechtse-heuvelrug-driebergen-rijsenburg-zone-312,Utrechtse Heuvelrug Driebergen-Rijsenburg (Zone 312),Utrechtse Heuvelrug,Utrecht,Regio Utrechtse Heuvelrug,N230,"historische panden, herenhuizen en renovaties",Wij adviseren hier onze droogversneller en Duremit vezels voor een snelle oplevering.
zandcement-dekvloer-utrechtse-heuvelrug-leersum-zone-313,Utrechtse Heuvelrug Leersum (Zone 313),Utrechtse Heuvelrug,Utrecht,Regio Utrechtse Heuvelrug,A1,"bedrijfspanden, garages en utiliteitsbouw",Onze mixcombinaties verwerken zandcement moeiteloos in smalle straten en op hoogte.
zandcement-dekvloer-utrechtse-heuvelrug-amerongen-zone-314,Utrechtse Heuvelrug Amerongen (Zone 314),Utrechtse Heuvelrug,Utrecht,Regio Utrechtse Heuvelrug,A2,"appartementencomplexen, hoogbouw en renovaties",Ideaal te combineren met vloerverwarming of extra verharder voor zware belasting.
zandcement-dekvloer-utrechtse-heuvelrug-maarn-zone-315,Utrechtse Heuvelrug Maarn (Zone 315),Utrechtse Heuvelrug,Utrecht,Regio Utrechtse Heuvelrug,A12,"vrijstaande woningen, kavelbouw en aanbouwen",Snel en krimpvrij gesmeerd met optimale hechting en strakke vlakheid.
zandcement-dekvloer-utrechtse-heuvelrug-overberg-zone-316,Utrechtse Heuvelrug Overberg (Zone 316),Utrechtse Heuvelrug,Utrecht,Regio Utrechtse Heuvelrug,A27,"nieuwbouwwijken, gezinswoningen en uitbouwen",Dankzij onze mobiele mengers pompen we kant-en-klare mortel direct naar de juiste laagdikte.
zandcement-dekvloer-eindhoven-zone-317,Eindhoven (Zone 317),Eindhoven,Noord-Brabant,Regio Eindhoven,A16,"historische panden, herenhuizen en renovaties",Wij adviseren hier onze droogversneller en Duremit vezels voor een snelle oplevering.
zandcement-dekvloer-eindhoven-strijp-s-zone-318,Eindhoven Strijp-S (Zone 318),Eindhoven,Noord-Brabant,Regio Eindhoven,A50,"bedrijfspanden, garages en utiliteitsbouw",Onze mixcombinaties verwerken zandcement moeiteloos in smalle straten en op hoogte.
zandcement-dekvloer-eindhoven-woensel-zone-319,Eindhoven Woensel (Zone 319),Eindhoven,Noord-Brabant,Regio Eindhoven,A58,"appartementencomplexen, hoogbouw en renovaties",Ideaal te combineren met vloerverwarming of extra verharder voor zware belasting.
zandcement-dekvloer-eindhoven-gestel-zone-320,Eindhoven Gestel (Zone 320),Eindhoven,Noord-Brabant,Regio Eindhoven,A59,"vrijstaande woningen, kavelbouw en aanbouwen",Snel en krimpvrij gesmeerd met optimale hechting en strakke vlakheid.
zandcement-dekvloer-eindhoven-stratum-zone-321,Eindhoven Stratum (Zone 321),Eindhoven,Noord-Brabant,Regio Eindhoven,A67,"nieuwbouwwijken, gezinswoningen en uitbouwen",Dankzij onze mobiele mengers pompen we kant-en-klare mortel direct naar de juiste laagdikte.
zandcement-dekvloer-eindhoven-tongelre-zone-322,Eindhoven Tongelre (Zone 322),Eindhoven,Noord-Brabant,Regio Eindhoven,N279,"historische panden, herenhuizen en renovaties",Wij adviseren hier onze droogversneller en Duremit vezels voor een snelle oplevering.
zandcement-dekvloer-eindhoven-meerhoven-zone-323,Eindhoven Meerhoven (Zone 323),Eindhoven,Noord-Brabant,Regio Eindhoven,A2,"bedrijfspanden, garages en utiliteitsbouw",Onze mixcombinaties verwerken zandcement moeiteloos in smalle straten en op hoogte.
zandcement-dekvloer-tilburg-zone-324,Tilburg (Zone 324),Tilburg,Noord-Brabant,Regio Tilburg,A16,"appartementencomplexen, hoogbouw en renovaties",Ideaal te combineren met vloerverwarming of extra verharder voor zware belasting.
zandcement-dekvloer-tilburg-reeshof-zone-325,Tilburg Reeshof (Zone 325),Tilburg,Noord-Brabant,Regio Tilburg,A50,"vrijstaande woningen, kavelbouw en aanbouwen",Snel en krimpvrij gesmeerd met optimale hechting en strakke vlakheid.
zandcement-dekvloer-tilburg-noord-zone-326,Tilburg Noord (Zone 326),Tilburg,Noord-Brabant,Regio Tilburg,A58,"nieuwbouwwijken, gezinswoningen en uitbouwen",Dankzij onze mobiele mengers pompen we kant-en-klare mortel direct naar de juiste laagdikte.
zandcement-dekvloer-tilburg-oud-zuid-zone-327,Tilburg Oud-Zuid (Zone 327),Tilburg,Noord-Brabant,Regio Tilburg,A59,"historische panden, herenhuizen en renovaties",Wij adviseren hier onze droogversneller en Duremit vezels voor een snelle oplevering.
zandcement-dekvloer-tilburg-west-zone-328,Tilburg West (Zone 328),Tilburg,Noord-Brabant,Regio Tilburg,A67,"bedrijfspanden, garages en utiliteitsbouw",Onze mixcombinaties verwerken zandcement moeiteloos in smalle straten en op hoogte.
zandcement-dekvloer-tilburg-berkel-enschot-zone-329,Tilburg Berkel-Enschot (Zone 329),Tilburg,Noord-Brabant,Regio Tilburg,N279,"appartementencomplexen, hoogbouw en renovaties",Ideaal te combineren met vloerverwarming of extra verharder voor zware belasting.
zandcement-dekvloer-tilburg-udenhout-zone-330,Tilburg Udenhout (Zone 330),Tilburg,Noord-Brabant,Regio Tilburg,A2,"vrijstaande woningen, kavelbouw en aanbouwen",Snel en krimpvrij gesmeerd met optimale hechting en strakke vlakheid.
zandcement-dekvloer-breda-zone-331,Breda (Zone 331),Breda,Noord-Brabant,Regio Breda,A16,"nieuwbouwwijken, gezinswoningen en uitbouwen",Dankzij onze mobiele mengers pompen we kant-en-klare mortel direct naar de juiste laagdikte.
zandcement-dekvloer-breda-haagse-beemden-zone-332,Breda Haagse Beemden (Zone 332),Breda,Noord-Brabant,Regio Breda,A50,"historische panden, herenhuizen en renovaties",Wij adviseren hier onze droogversneller en Duremit vezels voor een snelle oplevering.
zandcement-dekvloer-breda-ginneken-zone-333,Breda Ginneken (Zone 333),Breda,Noord-Brabant,Regio Breda,A58,"bedrijfspanden, garages en utiliteitsbouw",Onze mixcombinaties verwerken zandcement moeiteloos in smalle straten en op hoogte.
zandcement-dekvloer-breda-bavel-zone-334,Breda Bavel (Zone 334),Breda,Noord-Brabant,Regio Breda,A59,"appartementencomplexen, hoogbouw en renovaties",Ideaal te combineren met vloerverwarming of extra verharder voor zware belasting.
zandcement-dekvloer-breda-prinsenbeek-zone-335,Breda Prinsenbeek (Zone 335),Breda,Noord-Brabant,Regio Breda,A67,"vrijstaande woningen, kavelbouw en aanbouwen",Snel en krimpvrij gesmeerd met optimale hechting en strakke vlakheid.
zandcement-dekvloer-breda-ulvenhout-zone-336,Breda Ulvenhout (Zone 336),Breda,Noord-Brabant,Regio Breda,N279,"nieuwbouwwijken, gezinswoningen en uitbouwen",Dankzij onze mobiele mengers pompen we kant-en-klare mortel direct naar de juiste laagdikte.
zandcement-dekvloer-breda-teteringen-zone-337,Breda Teteringen (Zone 337),Breda,Noord-Brabant,Regio Breda,A2,"historische panden, herenhuizen en renovaties",Wij adviseren hier onze droogversneller en Duremit vezels voor een snelle oplevering.
zandcement-dekvloer-s-hertogenbosch-zone-338,s-Hertogenbosch (Zone 338),s-Hertogenbosch,Noord-Brabant,Regio s-Hertogenbosch,A16,"bedrijfspanden, garages en utiliteitsbouw",Onze mixcombinaties verwerken zandcement moeiteloos in smalle straten en op hoogte.
zandcement-dekvloer-s-hertogenbosch-rosmalen-zone-339,s-Hertogenbosch Rosmalen (Zone 339),s-Hertogenbosch,Noord-Brabant,Regio s-Hertogenbosch,A50,"appartementencomplexen, hoogbouw en renovaties",Ideaal te combineren met vloerverwarming of extra verharder voor zware belasting.
zandcement-dekvloer-s-hertogenbosch-empel-zone-340,s-Hertogenbosch Empel (Zone 340),s-Hertogenbosch,Noord-Brabant,Regio s-Hertogenbosch,A58,"vrijstaande woningen, kavelbouw en aanbouwen",Snel en krimpvrij gesmeerd met optimale hechting en strakke vlakheid.
zandcement-dekvloer-s-hertogenbosch-engelen-zone-341,s-Hertogenbosch Engelen (Zone 341),s-Hertogenbosch,Noord-Brabant,Regio s-Hertogenbosch,A59,"nieuwbouwwijken, gezinswoningen en uitbouwen",Dankzij onze mobiele mengers pompen we kant-en-klare mortel direct naar de juiste laagdikte.
zandcement-dekvloer-s-hertogenbosch-maaspoort-zone-342,s-Hertogenbosch Maaspoort (Zone 342),s-Hertogenbosch,Noord-Brabant,Regio s-Hertogenbosch,A67,"historische panden, herenhuizen en renovaties",Wij adviseren hier onze droogversneller en Duremit vezels voor een snelle oplevering.
zandcement-dekvloer-s-hertogenbosch-muntel-zone-343,s-Hertogenbosch Muntel (Zone 343),s-Hertogenbosch,Noord-Brabant,Regio s-Hertogenbosch,N279,"bedrijfspanden, garages en utiliteitsbouw",Onze mixcombinaties verwerken zandcement moeiteloos in smalle straten en op hoogte.
zandcement-dekvloer-s-hertogenbosch-west-zone-344,s-Hertogenbosch West (Zone 344),s-Hertogenbosch,Noord-Brabant,Regio s-Hertogenbosch,A2,"appartementencomplexen, hoogbouw en renovaties",Ideaal te combineren met vloerverwarming of extra verharder voor zware belasting.
zandcement-dekvloer-helmond-zone-345,Helmond (Zone 345),Helmond,Noord-Brabant,Regio Helmond,A16,"vrijstaande woningen, kavelbouw en aanbouwen",Snel en krimpvrij gesmeerd met optimale hechting en strakke vlakheid.
zandcement-dekvloer-helmond-brandevoort-zone-346,Helmond Brandevoort (Zone 346),Helmond,Noord-Brabant,Regio Helmond,A50,"nieuwbouwwijken, gezinswoningen en uitbouwen",Dankzij onze mobiele mengers pompen we kant-en-klare mortel direct naar de juiste laagdikte.
zandcement-dekvloer-helmond-stiphout-zone-347,Helmond Stiphout (Zone 347),Helmond,Noord-Brabant,Regio Helmond,A58,"historische panden, herenhuizen en renovaties",Wij adviseren hier onze droogversneller en Duremit vezels voor een snelle oplevering.
zandcement-dekvloer-helmond-mierlo-hout-zone-348,Helmond Mierlo-Hout (Zone 348),Helmond,Noord-Brabant,Regio Helmond,A59,"bedrijfspanden, garages en utiliteitsbouw",Onze mixcombinaties verwerken zandcement moeiteloos in smalle straten en op hoogte.
zandcement-dekvloer-helmond-rijpelberg-zone-349,Helmond Rijpelberg (Zone 349),Helmond,Noord-Brabant,Regio Helmond,A67,"appartementencomplexen, hoogbouw en renovaties",Ideaal te combineren met vloerverwarming of extra verharder voor zware belasting.
zandcement-dekvloer-helmond-brouwhuis-zone-350,Helmond Brouwhuis (Zone 350),Helmond,Noord-Brabant,Regio Helmond,N279,"vrijstaande woningen, kavelbouw en aanbouwen",Snel en krimpvrij gesmeerd met optimale hechting en strakke vlakheid.
zandcement-dekvloer-roosendaal-zone-351,Roosendaal (Zone 351),Roosendaal,Noord-Brabant,Regio Roosendaal,A2,"nieuwbouwwijken, gezinswoningen en uitbouwen",Dankzij onze mobiele mengers pompen we kant-en-klare mortel direct naar de juiste laagdikte.
zandcement-dekvloer-roosendaal-kortendijk-zone-352,Roosendaal Kortendijk (Zone 352),Roosendaal,Noord-Brabant,Regio Roosendaal,A16,"historische panden, herenhuizen en renovaties",Wij adviseren hier onze droogversneller en Duremit vezels voor een snelle oplevering.
zandcement-dekvloer-roosendaal-langdonk-zone-353,Roosendaal Langdonk (Zone 353),Roosendaal,Noord-Brabant,Regio Roosendaal,A50,"bedrijfspanden, garages en utiliteitsbouw",Onze mixcombinaties verwerken zandcement moeiteloos in smalle straten en op hoogte.
zandcement-dekvloer-roosendaal-tolberg-zone-354,Roosendaal Tolberg (Zone 354),Roosendaal,Noord-Brabant,Regio Roosendaal,A58,"appartementencomplexen, hoogbouw en renovaties",Ideaal te combineren met vloerverwarming of extra verharder voor zware belasting.
zandcement-dekvloer-roosendaal-wouw-zone-355,Roosendaal Wouw (Zone 355),Roosendaal,Noord-Brabant,Regio Roosendaal,A59,"vrijstaande woningen, kavelbouw en aanbouwen",Snel en krimpvrij gesmeerd met optimale hechting en strakke vlakheid.
zandcement-dekvloer-roosendaal-nispen-zone-356,Roosendaal Nispen (Zone 356),Roosendaal,Noord-Brabant,Regio Roosendaal,A67,"nieuwbouwwijken, gezinswoningen en uitbouwen",Dankzij onze mobiele mengers pompen we kant-en-klare mortel direct naar de juiste laagdikte.
zandcement-dekvloer-bergen-op-zoom-zone-357,Bergen op Zoom (Zone 357),Bergen op Zoom,Noord-Brabant,Regio Bergen op Zoom,N279,"historische panden, herenhuizen en renovaties",Wij adviseren hier onze droogversneller en Duremit vezels voor een snelle oplevering.
zandcement-dekvloer-bergen-op-zoom-meerenakker-zone-358,Bergen op Zoom Meerenakker (Zone 358),Bergen op Zoom,Noord-Brabant,Regio Bergen op Zoom,A2,"bedrijfspanden, garages en utiliteitsbouw",Onze mixcombinaties verwerken zandcement moeiteloos in smalle straten en op hoogte.
zandcement-dekvloer-bergen-op-zoom-gageldonk-zone-359,Bergen op Zoom Gageldonk (Zone 359),Bergen op Zoom,Noord-Brabant,Regio Bergen op Zoom,A16,"appartementencomplexen, hoogbouw en renovaties",Ideaal te combineren met vloerverwarming of extra verharder voor zware belasting.
zandcement-dekvloer-bergen-op-zoom-halsteren-zone-360,Bergen op Zoom Halsteren (Zone 360),Bergen op Zoom,Noord-Brabant,Regio Bergen op Zoom,A50,"vrijstaande woningen, kavelbouw en aanbouwen",Snel en krimpvrij gesmeerd met optimale hechting en strakke vlakheid.
zandcement-dekvloer-bergen-op-zoom-lepelstraat-zone-361,Bergen op Zoom Lepelstraat (Zone 361),Bergen op Zoom,Noord-Brabant,Regio Bergen op Zoom,A58,"nieuwbouwwijken, gezinswoningen en uitbouwen",Dankzij onze mobiele mengers pompen we kant-en-klare mortel direct naar de juiste laagdikte.
zandcement-dekvloer-oss-zone-362,Oss (Zone 362),Oss,Noord-Brabant,Regio Oss,A59,"historische panden, herenhuizen en renovaties",Wij adviseren hier onze droogversneller en Duremit vezels voor een snelle oplevering.
zandcement-dekvloer-oss-ussen-zone-363,Oss Ussen (Zone 363),Oss,Noord-Brabant,Regio Oss,A67,"bedrijfspanden, garages en utiliteitsbouw",Onze mixcombinaties verwerken zandcement moeiteloos in smalle straten en op hoogte.
zandcement-dekvloer-oss-ruwaard-zone-364,Oss Ruwaard (Zone 364),Oss,Noord-Brabant,Regio Oss,N279,"appartementencomplexen, hoogbouw en renovaties",Ideaal te combineren met vloerverwarming of extra verharder voor zware belasting.
zandcement-dekvloer-oss-berghem-zone-365,Oss Berghem (Zone 365),Oss,Noord-Brabant,Regio Oss,A2,"vrijstaande woningen, kavelbouw en aanbouwen",Snel en krimpvrij gesmeerd met optimale hechting en strakke vlakheid.
zandcement-dekvloer-oss-geffen-zone-366,Oss Geffen (Zone 366),Oss,Noord-Brabant,Regio Oss,A16,"nieuwbouwwijken, gezinswoningen en uitbouwen",Dankzij onze mobiele mengers pompen we kant-en-klare mortel direct naar de juiste laagdikte.
zandcement-dekvloer-oss-lith-zone-367,Oss Lith (Zone 367),Oss,Noord-Brabant,Regio Oss,A50,"historische panden, herenhuizen en renovaties",Wij adviseren hier onze droogversneller en Duremit vezels voor een snelle oplevering.
zandcement-dekvloer-oss-ravenstein-zone-368,Oss Ravenstein (Zone 368),Oss,Noord-Brabant,Regio Oss,A58,"bedrijfspanden, garages en utiliteitsbouw",Onze mixcombinaties verwerken zandcement moeiteloos in smalle straten en op hoogte.
zandcement-dekvloer-meierijstad-veghel-zone-369,Meierijstad Veghel (Zone 369),Meierijstad,Noord-Brabant,Regio Meierijstad,A59,"appartementencomplexen, hoogbouw en renovaties",Ideaal te combineren met vloerverwarming of extra verharder voor zware belasting.
zandcement-dekvloer-meierijstad-schijndel-zone-370,Meierijstad Schijndel (Zone 370),Meierijstad,Noord-Brabant,Regio Meierijstad,A67,"vrijstaande woningen, kavelbouw en aanbouwen",Snel en krimpvrij gesmeerd met optimale hechting en strakke vlakheid.
zandcement-dekvloer-meierijstad-sint-oedenrode-zone-371,Meierijstad Sint-Oedenrode (Zone 371),Meierijstad,Noord-Brabant,Regio Meierijstad,N279,"nieuwbouwwijken, gezinswoningen en uitbouwen",Dankzij onze mobiele mengers pompen we kant-en-klare mortel direct naar de juiste laagdikte.
zandcement-dekvloer-meierijstad-erp-zone-372,Meierijstad Erp (Zone 372),Meierijstad,Noord-Brabant,Regio Meierijstad,A2,"historische panden, herenhuizen en renovaties",Wij adviseren hier onze droogversneller en Duremit vezels voor een snelle oplevering.
zandcement-dekvloer-meierijstad-eerde-zone-373,Meierijstad Eerde (Zone 373),Meierijstad,Noord-Brabant,Regio Meierijstad,A16,"bedrijfspanden, garages en utiliteitsbouw",Onze mixcombinaties verwerken zandcement moeiteloos in smalle straten en op hoogte.
zandcement-dekvloer-meierijstad-zijtaart-zone-374,Meierijstad Zijtaart (Zone 374),Meierijstad,Noord-Brabant,Regio Meierijstad,A50,"appartementencomplexen, hoogbouw en renovaties",Ideaal te combineren met vloerverwarming of extra verharder voor zware belasting.
zandcement-dekvloer-maashorst-uden-zone-375,Maashorst Uden (Zone 375),Maashorst,Noord-Brabant,Regio Maashorst,A58,"vrijstaande woningen, kavelbouw en aanbouwen",Snel en krimpvrij gesmeerd met optimale hechting en strakke vlakheid.
zandcement-dekvloer-maashorst-volkel-zone-376,Maashorst Volkel (Zone 376),Maashorst,Noord-Brabant,Regio Maashorst,A59,"nieuwbouwwijken, gezinswoningen en uitbouwen",Dankzij onze mobiele mengers pompen we kant-en-klare mortel direct naar de juiste laagdikte.
zandcement-dekvloer-maashorst-odiliapeel-zone-377,Maashorst Odiliapeel (Zone 377),Maashorst,Noord-Brabant,Regio Maashorst,A67,"historische panden, herenhuizen en renovaties",Wij adviseren hier onze droogversneller en Duremit vezels voor een snelle oplevering.
zandcement-dekvloer-maashorst-zeeland-zone-378,Maashorst Zeeland (Zone 378),Maashorst,Noord-Brabant,Regio Maashorst,N279,"bedrijfspanden, garages en utiliteitsbouw",Onze mixcombinaties verwerken zandcement moeiteloos in smalle straten en op hoogte.
zandcement-dekvloer-maashorst-reek-zone-379,Maashorst Reek (Zone 379),Maashorst,Noord-Brabant,Regio Maashorst,A2,"appartementencomplexen, hoogbouw en renovaties",Ideaal te combineren met vloerverwarming of extra verharder voor zware belasting.
zandcement-dekvloer-nijmegen-zone-380,Nijmegen (Zone 380),Nijmegen,Gelderland,Regio Nijmegen,A12,"vrijstaande woningen, kavelbouw en aanbouwen",Snel en krimpvrij gesmeerd met optimale hechting en strakke vlakheid.
zandcement-dekvloer-nijmegen-dukenburg-zone-381,Nijmegen Dukenburg (Zone 381),Nijmegen,Gelderland,Regio Nijmegen,A15,"nieuwbouwwijken, gezinswoningen en uitbouwen",Dankzij onze mobiele mengers pompen we kant-en-klare mortel direct naar de juiste laagdikte.
zandcement-dekvloer-nijmegen-lindenholt-zone-382,Nijmegen Lindenholt (Zone 382),Nijmegen,Gelderland,Regio Nijmegen,A18,"historische panden, herenhuizen en renovaties",Wij adviseren hier onze droogversneller en Duremit vezels voor een snelle oplevering.
zandcement-dekvloer-nijmegen-nijmegen-noord-zone-383,Nijmegen Nijmegen-Noord (Zone 383),Nijmegen,Gelderland,Regio Nijmegen,A50,"bedrijfspanden, garages en utiliteitsbouw",Onze mixcombinaties verwerken zandcement moeiteloos in smalle straten en op hoogte.
zandcement-dekvloer-nijmegen-oosterhout-zone-384,Nijmegen Oosterhout (Zone 384),Nijmegen,Gelderland,Regio Nijmegen,A73,"appartementencomplexen, hoogbouw en renovaties",Ideaal te combineren met vloerverwarming of extra verharder voor zware belasting.
zandcement-dekvloer-nijmegen-hatert-zone-385,Nijmegen Hatert (Zone 385),Nijmegen,Gelderland,Regio Nijmegen,N325,"vrijstaande woningen, kavelbouw en aanbouwen",Snel en krimpvrij gesmeerd met optimale hechting en strakke vlakheid.
zandcement-dekvloer-nijmegen-goffert-zone-386,Nijmegen Goffert (Zone 386),Nijmegen,Gelderland,Regio Nijmegen,A1,"nieuwbouwwijken, gezinswoningen en uitbouwen",Dankzij onze mobiele mengers pompen we kant-en-klare mortel direct naar de juiste laagdikte.
zandcement-dekvloer-arnhem-zone-387,Arnhem (Zone 387),Arnhem,Gelderland,Regio Arnhem,A12,"historische panden, herenhuizen en renovaties",Wij adviseren hier onze droogversneller en Duremit vezels voor een snelle oplevering.
zandcement-dekvloer-arnhem-presikhaaf-zone-388,Arnhem Presikhaaf (Zone 388),Arnhem,Gelderland,Regio Arnhem,A15,"bedrijfspanden, garages en utiliteitsbouw",Onze mixcombinaties verwerken zandcement moeiteloos in smalle straten en op hoogte.
zandcement-dekvloer-arnhem-elden-zone-389,Arnhem Elden (Zone 389),Arnhem,Gelderland,Regio Arnhem,A18,"appartementencomplexen, hoogbouw en renovaties",Ideaal te combineren met vloerverwarming of extra verharder voor zware belasting.
zandcement-dekvloer-arnhem-schuytgraaf-zone-390,Arnhem Schuytgraaf (Zone 390),Arnhem,Gelderland,Regio Arnhem,A50,"vrijstaande woningen, kavelbouw en aanbouwen",Snel en krimpvrij gesmeerd met optimale hechting en strakke vlakheid.
zandcement-dekvloer-arnhem-klarendal-zone-391,Arnhem Klarendal (Zone 391),Arnhem,Gelderland,Regio Arnhem,A73,"nieuwbouwwijken, gezinswoningen en uitbouwen",Dankzij onze mobiele mengers pompen we kant-en-klare mortel direct naar de juiste laagdikte.
zandcement-dekvloer-arnhem-velp-grens-zone-392,Arnhem Velp-grens (Zone 392),Arnhem,Gelderland,Regio Arnhem,N325,"historische panden, herenhuizen en renovaties",Wij adviseren hier onze droogversneller en Duremit vezels voor een snelle oplevering.
zandcement-dekvloer-arnhem-sonsbeek-zone-393,Arnhem Sonsbeek (Zone 393),Arnhem,Gelderland,Regio Arnhem,A1,"bedrijfspanden, garages en utiliteitsbouw",Onze mixcombinaties verwerken zandcement moeiteloos in smalle straten en op hoogte.
zandcement-dekvloer-apeldoorn-zone-394,Apeldoorn (Zone 394),Apeldoorn,Gelderland,Regio Apeldoorn,A12,"appartementencomplexen, hoogbouw en renovaties",Ideaal te combineren met vloerverwarming of extra verharder voor zware belasting.
zandcement-dekvloer-apeldoorn-maten-zone-395,Apeldoorn Maten (Zone 395),Apeldoorn,Gelderland,Regio Apeldoorn,A15,"vrijstaande woningen, kavelbouw en aanbouwen",Snel en krimpvrij gesmeerd met optimale hechting en strakke vlakheid.
zandcement-dekvloer-apeldoorn-zevenhuizen-zone-396,Apeldoorn Zevenhuizen (Zone 396),Apeldoorn,Gelderland,Regio Apeldoorn,A18,"nieuwbouwwijken, gezinswoningen en uitbouwen",Dankzij onze mobiele mengers pompen we kant-en-klare mortel direct naar de juiste laagdikte.
zandcement-dekvloer-apeldoorn-osseveld-zone-397,Apeldoorn Osseveld (Zone 397),Apeldoorn,Gelderland,Regio Apeldoorn,A50,"historische panden, herenhuizen en renovaties",Wij adviseren hier onze droogversneller en Duremit vezels voor een snelle oplevering.
zandcement-dekvloer-apeldoorn-uddel-zone-398,Apeldoorn Uddel (Zone 398),Apeldoorn,Gelderland,Regio Apeldoorn,A73,"bedrijfspanden, garages en utiliteitsbouw",Onze mixcombinaties verwerken zandcement moeiteloos in smalle straten en op hoogte.
zandcement-dekvloer-apeldoorn-hoenderloo-zone-399,Apeldoorn Hoenderloo (Zone 399),Apeldoorn,Gelderland,Regio Apeldoorn,N325,"appartementencomplexen, hoogbouw en renovaties",Ideaal te combineren met vloerverwarming of extra verharder voor zware belasting.
zandcement-dekvloer-apeldoorn-beekbergen-zone-400,Apeldoorn Beekbergen (Zone 400),Apeldoorn,Gelderland,Regio Apeldoorn,A1,"vrijstaande woningen, kavelbouw en aanbouwen",Snel en krimpvrij gesmeerd met optimale hechting en strakke vlakheid.
zandcement-dekvloer-apeldoorn-loenen-zone-401,Apeldoorn Loenen (Zone 401),Apeldoorn,Gelderland,Regio Apeldoorn,A12,"nieuwbouwwijken, gezinswoningen en uitbouwen",Dankzij onze mobiele mengers pompen we kant-en-klare mortel direct naar de juiste laagdikte.
zandcement-dekvloer-ede-zone-402,Ede (Zone 402),Ede,Gelderland,Regio Ede,A15,"historische panden, herenhuizen en renovaties",Wij adviseren hier onze droogversneller en Duremit vezels voor een snelle oplevering.
zandcement-dekvloer-ede-veldhuizen-zone-403,Ede Veldhuizen (Zone 403),Ede,Gelderland,Regio Ede,A18,"bedrijfspanden, garages en utiliteitsbouw",Onze mixcombinaties verwerken zandcement moeiteloos in smalle straten en op hoogte.
zandcement-dekvloer-ede-rietkampen-zone-404,Ede Rietkampen (Zone 404),Ede,Gelderland,Regio Ede,A50,"appartementencomplexen, hoogbouw en renovaties",Ideaal te combineren met vloerverwarming of extra verharder voor zware belasting.
zandcement-dekvloer-ede-bennekom-zone-405,Ede Bennekom (Zone 405),Ede,Gelderland,Regio Ede,A73,"vrijstaande woningen, kavelbouw en aanbouwen",Snel en krimpvrij gesmeerd met optimale hechting en strakke vlakheid.
zandcement-dekvloer-ede-lunteren-zone-406,Ede Lunteren (Zone 406),Ede,Gelderland,Regio Ede,N325,"nieuwbouwwijken, gezinswoningen en uitbouwen",Dankzij onze mobiele mengers pompen we kant-en-klare mortel direct naar de juiste laagdikte.
zandcement-dekvloer-ede-ederveen-zone-407,Ede Ederveen (Zone 407),Ede,Gelderland,Regio Ede,A1,"historische panden, herenhuizen en renovaties",Wij adviseren hier onze droogversneller en Duremit vezels voor een snelle oplevering.
zandcement-dekvloer-ede-harskamp-zone-408,Ede Harskamp (Zone 408),Ede,Gelderland,Regio Ede,A12,"bedrijfspanden, garages en utiliteitsbouw",Onze mixcombinaties verwerken zandcement moeiteloos in smalle straten en op hoogte.
zandcement-dekvloer-ede-otterlo-zone-409,Ede Otterlo (Zone 409),Ede,Gelderland,Regio Ede,A15,"appartementencomplexen, hoogbouw en renovaties",Ideaal te combineren met vloerverwarming of extra verharder voor zware belasting.
zandcement-dekvloer-doetinchem-zone-410,Doetinchem (Zone 410),Doetinchem,Gelderland,Regio Doetinchem,A18,"vrijstaande woningen, kavelbouw en aanbouwen",Snel en krimpvrij gesmeerd met optimale hechting en strakke vlakheid.
zandcement-dekvloer-doetinchem-de-huet-zone-411,Doetinchem De Huet (Zone 411),Doetinchem,Gelderland,Regio Doetinchem,A50,"nieuwbouwwijken, gezinswoningen en uitbouwen",Dankzij onze mobiele mengers pompen we kant-en-klare mortel direct naar de juiste laagdikte.
zandcement-dekvloer-doetinchem-overstegen-zone-412,Doetinchem Overstegen (Zone 412),Doetinchem,Gelderland,Regio Doetinchem,A73,"historische panden, herenhuizen en renovaties",Wij adviseren hier onze droogversneller en Duremit vezels voor een snelle oplevering.
zandcement-dekvloer-doetinchem-wehl-zone-413,Doetinchem Wehl (Zone 413),Doetinchem,Gelderland,Regio Doetinchem,N325,"bedrijfspanden, garages en utiliteitsbouw",Onze mixcombinaties verwerken zandcement moeiteloos in smalle straten en op hoogte.
zandcement-dekvloer-doetinchem-gaanderen-zone-414,Doetinchem Gaanderen (Zone 414),Doetinchem,Gelderland,Regio Doetinchem,A1,"appartementencomplexen, hoogbouw en renovaties",Ideaal te combineren met vloerverwarming of extra verharder voor zware belasting.
zandcement-dekvloer-barneveld-barneveld-dorp-zone-415,Barneveld Barneveld-dorp (Zone 415),Barneveld,Gelderland,Regio Barneveld,A12,"vrijstaande woningen, kavelbouw en aanbouwen",Snel en krimpvrij gesmeerd met optimale hechting en strakke vlakheid.
zandcement-dekvloer-barneveld-voorthuizen-zone-416,Barneveld Voorthuizen (Zone 416),Barneveld,Gelderland,Regio Barneveld,A15,"nieuwbouwwijken, gezinswoningen en uitbouwen",Dankzij onze mobiele mengers pompen we kant-en-klare mortel direct naar de juiste laagdikte.
zandcement-dekvloer-barneveld-kootwijk-zone-417,Barneveld Kootwijk (Zone 417),Barneveld,Gelderland,Regio Barneveld,A18,"historische panden, herenhuizen en renovaties",Wij adviseren hier onze droogversneller en Duremit vezels voor een snelle oplevering.
zandcement-dekvloer-barneveld-garderen-zone-418,Barneveld Garderen (Zone 418),Barneveld,Gelderland,Regio Barneveld,A50,"bedrijfspanden, garages en utiliteitsbouw",Onze mixcombinaties verwerken zandcement moeiteloos in smalle straten en op hoogte.
zandcement-dekvloer-barneveld-stroe-zone-419,Barneveld Stroe (Zone 419),Barneveld,Gelderland,Regio Barneveld,A73,"appartementencomplexen, hoogbouw en renovaties",Ideaal te combineren met vloerverwarming of extra verharder voor zware belasting.
zandcement-dekvloer-barneveld-terschuur-zone-420,Barneveld Terschuur (Zone 420),Barneveld,Gelderland,Regio Barneveld,N325,"vrijstaande woningen, kavelbouw en aanbouwen",Snel en krimpvrij gesmeerd met optimale hechting en strakke vlakheid.
zandcement-dekvloer-barneveld-zwartebroek-zone-421,Barneveld Zwartebroek (Zone 421),Barneveld,Gelderland,Regio Barneveld,A1,"nieuwbouwwijken, gezinswoningen en uitbouwen",Dankzij onze mobiele mengers pompen we kant-en-klare mortel direct naar de juiste laagdikte.
zandcement-dekvloer-overbetuwe-elst-zone-422,Overbetuwe Elst (Zone 422),Overbetuwe,Gelderland,Regio Overbetuwe,A12,"historische panden, herenhuizen en renovaties",Wij adviseren hier onze droogversneller en Duremit vezels voor een snelle oplevering.
zandcement-dekvloer-overbetuwe-zetten-zone-423,Overbetuwe Zetten (Zone 423),Overbetuwe,Gelderland,Regio Overbetuwe,A15,"bedrijfspanden, garages en utiliteitsbouw",Onze mixcombinaties verwerken zandcement moeiteloos in smalle straten en op hoogte.
zandcement-dekvloer-overbetuwe-driel-zone-424,Overbetuwe Driel (Zone 424),Overbetuwe,Gelderland,Regio Overbetuwe,A18,"appartementencomplexen, hoogbouw en renovaties",Ideaal te combineren met vloerverwarming of extra verharder voor zware belasting.
zandcement-dekvloer-overbetuwe-heteren-zone-425,Overbetuwe Heteren (Zone 425),Overbetuwe,Gelderland,Regio Overbetuwe,A50,"vrijstaande woningen, kavelbouw en aanbouwen",Snel en krimpvrij gesmeerd met optimale hechting en strakke vlakheid.
zandcement-dekvloer-overbetuwe-andelst-zone-426,Overbetuwe Andelst (Zone 426),Overbetuwe,Gelderland,Regio Overbetuwe,A73,"nieuwbouwwijken, gezinswoningen en uitbouwen",Dankzij onze mobiele mengers pompen we kant-en-klare mortel direct naar de juiste laagdikte.
zandcement-dekvloer-overbetuwe-valburg-zone-427,Overbetuwe Valburg (Zone 427),Overbetuwe,Gelderland,Regio Overbetuwe,N325,"historische panden, herenhuizen en renovaties",Wij adviseren hier onze droogversneller en Duremit vezels voor een snelle oplevering.
zandcement-dekvloer-lingewaard-bemmel-zone-428,Lingewaard Bemmel (Zone 428),Lingewaard,Gelderland,Regio Lingewaard,A1,"bedrijfspanden, garages en utiliteitsbouw",Onze mixcombinaties verwerken zandcement moeiteloos in smalle straten en op hoogte.
zandcement-dekvloer-lingewaard-huissen-zone-429,Lingewaard Huissen (Zone 429),Lingewaard,Gelderland,Regio Lingewaard,A12,"appartementencomplexen, hoogbouw en renovaties",Ideaal te combineren met vloerverwarming of extra verharder voor zware belasting.
zandcement-dekvloer-lingewaard-gendt-zone-430,Lingewaard Gendt (Zone 430),Lingewaard,Gelderland,Regio Lingewaard,A15,"vrijstaande woningen, kavelbouw en aanbouwen",Snel en krimpvrij gesmeerd met optimale hechting en strakke vlakheid.
zandcement-dekvloer-lingewaard-angeren-zone-431,Lingewaard Angeren (Zone 431),Lingewaard,Gelderland,Regio Lingewaard,A18,"nieuwbouwwijken, gezinswoningen en uitbouwen",Dankzij onze mobiele mengers pompen we kant-en-klare mortel direct naar de juiste laagdikte.
zandcement-dekvloer-lingewaard-doornenburg-zone-432,Lingewaard Doornenburg (Zone 432),Lingewaard,Gelderland,Regio Lingewaard,A50,"historische panden, herenhuizen en renovaties",Wij adviseren hier onze droogversneller en Duremit vezels voor een snelle oplevering.
zandcement-dekvloer-zwolle-zone-433,Zwolle (Zone 433),Zwolle,Overijssel,Regio Zwolle,A1,"bedrijfspanden, garages en utiliteitsbouw",Onze mixcombinaties verwerken zandcement moeiteloos in smalle straten en op hoogte.
zandcement-dekvloer-zwolle-stadshagen-zone-434,Zwolle Stadshagen (Zone 434),Zwolle,Overijssel,Regio Zwolle,A28,"appartementencomplexen, hoogbouw en renovaties",Ideaal te combineren met vloerverwarming of extra verharder voor zware belasting.
zandcement-dekvloer-zwolle-aa-landen-zone-435,Zwolle Aa-landen (Zone 435),Zwolle,Overijssel,Regio Zwolle,A35,"vrijstaande woningen, kavelbouw en aanbouwen",Snel en krimpvrij gesmeerd met optimale hechting en strakke vlakheid.
zandcement-dekvloer-zwolle-holtenbroek-zone-436,Zwolle Holtenbroek (Zone 436),Zwolle,Overijssel,Regio Zwolle,N35,"nieuwbouwwijken, gezinswoningen en uitbouwen",Dankzij onze mobiele mengers pompen we kant-en-klare mortel direct naar de juiste laagdikte.
zandcement-dekvloer-zwolle-berkum-zone-437,Zwolle Berkum (Zone 437),Zwolle,Overijssel,Regio Zwolle,N34,"historische panden, herenhuizen en renovaties",Wij adviseren hier onze droogversneller en Duremit vezels voor een snelle oplevering.
zandcement-dekvloer-zwolle-zwolle-zuid-zone-438,Zwolle Zwolle-Zuid (Zone 438),Zwolle,Overijssel,Regio Zwolle,N50,"bedrijfspanden, garages en utiliteitsbouw",Onze mixcombinaties verwerken zandcement moeiteloos in smalle straten en op hoogte.
zandcement-dekvloer-zwolle-assendorp-zone-439,Zwolle Assendorp (Zone 439),Zwolle,Overijssel,Regio Zwolle,A1,"appartementencomplexen, hoogbouw en renovaties",Ideaal te combineren met vloerverwarming of extra verharder voor zware belasting.
zandcement-dekvloer-enschede-zone-440,Enschede (Zone 440),Enschede,Overijssel,Regio Enschede,A28,"vrijstaande woningen, kavelbouw en aanbouwen",Snel en krimpvrij gesmeerd met optimale hechting en strakke vlakheid.
zandcement-dekvloer-enschede-stadsveld-zone-441,Enschede Stadsveld (Zone 441),Enschede,Overijssel,Regio Enschede,A35,"nieuwbouwwijken, gezinswoningen en uitbouwen",Dankzij onze mobiele mengers pompen we kant-en-klare mortel direct naar de juiste laagdikte.
zandcement-dekvloer-enschede-twekkelerveld-zone-442,Enschede Twekkelerveld (Zone 442),Enschede,Overijssel,Regio Enschede,N35,"historische panden, herenhuizen en renovaties",Wij adviseren hier onze droogversneller en Duremit vezels voor een snelle oplevering.
zandcement-dekvloer-enschede-glanerbrug-zone-443,Enschede Glanerbrug (Zone 443),Enschede,Overijssel,Regio Enschede,N34,"bedrijfspanden, garages en utiliteitsbouw",Onze mixcombinaties verwerken zandcement moeiteloos in smalle straten en op hoogte.
zandcement-dekvloer-enschede-lonneker-zone-444,Enschede Lonneker (Zone 444),Enschede,Overijssel,Regio Enschede,N50,"appartementencomplexen, hoogbouw en renovaties",Ideaal te combineren met vloerverwarming of extra verharder voor zware belasting.
zandcement-dekvloer-enschede-helmerhoek-zone-445,Enschede Helmerhoek (Zone 445),Enschede,Overijssel,Regio Enschede,A1,"vrijstaande woningen, kavelbouw en aanbouwen",Snel en krimpvrij gesmeerd met optimale hechting en strakke vlakheid.
zandcement-dekvloer-hengelo-zone-446,Hengelo (Zone 446),Hengelo,Overijssel,Regio Hengelo,A28,"nieuwbouwwijken, gezinswoningen en uitbouwen",Dankzij onze mobiele mengers pompen we kant-en-klare mortel direct naar de juiste laagdikte.
zandcement-dekvloer-hengelo-hasseler-es-zone-447,Hengelo Hasseler Es (Zone 447),Hengelo,Overijssel,Regio Hengelo,A35,"historische panden, herenhuizen en renovaties",Wij adviseren hier onze droogversneller en Duremit vezels voor een snelle oplevering.
zandcement-dekvloer-hengelo-slangenbeek-zone-448,Hengelo Slangenbeek (Zone 448),Hengelo,Overijssel,Regio Hengelo,N35,"bedrijfspanden, garages en utiliteitsbouw",Onze mixcombinaties verwerken zandcement moeiteloos in smalle straten en op hoogte.
zandcement-dekvloer-hengelo-groot-driene-zone-449,Hengelo Groot Driene (Zone 449),Hengelo,Overijssel,Regio Hengelo,N34,"appartementencomplexen, hoogbouw en renovaties",Ideaal te combineren met vloerverwarming of extra verharder voor zware belasting.
zandcement-dekvloer-hengelo-woolde-zone-450,Hengelo Woolde (Zone 450),Hengelo,Overijssel,Regio Hengelo,N50,"vrijstaande woningen, kavelbouw en aanbouwen",Snel en krimpvrij gesmeerd met optimale hechting en strakke vlakheid.
zandcement-dekvloer-hengelo-beckum-zone-451,Hengelo Beckum (Zone 451),Hengelo,Overijssel,Regio Hengelo,A1,"nieuwbouwwijken, gezinswoningen en uitbouwen",Dankzij onze mobiele mengers pompen we kant-en-klare mortel direct naar de juiste laagdikte.
zandcement-dekvloer-deventer-zone-452,Deventer (Zone 452),Deventer,Overijssel,Regio Deventer,A28,"historische panden, herenhuizen en renovaties",Wij adviseren hier onze droogversneller en Duremit vezels voor een snelle oplevering.
zandcement-dekvloer-deventer-colmschate-zone-453,Deventer Colmschate (Zone 453),Deventer,Overijssel,Regio Deventer,A35,"bedrijfspanden, garages en utiliteitsbouw",Onze mixcombinaties verwerken zandcement moeiteloos in smalle straten en op hoogte.
zandcement-dekvloer-deventer-keizerslanden-zone-454,Deventer Keizerslanden (Zone 454),Deventer,Overijssel,Regio Deventer,N35,"appartementencomplexen, hoogbouw en renovaties",Ideaal te combineren met vloerverwarming of extra verharder voor zware belasting.
zandcement-dekvloer-deventer-zandweerd-zone-455,Deventer Zandweerd (Zone 455),Deventer,Overijssel,Regio Deventer,N34,"vrijstaande woningen, kavelbouw en aanbouwen",Snel en krimpvrij gesmeerd met optimale hechting en strakke vlakheid.
zandcement-dekvloer-deventer-schalkhaar-zone-456,Deventer Schalkhaar (Zone 456),Deventer,Overijssel,Regio Deventer,N50,"nieuwbouwwijken, gezinswoningen en uitbouwen",Dankzij onze mobiele mengers pompen we kant-en-klare mortel direct naar de juiste laagdikte.
zandcement-dekvloer-deventer-diepenveen-zone-457,Deventer Diepenveen (Zone 457),Deventer,Overijssel,Regio Deventer,A1,"historische panden, herenhuizen en renovaties",Wij adviseren hier onze droogversneller en Duremit vezels voor een snelle oplevering.
zandcement-dekvloer-almelo-zone-458,Almelo (Zone 458),Almelo,Overijssel,Regio Almelo,A28,"bedrijfspanden, garages en utiliteitsbouw",Onze mixcombinaties verwerken zandcement moeiteloos in smalle straten en op hoogte.
zandcement-dekvloer-almelo-windmolenbroek-zone-459,Almelo Windmolenbroek (Zone 459),Almelo,Overijssel,Regio Almelo,A35,"appartementencomplexen, hoogbouw en renovaties",Ideaal te combineren met vloerverwarming of extra verharder voor zware belasting.
zandcement-dekvloer-almelo-schelfhorst-zone-460,Almelo Schelfhorst (Zone 460),Almelo,Overijssel,Regio Almelo,N35,"vrijstaande woningen, kavelbouw en aanbouwen",Snel en krimpvrij gesmeerd met optimale hechting en strakke vlakheid.
zandcement-dekvloer-almelo-aadorp-zone-461,Almelo Aadorp (Zone 461),Almelo,Overijssel,Regio Almelo,N34,"nieuwbouwwijken, gezinswoningen en uitbouwen",Dankzij onze mobiele mengers pompen we kant-en-klare mortel direct naar de juiste laagdikte.
zandcement-dekvloer-almelo-bornerbroek-zone-462,Almelo Bornerbroek (Zone 462),Almelo,Overijssel,Regio Almelo,N50,"historische panden, herenhuizen en renovaties",Wij adviseren hier onze droogversneller en Duremit vezels voor een snelle oplevering.
zandcement-dekvloer-groningen-zone-463,Groningen (Zone 463),Groningen,Groningen,Regio Groningen,N33,"bedrijfspanden, garages en utiliteitsbouw",Onze mixcombinaties verwerken zandcement moeiteloos in smalle straten en op hoogte.
zandcement-dekvloer-groningen-vinkhuizen-zone-464,Groningen Vinkhuizen (Zone 464),Groningen,Groningen,Regio Groningen,N46,"appartementencomplexen, hoogbouw en renovaties",Ideaal te combineren met vloerverwarming of extra verharder voor zware belasting.
zandcement-dekvloer-groningen-beijum-zone-465,Groningen Beijum (Zone 465),Groningen,Groningen,Regio Groningen,N360,"vrijstaande woningen, kavelbouw en aanbouwen",Snel en krimpvrij gesmeerd met optimale hechting en strakke vlakheid.
zandcement-dekvloer-groningen-lewenborg-zone-466,Groningen Lewenborg (Zone 466),Groningen,Groningen,Regio Groningen,A7,"nieuwbouwwijken, gezinswoningen en uitbouwen",Dankzij onze mobiele mengers pompen we kant-en-klare mortel direct naar de juiste laagdikte.
zandcement-dekvloer-groningen-helpman-zone-467,Groningen Helpman (Zone 467),Groningen,Groningen,Regio Groningen,A28,"historische panden, herenhuizen en renovaties",Wij adviseren hier onze droogversneller en Duremit vezels voor een snelle oplevering.
zandcement-dekvloer-groningen-korrewegwijk-zone-468,Groningen Korrewegwijk (Zone 468),Groningen,Groningen,Regio Groningen,N33,"bedrijfspanden, garages en utiliteitsbouw",Onze mixcombinaties verwerken zandcement moeiteloos in smalle straten en op hoogte.
zandcement-dekvloer-groningen-paddepoel-zone-469,Groningen Paddepoel (Zone 469),Groningen,Groningen,Regio Groningen,N46,"appartementencomplexen, hoogbouw en renovaties",Ideaal te combineren met vloerverwarming of extra verharder voor zware belasting.
zandcement-dekvloer-groningen-meerstad-zone-470,Groningen Meerstad (Zone 470),Groningen,Groningen,Regio Groningen,N360,"vrijstaande woningen, kavelbouw en aanbouwen",Snel en krimpvrij gesmeerd met optimale hechting en strakke vlakheid.
zandcement-dekvloer-groningen-haren-zone-471,Groningen Haren (Zone 471),Groningen,Groningen,Regio Groningen,A7,"nieuwbouwwijken, gezinswoningen en uitbouwen",Dankzij onze mobiele mengers pompen we kant-en-klare mortel direct naar de juiste laagdikte.
zandcement-dekvloer-groningen-ten-boer-zone-472,Groningen Ten Boer (Zone 472),Groningen,Groningen,Regio Groningen,A28,"historische panden, herenhuizen en renovaties",Wij adviseren hier onze droogversneller en Duremit vezels voor een snelle oplevering.
zandcement-dekvloer-eemsdelta-appingedam-zone-473,Eemsdelta Appingedam (Zone 473),Eemsdelta,Groningen,Regio Eemsdelta,N33,"bedrijfspanden, garages en utiliteitsbouw",Onze mixcombinaties verwerken zandcement moeiteloos in smalle straten en op hoogte.
zandcement-dekvloer-eemsdelta-delfzijl-zone-474,Eemsdelta Delfzijl (Zone 474),Eemsdelta,Groningen,Regio Eemsdelta,N46,"appartementencomplexen, hoogbouw en renovaties",Ideaal te combineren met vloerverwarming of extra verharder voor zware belasting.
zandcement-dekvloer-eemsdelta-loppersum-zone-475,Eemsdelta Loppersum (Zone 475),Eemsdelta,Groningen,Regio Eemsdelta,N360,"vrijstaande woningen, kavelbouw en aanbouwen",Snel en krimpvrij gesmeerd met optimale hechting en strakke vlakheid.
zandcement-dekvloer-eemsdelta-middelstum-zone-476,Eemsdelta Middelstum (Zone 476),Eemsdelta,Groningen,Regio Eemsdelta,A7,"nieuwbouwwijken, gezinswoningen en uitbouwen",Dankzij onze mobiele mengers pompen we kant-en-klare mortel direct naar de juiste laagdikte.
zandcement-dekvloer-eemsdelta-spijk-zone-477,Eemsdelta Spijk (Zone 477),Eemsdelta,Groningen,Regio Eemsdelta,A28,"historische panden, herenhuizen en renovaties",Wij adviseren hier onze droogversneller en Duremit vezels voor een snelle oplevering.
zandcement-dekvloer-eemsdelta-woldendorp-zone-478,Eemsdelta Woldendorp (Zone 478),Eemsdelta,Groningen,Regio Eemsdelta,N33,"bedrijfspanden, garages en utiliteitsbouw",Onze mixcombinaties verwerken zandcement moeiteloos in smalle straten en op hoogte.
zandcement-dekvloer-het-hogeland-bedum-zone-479,Het Hogeland Bedum (Zone 479),Het Hogeland,Groningen,Regio Het Hogeland,N46,"appartementencomplexen, hoogbouw en renovaties",Ideaal te combineren met vloerverwarming of extra verharder voor zware belasting.
zandcement-dekvloer-het-hogeland-winsum-zone-480,Het Hogeland Winsum (Zone 480),Het Hogeland,Groningen,Regio Het Hogeland,N360,"vrijstaande woningen, kavelbouw en aanbouwen",Snel en krimpvrij gesmeerd met optimale hechting en strakke vlakheid.
zandcement-dekvloer-het-hogeland-uithuizen-zone-481,Het Hogeland Uithuizen (Zone 481),Het Hogeland,Groningen,Regio Het Hogeland,A7,"nieuwbouwwijken, gezinswoningen en uitbouwen",Dankzij onze mobiele mengers pompen we kant-en-klare mortel direct naar de juiste laagdikte.
zandcement-dekvloer-het-hogeland-uithuizermeeden-zone-482,Het Hogeland Uithuizermeeden (Zone 482),Het Hogeland,Groningen,Regio Het Hogeland,A28,"historische panden, herenhuizen en renovaties",Wij adviseren hier onze droogversneller en Duremit vezels voor een snelle oplevering.
zandcement-dekvloer-het-hogeland-leens-zone-483,Het Hogeland Leens (Zone 483),Het Hogeland,Groningen,Regio Het Hogeland,N33,"bedrijfspanden, garages en utiliteitsbouw",Onze mixcombinaties verwerken zandcement moeiteloos in smalle straten en op hoogte.
zandcement-dekvloer-het-hogeland-baflo-zone-484,Het Hogeland Baflo (Zone 484),Het Hogeland,Groningen,Regio Het Hogeland,N46,"appartementencomplexen, hoogbouw en renovaties",Ideaal te combineren met vloerverwarming of extra verharder voor zware belasting.
zandcement-dekvloer-het-hogeland-eenrum-zone-485,Het Hogeland Eenrum (Zone 485),Het Hogeland,Groningen,Regio Het Hogeland,N360,"vrijstaande woningen, kavelbouw en aanbouwen",Snel en krimpvrij gesmeerd met optimale hechting en strakke vlakheid.
zandcement-dekvloer-leeuwarden-zone-486,Leeuwarden (Zone 486),Leeuwarden,Friesland,Regio Leeuwarden,A7,"nieuwbouwwijken, gezinswoningen en uitbouwen",Dankzij onze mobiele mengers pompen we kant-en-klare mortel direct naar de juiste laagdikte.
zandcement-dekvloer-leeuwarden-bilgaard-zone-487,Leeuwarden Bilgaard (Zone 487),Leeuwarden,Friesland,Regio Leeuwarden,A31,"historische panden, herenhuizen en renovaties",Wij adviseren hier onze droogversneller en Duremit vezels voor een snelle oplevering.
zandcement-dekvloer-leeuwarden-camminghaburen-zone-488,Leeuwarden Camminghaburen (Zone 488),Leeuwarden,Friesland,Regio Leeuwarden,A32,"bedrijfspanden, garages en utiliteitsbouw",Onze mixcombinaties verwerken zandcement moeiteloos in smalle straten en op hoogte.
zandcement-dekvloer-leeuwarden-zuiderburen-zone-489,Leeuwarden Zuiderburen (Zone 489),Leeuwarden,Friesland,Regio Leeuwarden,N355,"appartementencomplexen, hoogbouw en renovaties",Ideaal te combineren met vloerverwarming of extra verharder voor zware belasting.
zandcement-dekvloer-leeuwarden-techum-zone-490,Leeuwarden Techum (Zone 490),Leeuwarden,Friesland,Regio Leeuwarden,N381,"vrijstaande woningen, kavelbouw en aanbouwen",Snel en krimpvrij gesmeerd met optimale hechting en strakke vlakheid.
zandcement-dekvloer-leeuwarden-grou-zone-491,Leeuwarden Grou (Zone 491),Leeuwarden,Friesland,Regio Leeuwarden,A7,"nieuwbouwwijken, gezinswoningen en uitbouwen",Dankzij onze mobiele mengers pompen we kant-en-klare mortel direct naar de juiste laagdikte.
zandcement-dekvloer-leeuwarden-goutum-zone-492,Leeuwarden Goutum (Zone 492),Leeuwarden,Friesland,Regio Leeuwarden,A31,"historische panden, herenhuizen en renovaties",Wij adviseren hier onze droogversneller en Duremit vezels voor een snelle oplevering.
zandcement-dekvloer-leeuwarden-stiens-zone-493,Leeuwarden Stiens (Zone 493),Leeuwarden,Friesland,Regio Leeuwarden,A32,"bedrijfspanden, garages en utiliteitsbouw",Onze mixcombinaties verwerken zandcement moeiteloos in smalle straten en op hoogte.
zandcement-dekvloer-sudwest-fryslan-sneek-zone-494,Sudwest-Fryslan Sneek (Zone 494),Sudwest-Fryslan,Friesland,Regio Sudwest-Fryslan,N355,"appartementencomplexen, hoogbouw en renovaties",Ideaal te combineren met vloerverwarming of extra verharder voor zware belasting.
zandcement-dekvloer-sudwest-fryslan-bolsward-zone-495,Sudwest-Fryslan Bolsward (Zone 495),Sudwest-Fryslan,Friesland,Regio Sudwest-Fryslan,N381,"vrijstaande woningen, kavelbouw en aanbouwen",Snel en krimpvrij gesmeerd met optimale hechting en strakke vlakheid.
zandcement-dekvloer-sudwest-fryslan-workum-zone-496,Sudwest-Fryslan Workum (Zone 496),Sudwest-Fryslan,Friesland,Regio Sudwest-Fryslan,A7,"nieuwbouwwijken, gezinswoningen en uitbouwen",Dankzij onze mobiele mengers pompen we kant-en-klare mortel direct naar de juiste laagdikte.
zandcement-dekvloer-sudwest-fryslan-hindeloopen-zone-497,Sudwest-Fryslan Hindeloopen (Zone 497),Sudwest-Fryslan,Friesland,Regio Sudwest-Fryslan,A31,"historische panden, herenhuizen en renovaties",Wij adviseren hier onze droogversneller en Duremit vezels voor een snelle oplevering.
zandcement-dekvloer-sudwest-fryslan-ijlst-zone-498,Sudwest-Fryslan IJlst (Zone 498),Sudwest-Fryslan,Friesland,Regio Sudwest-Fryslan,A32,"bedrijfspanden, garages en utiliteitsbouw",Onze mixcombinaties verwerken zandcement moeiteloos in smalle straten en op hoogte.
zandcement-dekvloer-sudwest-fryslan-makkum-zone-499,Sudwest-Fryslan Makkum (Zone 499),Sudwest-Fryslan,Friesland,Regio Sudwest-Fryslan,N355,"appartementencomplexen, hoogbouw en renovaties",Ideaal te combineren met vloerverwarming of extra verharder voor zware belasting.
zandcement-dekvloer-sudwest-fryslan-wommels-zone-500,Sudwest-Fryslan Wommels (Zone 500),Sudwest-Fryslan,Friesland,Regio Sudwest-Fryslan,N381,"vrijstaande woningen, kavelbouw en aanbouwen",Snel en krimpvrij gesmeerd met optimale hechting en strakke vlakheid.
zandcement-dekvloer-sudwest-fryslan-scharnegoutum-zone-501,Sudwest-Fryslan Scharnegoutum (Zone 501),Sudwest-Fryslan,Friesland,Regio Sudwest-Fryslan,A7,"nieuwbouwwijken, gezinswoningen en uitbouwen",Dankzij onze mobiele mengers pompen we kant-en-klare mortel direct naar de juiste laagdikte.
zandcement-dekvloer-de-fryske-marren-joure-zone-502,De Fryske Marren Joure (Zone 502),De Fryske Marren,Friesland,Regio De Fryske Marren,A31,"historische panden, herenhuizen en renovaties",Wij adviseren hier onze droogversneller en Duremit vezels voor een snelle oplevering.
zandcement-dekvloer-de-fryske-marren-lemmer-zone-503,De Fryske Marren Lemmer (Zone 503),De Fryske Marren,Friesland,Regio De Fryske Marren,A32,"bedrijfspanden, garages en utiliteitsbouw",Onze mixcombinaties verwerken zandcement moeiteloos in smalle straten en op hoogte.
zandcement-dekvloer-de-fryske-marren-balk-zone-504,De Fryske Marren Balk (Zone 504),De Fryske Marren,Friesland,Regio De Fryske Marren,N355,"appartementencomplexen, hoogbouw en renovaties",Ideaal te combineren met vloerverwarming of extra verharder voor zware belasting.
zandcement-dekvloer-de-fryske-marren-sint-nicolaasga-zone-505,De Fryske Marren Sint Nicolaasga (Zone 505),De Fryske Marren,Friesland,Regio De Fryske Marren,N381,"vrijstaande woningen, kavelbouw en aanbouwen",Snel en krimpvrij gesmeerd met optimale hechting en strakke vlakheid.
zandcement-dekvloer-de-fryske-marren-oudehaske-zone-506,De Fryske Marren Oudehaske (Zone 506),De Fryske Marren,Friesland,Regio De Fryske Marren,A7,"nieuwbouwwijken, gezinswoningen en uitbouwen",Dankzij onze mobiele mengers pompen we kant-en-klare mortel direct naar de juiste laagdikte.
zandcement-dekvloer-assen-zone-507,Assen (Zone 507),Assen,Drenthe,Regio Assen,A37,"historische panden, herenhuizen en renovaties",Wij adviseren hier onze droogversneller en Duremit vezels voor een snelle oplevering.
zandcement-dekvloer-assen-kloosterveen-zone-508,Assen Kloosterveen (Zone 508),Assen,Drenthe,Regio Assen,N34,"bedrijfspanden, garages en utiliteitsbouw",Onze mixcombinaties verwerken zandcement moeiteloos in smalle straten en op hoogte.
zandcement-dekvloer-assen-marsdijk-zone-509,Assen Marsdijk (Zone 509),Assen,Drenthe,Regio Assen,N33,"appartementencomplexen, hoogbouw en renovaties",Ideaal te combineren met vloerverwarming of extra verharder voor zware belasting.
zandcement-dekvloer-assen-peelo-zone-510,Assen Peelo (Zone 510),Assen,Drenthe,Regio Assen,N381,"vrijstaande woningen, kavelbouw en aanbouwen",Snel en krimpvrij gesmeerd met optimale hechting en strakke vlakheid.
zandcement-dekvloer-assen-pittelo-zone-511,Assen Pittelo (Zone 511),Assen,Drenthe,Regio Assen,A28,"nieuwbouwwijken, gezinswoningen en uitbouwen",Dankzij onze mobiele mengers pompen we kant-en-klare mortel direct naar de juiste laagdikte.
zandcement-dekvloer-emmen-zone-512,Emmen (Zone 512),Emmen,Drenthe,Regio Emmen,A37,"historische panden, herenhuizen en renovaties",Wij adviseren hier onze droogversneller en Duremit vezels voor een snelle oplevering.
zandcement-dekvloer-emmen-bargeres-zone-513,Emmen Bargeres (Zone 513),Emmen,Drenthe,Regio Emmen,N34,"bedrijfspanden, garages en utiliteitsbouw",Onze mixcombinaties verwerken zandcement moeiteloos in smalle straten en op hoogte.
zandcement-dekvloer-emmen-emmer-compascuum-zone-514,Emmen Emmer-Compascuum (Zone 514),Emmen,Drenthe,Regio Emmen,N33,"appartementencomplexen, hoogbouw en renovaties",Ideaal te combineren met vloerverwarming of extra verharder voor zware belasting.
zandcement-dekvloer-emmen-klazienaveen-zone-515,Emmen Klazienaveen (Zone 515),Emmen,Drenthe,Regio Emmen,N381,"vrijstaande woningen, kavelbouw en aanbouwen",Snel en krimpvrij gesmeerd met optimale hechting en strakke vlakheid.
zandcement-dekvloer-emmen-nieuw-amsterdam-zone-516,Emmen Nieuw-Amsterdam (Zone 516),Emmen,Drenthe,Regio Emmen,A28,"nieuwbouwwijken, gezinswoningen en uitbouwen",Dankzij onze mobiele mengers pompen we kant-en-klare mortel direct naar de juiste laagdikte.
zandcement-dekvloer-emmen-schoonebeek-zone-517,Emmen Schoonebeek (Zone 517),Emmen,Drenthe,Regio Emmen,A37,"historische panden, herenhuizen en renovaties",Wij adviseren hier onze droogversneller en Duremit vezels voor een snelle oplevering.
zandcement-dekvloer-hoogeveen-zone-518,Hoogeveen (Zone 518),Hoogeveen,Drenthe,Regio Hoogeveen,N34,"bedrijfspanden, garages en utiliteitsbouw",Onze mixcombinaties verwerken zandcement moeiteloos in smalle straten en op hoogte.
zandcement-dekvloer-hoogeveen-kattendijk-zone-519,Hoogeveen Kattendijk (Zone 519),Hoogeveen,Drenthe,Regio Hoogeveen,N33,"appartementencomplexen, hoogbouw en renovaties",Ideaal te combineren met vloerverwarming of extra verharder voor zware belasting.
zandcement-dekvloer-hoogeveen-erflanden-zone-520,Hoogeveen Erflanden (Zone 520),Hoogeveen,Drenthe,Regio Hoogeveen,N381,"vrijstaande woningen, kavelbouw en aanbouwen",Snel en krimpvrij gesmeerd met optimale hechting en strakke vlakheid.
zandcement-dekvloer-hoogeveen-hollandscheveld-zone-521,Hoogeveen Hollandscheveld (Zone 521),Hoogeveen,Drenthe,Regio Hoogeveen,A28,"nieuwbouwwijken, gezinswoningen en uitbouwen",Dankzij onze mobiele mengers pompen we kant-en-klare mortel direct naar de juiste laagdikte.
zandcement-dekvloer-hoogeveen-elim-zone-522,Hoogeveen Elim (Zone 522),Hoogeveen,Drenthe,Regio Hoogeveen,A37,"historische panden, herenhuizen en renovaties",Wij adviseren hier onze droogversneller en Duremit vezels voor een snelle oplevering.
zandcement-dekvloer-hoogeveen-noordscheschut-zone-523,Hoogeveen Noordscheschut (Zone 523),Hoogeveen,Drenthe,Regio Hoogeveen,N34,"bedrijfspanden, garages en utiliteitsbouw",Onze mixcombinaties verwerken zandcement moeiteloos in smalle straten en op hoogte.
zandcement-dekvloer-almere-zone-524,Almere (Zone 524),Almere,Flevoland,Regio Almere,N305,"appartementencomplexen, hoogbouw en renovaties",Ideaal te combineren met vloerverwarming of extra verharder voor zware belasting.
zandcement-dekvloer-almere-buiten-zone-525,Almere Buiten (Zone 525),Almere,Flevoland,Regio Almere,N307,"vrijstaande woningen, kavelbouw en aanbouwen",Snel en krimpvrij gesmeerd met optimale hechting en strakke vlakheid.
zandcement-dekvloer-almere-haven-zone-526,Almere Haven (Zone 526),Almere,Flevoland,Regio Almere,A6,"nieuwbouwwijken, gezinswoningen en uitbouwen",Dankzij onze mobiele mengers pompen we kant-en-klare mortel direct naar de juiste laagdikte.
zandcement-dekvloer-almere-poort-zone-527,Almere Poort (Zone 527),Almere,Flevoland,Regio Almere,A27,"historische panden, herenhuizen en renovaties",Wij adviseren hier onze droogversneller en Duremit vezels voor een snelle oplevering.
zandcement-dekvloer-almere-hout-zone-528,Almere Hout (Zone 528),Almere,Flevoland,Regio Almere,N302,"bedrijfspanden, garages en utiliteitsbouw",Onze mixcombinaties verwerken zandcement moeiteloos in smalle straten en op hoogte.
zandcement-dekvloer-almere-pampus-zone-529,Almere Pampus (Zone 529),Almere,Flevoland,Regio Almere,N305,"appartementencomplexen, hoogbouw en renovaties",Ideaal te combineren met vloerverwarming of extra verharder voor zware belasting.
zandcement-dekvloer-almere-nobelhorst-zone-530,Almere Nobelhorst (Zone 530),Almere,Flevoland,Regio Almere,N307,"vrijstaande woningen, kavelbouw en aanbouwen",Snel en krimpvrij gesmeerd met optimale hechting en strakke vlakheid.
zandcement-dekvloer-lelystad-zone-531,Lelystad (Zone 531),Lelystad,Flevoland,Regio Lelystad,A6,"nieuwbouwwijken, gezinswoningen en uitbouwen",Dankzij onze mobiele mengers pompen we kant-en-klare mortel direct naar de juiste laagdikte.
zandcement-dekvloer-lelystad-waterwijk-zone-532,Lelystad Waterwijk (Zone 532),Lelystad,Flevoland,Regio Lelystad,A27,"historische panden, herenhuizen en renovaties",Wij adviseren hier onze droogversneller en Duremit vezels voor een snelle oplevering.
zandcement-dekvloer-lelystad-landerijen-zone-533,Lelystad Landerijen (Zone 533),Lelystad,Flevoland,Regio Lelystad,N302,"bedrijfspanden, garages en utiliteitsbouw",Onze mixcombinaties verwerken zandcement moeiteloos in smalle straten en op hoogte.
zandcement-dekvloer-lelystad-warande-zone-534,Lelystad Warande (Zone 534),Lelystad,Flevoland,Regio Lelystad,N305,"appartementencomplexen, hoogbouw en renovaties",Ideaal te combineren met vloerverwarming of extra verharder voor zware belasting.
zandcement-dekvloer-lelystad-atolwijk-zone-535,Lelystad Atolwijk (Zone 535),Lelystad,Flevoland,Regio Lelystad,N307,"vrijstaande woningen, kavelbouw en aanbouwen",Snel en krimpvrij gesmeerd met optimale hechting en strakke vlakheid.
zandcement-dekvloer-dronten-dronten-stad-zone-536,Dronten Dronten-stad (Zone 536),Dronten,Flevoland,Regio Dronten,A6,"nieuwbouwwijken, gezinswoningen en uitbouwen",Dankzij onze mobiele mengers pompen we kant-en-klare mortel direct naar de juiste laagdikte.
zandcement-dekvloer-dronten-biddinghuizen-zone-537,Dronten Biddinghuizen (Zone 537),Dronten,Flevoland,Regio Dronten,A27,"historische panden, herenhuizen en renovaties",Wij adviseren hier onze droogversneller en Duremit vezels voor een snelle oplevering.
zandcement-dekvloer-dronten-swifterbant-zone-538,Dronten Swifterbant (Zone 538),Dronten,Flevoland,Regio Dronten,N302,"bedrijfspanden, garages en utiliteitsbouw",Onze mixcombinaties verwerken zandcement moeiteloos in smalle straten en op hoogte.
zandcement-dekvloer-middelburg-zone-539,Middelburg (Zone 539),Middelburg,Zeeland,Regio Middelburg,N59,"appartementencomplexen, hoogbouw en renovaties",Ideaal te combineren met vloerverwarming of extra verharder voor zware belasting.
zandcement-dekvloer-middelburg-dauwendaele-zone-540,Middelburg Dauwendaele (Zone 540),Middelburg,Zeeland,Regio Middelburg,N62,"vrijstaande woningen, kavelbouw en aanbouwen",Snel en krimpvrij gesmeerd met optimale hechting en strakke vlakheid.
zandcement-dekvloer-middelburg-klarenbeek-zone-541,Middelburg Klarenbeek (Zone 541),Middelburg,Zeeland,Regio Middelburg,A58,"nieuwbouwwijken, gezinswoningen en uitbouwen",Dankzij onze mobiele mengers pompen we kant-en-klare mortel direct naar de juiste laagdikte.
zandcement-dekvloer-middelburg-sint-laurens-zone-542,Middelburg Sint Laurens (Zone 542),Middelburg,Zeeland,Regio Middelburg,N57,"historische panden, herenhuizen en renovaties",Wij adviseren hier onze droogversneller en Duremit vezels voor een snelle oplevering.
zandcement-dekvloer-middelburg-arnemuiden-zone-543,Middelburg Arnemuiden (Zone 543),Middelburg,Zeeland,Regio Middelburg,N59,"bedrijfspanden, garages en utiliteitsbouw",Onze mixcombinaties verwerken zandcement moeiteloos in smalle straten en op hoogte.
zandcement-dekvloer-vlissingen-zone-544,Vlissingen (Zone 544),Vlissingen,Zeeland,Regio Vlissingen,N62,"appartementencomplexen, hoogbouw en renovaties",Ideaal te combineren met vloerverwarming of extra verharder voor zware belasting.
zandcement-dekvloer-vlissingen-paeauwenburg-zone-545,Vlissingen Paeauwenburg (Zone 545),Vlissingen,Zeeland,Regio Vlissingen,A58,"vrijstaande woningen, kavelbouw en aanbouwen",Snel en krimpvrij gesmeerd met optimale hechting en strakke vlakheid.
zandcement-dekvloer-vlissingen-oost-souburg-zone-546,Vlissingen Oost-Souburg (Zone 546),Vlissingen,Zeeland,Regio Vlissingen,N57,"nieuwbouwwijken, gezinswoningen en uitbouwen",Dankzij onze mobiele mengers pompen we kant-en-klare mortel direct naar de juiste laagdikte.
zandcement-dekvloer-vlissingen-ritthem-zone-547,Vlissingen Ritthem (Zone 547),Vlissingen,Zeeland,Regio Vlissingen,N59,"historische panden, herenhuizen en renovaties",Wij adviseren hier onze droogversneller en Duremit vezels voor een snelle oplevering.
zandcement-dekvloer-goes-zone-548,Goes (Zone 548),Goes,Zeeland,Regio Goes,N62,"bedrijfspanden, garages en utiliteitsbouw",Onze mixcombinaties verwerken zandcement moeiteloos in smalle straten en op hoogte.
zandcement-dekvloer-goes-goese-meer-zone-549,Goes Goese Meer (Zone 549),Goes,Zeeland,Regio Goes,A58,"appartementencomplexen, hoogbouw en renovaties",Ideaal te combineren met vloerverwarming of extra verharder voor zware belasting.
zandcement-dekvloer-goes-mannee-zone-550,Goes Mannee (Zone 550),Goes,Zeeland,Regio Goes,N57,"vrijstaande woningen, kavelbouw en aanbouwen",Snel en krimpvrij gesmeerd met optimale hechting en strakke vlakheid.
zandcement-dekvloer-goes-kloetinge-zone-551,Goes Kloetinge (Zone 551),Goes,Zeeland,Regio Goes,N59,"nieuwbouwwijken, gezinswoningen en uitbouwen",Dankzij onze mobiele mengers pompen we kant-en-klare mortel direct naar de juiste laagdikte.
zandcement-dekvloer-goes-wolphaartsdijk-zone-552,Goes Wolphaartsdijk (Zone 552),Goes,Zeeland,Regio Goes,N62,"historische panden, herenhuizen en renovaties",Wij adviseren hier onze droogversneller en Duremit vezels voor een snelle oplevering.
zandcement-dekvloer-maastricht-zone-553,Maastricht (Zone 553),Maastricht,Limburg,Regio Maastricht,A74,"bedrijfspanden, garages en utiliteitsbouw",Onze mixcombinaties verwerken zandcement moeiteloos in smalle straten en op hoogte.
zandcement-dekvloer-maastricht-wyck-zone-554,Maastricht Wyck (Zone 554),Maastricht,Limburg,Regio Maastricht,A76,"appartementencomplexen, hoogbouw en renovaties",Ideaal te combineren met vloerverwarming of extra verharder voor zware belasting.
zandcement-dekvloer-maastricht-ceramique-zone-555,Maastricht Ceramique (Zone 555),Maastricht,Limburg,Regio Maastricht,A79,"vrijstaande woningen, kavelbouw en aanbouwen",Snel en krimpvrij gesmeerd met optimale hechting en strakke vlakheid.
zandcement-dekvloer-maastricht-brusselsepoort-zone-556,Maastricht Brusselsepoort (Zone 556),Maastricht,Limburg,Regio Maastricht,A2,"nieuwbouwwijken, gezinswoningen en uitbouwen",Dankzij onze mobiele mengers pompen we kant-en-klare mortel direct naar de juiste laagdikte.
zandcement-dekvloer-maastricht-malberg-zone-557,Maastricht Malberg (Zone 557),Maastricht,Limburg,Regio Maastricht,A73,"historische panden, herenhuizen en renovaties",Wij adviseren hier onze droogversneller en Duremit vezels voor een snelle oplevering.
zandcement-dekvloer-maastricht-heugem-zone-558,Maastricht Heugem (Zone 558),Maastricht,Limburg,Regio Maastricht,A74,"bedrijfspanden, garages en utiliteitsbouw",Onze mixcombinaties verwerken zandcement moeiteloos in smalle straten en op hoogte.
zandcement-dekvloer-maastricht-amby-zone-559,Maastricht Amby (Zone 559),Maastricht,Limburg,Regio Maastricht,A76,"appartementencomplexen, hoogbouw en renovaties",Ideaal te combineren met vloerverwarming of extra verharder voor zware belasting.
zandcement-dekvloer-maastricht-wolder-zone-560,Maastricht Wolder (Zone 560),Maastricht,Limburg,Regio Maastricht,A79,"vrijstaande woningen, kavelbouw en aanbouwen",Snel en krimpvrij gesmeerd met optimale hechting en strakke vlakheid.
zandcement-dekvloer-venlo-zone-561,Venlo (Zone 561),Venlo,Limburg,Regio Venlo,A2,"nieuwbouwwijken, gezinswoningen en uitbouwen",Dankzij onze mobiele mengers pompen we kant-en-klare mortel direct naar de juiste laagdikte.
zandcement-dekvloer-venlo-blerick-zone-562,Venlo Blerick (Zone 562),Venlo,Limburg,Regio Venlo,A73,"historische panden, herenhuizen en renovaties",Wij adviseren hier onze droogversneller en Duremit vezels voor een snelle oplevering.
zandcement-dekvloer-venlo-tegelen-zone-563,Venlo Tegelen (Zone 563),Venlo,Limburg,Regio Venlo,A74,"bedrijfspanden, garages en utiliteitsbouw",Onze mixcombinaties verwerken zandcement moeiteloos in smalle straten en op hoogte.
zandcement-dekvloer-venlo-belfeld-zone-564,Venlo Belfeld (Zone 564),Venlo,Limburg,Regio Venlo,A76,"appartementencomplexen, hoogbouw en renovaties",Ideaal te combineren met vloerverwarming of extra verharder voor zware belasting.
zandcement-dekvloer-venlo-velden-zone-565,Venlo Velden (Zone 565),Venlo,Limburg,Regio Venlo,A79,"vrijstaande woningen, kavelbouw en aanbouwen",Snel en krimpvrij gesmeerd met optimale hechting en strakke vlakheid.
zandcement-dekvloer-sittard-geleen-sittard-zone-566,Sittard-Geleen Sittard (Zone 566),Sittard-Geleen,Limburg,Regio Sittard-Geleen,A2,"nieuwbouwwijken, gezinswoningen en uitbouwen",Dankzij onze mobiele mengers pompen we kant-en-klare mortel direct naar de juiste laagdikte.
zandcement-dekvloer-sittard-geleen-geleen-zone-567,Sittard-Geleen Geleen (Zone 567),Sittard-Geleen,Limburg,Regio Sittard-Geleen,A73,"historische panden, herenhuizen en renovaties",Wij adviseren hier onze droogversneller en Duremit vezels voor een snelle oplevering.
zandcement-dekvloer-sittard-geleen-born-zone-568,Sittard-Geleen Born (Zone 568),Sittard-Geleen,Limburg,Regio Sittard-Geleen,A74,"bedrijfspanden, garages en utiliteitsbouw",Onze mixcombinaties verwerken zandcement moeiteloos in smalle straten en op hoogte.
zandcement-dekvloer-sittard-geleen-limbricht-zone-569,Sittard-Geleen Limbricht (Zone 569),Sittard-Geleen,Limburg,Regio Sittard-Geleen,A76,"appartementencomplexen, hoogbouw en renovaties",Ideaal te combineren met vloerverwarming of extra verharder voor zware belasting.
zandcement-dekvloer-sittard-geleen-münstergeleen-zone-570,Sittard-Geleen Münstergeleen (Zone 570),Sittard-Geleen,Limburg,Regio Sittard-Geleen,A79,"vrijstaande woningen, kavelbouw en aanbouwen",Snel en krimpvrij gesmeerd met optimale hechting en strakke vlakheid.
zandcement-dekvloer-heerlen-zone-571,Heerlen (Zone 571),Heerlen,Limburg,Regio Heerlen,A2,"nieuwbouwwijken, gezinswoningen en uitbouwen",Dankzij onze mobiele mengers pompen we kant-en-klare mortel direct naar de juiste laagdikte.
zandcement-dekvloer-heerlen-heerlerheide-zone-572,Heerlen Heerlerheide (Zone 572),Heerlen,Limburg,Regio Heerlen,A73,"historische panden, herenhuizen en renovaties",Wij adviseren hier onze droogversneller en Duremit vezels voor een snelle oplevering.
zandcement-dekvloer-heerlen-heerlerbaan-zone-573,Heerlen Heerlerbaan (Zone 573),Heerlen,Limburg,Regio Heerlen,A74,"bedrijfspanden, garages en utiliteitsbouw",Onze mixcombinaties verwerken zandcement moeiteloos in smalle straten en op hoogte.
zandcement-dekvloer-heerlen-hoensbroek-zone-574,Heerlen Hoensbroek (Zone 574),Heerlen,Limburg,Regio Heerlen,A76,"appartementencomplexen, hoogbouw en renovaties",Ideaal te combineren met vloerverwarming of extra verharder voor zware belasting.
zandcement-dekvloer-amsterdam-zone-575,Amsterdam (Zone 575),Amsterdam,Noord-Holland,Regio Amsterdam,A10,"nieuwbouwwijken, gezinswoningen en uitbouwen",Dankzij onze mobiele mengers pompen we kant-en-klare mortel direct naar de juiste laagdikte.
zandcement-dekvloer-amsterdam-zuid-zone-576,Amsterdam Zuid (Zone 576),Amsterdam,Noord-Holland,Regio Amsterdam,A9,"historische panden, herenhuizen en renovaties",Wij adviseren hier onze droogversneller en Duremit vezels voor een snelle oplevering.
zandcement-dekvloer-amsterdam-west-zone-577,Amsterdam West (Zone 577),Amsterdam,Noord-Holland,Regio Amsterdam,A7,"bedrijfspanden, garages en utiliteitsbouw",Onze mixcombinaties verwerken zandcement moeiteloos in smalle straten en op hoogte.
zandcement-dekvloer-amsterdam-noord-zone-578,Amsterdam Noord (Zone 578),Amsterdam,Noord-Holland,Regio Amsterdam,A8,"appartementencomplexen, hoogbouw en renovaties",Ideaal te combineren met vloerverwarming of extra verharder voor zware belasting.
zandcement-dekvloer-amsterdam-oost-zone-579,Amsterdam Oost (Zone 579),Amsterdam,Noord-Holland,Regio Amsterdam,N9,"vrijstaande woningen, kavelbouw en aanbouwen",Snel en krimpvrij gesmeerd met optimale hechting en strakke vlakheid.
zandcement-dekvloer-amsterdam-nieuw-west-zone-580,Amsterdam Nieuw-West (Zone 580),Amsterdam,Noord-Holland,Regio Amsterdam,N242,"nieuwbouwwijken, gezinswoningen en uitbouwen",Dankzij onze mobiele mengers pompen we kant-en-klare mortel direct naar de juiste laagdikte.
zandcement-dekvloer-amsterdam-zuidoost-zone-581,Amsterdam Zuidoost (Zone 581),Amsterdam,Noord-Holland,Regio Amsterdam,N201,"historische panden, herenhuizen en renovaties",Wij adviseren hier onze droogversneller en Duremit vezels voor een snelle oplevering.
zandcement-dekvloer-amsterdam-ijburg-zone-582,Amsterdam IJburg (Zone 582),Amsterdam,Noord-Holland,Regio Amsterdam,N247,"bedrijfspanden, garages en utiliteitsbouw",Onze mixcombinaties verwerken zandcement moeiteloos in smalle straten en op hoogte.
zandcement-dekvloer-amsterdam-buitenveldert-zone-583,Amsterdam Buitenveldert (Zone 583),Amsterdam,Noord-Holland,Regio Amsterdam,A200,"appartementencomplexen, hoogbouw en renovaties",Ideaal te combineren met vloerverwarming of extra verharder voor zware belasting.
zandcement-dekvloer-amsterdam-osdorp-zone-584,Amsterdam Osdorp (Zone 584),Amsterdam,Noord-Holland,Regio Amsterdam,A10,"vrijstaande woningen, kavelbouw en aanbouwen",Snel en krimpvrij gesmeerd met optimale hechting en strakke vlakheid.
zandcement-dekvloer-amsterdam-watergraafsmeer-zone-585,Amsterdam Watergraafsmeer (Zone 585),Amsterdam,Noord-Holland,Regio Amsterdam,A9,"nieuwbouwwijken, gezinswoningen en uitbouwen",Dankzij onze mobiele mengers pompen we kant-en-klare mortel direct naar de juiste laagdikte.
zandcement-dekvloer-amsterdam-de-pijp-zone-586,Amsterdam De Pijp (Zone 586),Amsterdam,Noord-Holland,Regio Amsterdam,A7,"historische panden, herenhuizen en renovaties",Wij adviseren hier onze droogversneller en Duremit vezels voor een snelle oplevering.
zandcement-dekvloer-amsterdam-jordaan-zone-587,Amsterdam Jordaan (Zone 587),Amsterdam,Noord-Holland,Regio Amsterdam,A8,"bedrijfspanden, garages en utiliteitsbouw",Onze mixcombinaties verwerken zandcement moeiteloos in smalle straten en op hoogte.
zandcement-dekvloer-amsterdam-slotervaart-zone-588,Amsterdam Slotervaart (Zone 588),Amsterdam,Noord-Holland,Regio Amsterdam,N9,"appartementencomplexen, hoogbouw en renovaties",Ideaal te combineren met vloerverwarming of extra verharder voor zware belasting.
zandcement-dekvloer-amsterdam-geuzenveld-zone-589,Amsterdam Geuzenveld (Zone 589),Amsterdam,Noord-Holland,Regio Amsterdam,N242,"vrijstaande woningen, kavelbouw en aanbouwen",Snel en krimpvrij gesmeerd met optimale hechting en strakke vlakheid.
zandcement-dekvloer-amsterdam-indische-buurt-zone-590,Amsterdam Indische Buurt (Zone 590),Amsterdam,Noord-Holland,Regio Amsterdam,N201,"nieuwbouwwijken, gezinswoningen en uitbouwen",Dankzij onze mobiele mengers pompen we kant-en-klare mortel direct naar de juiste laagdikte.
zandcement-dekvloer-haarlem-zone-591,Haarlem (Zone 591),Haarlem,Noord-Holland,Regio Haarlem,N247,"historische panden, herenhuizen en renovaties",Wij adviseren hier onze droogversneller en Duremit vezels voor een snelle oplevering.
zandcement-dekvloer-haarlem-noord-zone-592,Haarlem Noord (Zone 592),Haarlem,Noord-Holland,Regio Haarlem,A200,"bedrijfspanden, garages en utiliteitsbouw",Onze mixcombinaties verwerken zandcement moeiteloos in smalle straten en op hoogte.
zandcement-dekvloer-haarlem-schalkwijk-zone-593,Haarlem Schalkwijk (Zone 593),Haarlem,Noord-Holland,Regio Haarlem,A10,"appartementencomplexen, hoogbouw en renovaties",Ideaal te combineren met vloerverwarming of extra verharder voor zware belasting.
zandcement-dekvloer-haarlem-zijlwegkwartier-zone-594,Haarlem Zijlwegkwartier (Zone 594),Haarlem,Noord-Holland,Regio Haarlem,A9,"vrijstaande woningen, kavelbouw en aanbouwen",Snel en krimpvrij gesmeerd met optimale hechting en strakke vlakheid.
zandcement-dekvloer-haarlem-waarderpolder-zone-595,Haarlem Waarderpolder (Zone 595),Haarlem,Noord-Holland,Regio Haarlem,A7,"nieuwbouwwijken, gezinswoningen en uitbouwen",Dankzij onze mobiele mengers pompen we kant-en-klare mortel direct naar de juiste laagdikte.
zandcement-dekvloer-haarlem-bloemendaal-grens-zone-596,Haarlem Bloemendaal-grens (Zone 596),Haarlem,Noord-Holland,Regio Haarlem,A8,"historische panden, herenhuizen en renovaties",Wij adviseren hier onze droogversneller en Duremit vezels voor een snelle oplevering.
zandcement-dekvloer-haarlem-oude-amsterdamsebuurt-zone-597,Haarlem Oude Amsterdamsebuurt (Zone 597),Haarlem,Noord-Holland,Regio Haarlem,N9,"bedrijfspanden, garages en utiliteitsbouw",Onze mixcombinaties verwerken zandcement moeiteloos in smalle straten en op hoogte.
zandcement-dekvloer-haarlem-kleverpark-zone-598,Haarlem Kleverpark (Zone 598),Haarlem,Noord-Holland,Regio Haarlem,N242,"appartementencomplexen, hoogbouw en renovaties",Ideaal te combineren met vloerverwarming of extra verharder voor zware belasting.
zandcement-dekvloer-zaanstad-zaandam-zone-599,Zaanstad Zaandam (Zone 599),Zaanstad,Noord-Holland,Regio Zaanstad,N201,"vrijstaande woningen, kavelbouw en aanbouwen",Snel en krimpvrij gesmeerd met optimale hechting en strakke vlakheid.
zandcement-dekvloer-zaanstad-zaandijk-zone-600,Zaanstad Zaandijk (Zone 600),Zaanstad,Noord-Holland,Regio Zaanstad,N247,"nieuwbouwwijken, gezinswoningen en uitbouwen",Dankzij onze mobiele mengers pompen we kant-en-klare mortel direct naar de juiste laagdikte.
zandcement-dekvloer-zaanstad-krommenie-zone-601,Zaanstad Krommenie (Zone 601),Zaanstad,Noord-Holland,Regio Zaanstad,A200,"historische panden, herenhuizen en renovaties",Wij adviseren hier onze droogversneller en Duremit vezels voor een snelle oplevering.
zandcement-dekvloer-zaanstad-wormerveer-zone-602,Zaanstad Wormerveer (Zone 602),Zaanstad,Noord-Holland,Regio Zaanstad,A10,"bedrijfspanden, garages en utiliteitsbouw",Onze mixcombinaties verwerken zandcement moeiteloos in smalle straten en op hoogte.
zandcement-dekvloer-zaanstad-assendelft-zone-603,Zaanstad Assendelft (Zone 603),Zaanstad,Noord-Holland,Regio Zaanstad,A9,"appartementencomplexen, hoogbouw en renovaties",Ideaal te combineren met vloerverwarming of extra verharder voor zware belasting.
zandcement-dekvloer-zaanstad-koog-aan-de-zaan-zone-604,Zaanstad Koog aan de Zaan (Zone 604),Zaanstad,Noord-Holland,Regio Zaanstad,A7,"vrijstaande woningen, kavelbouw en aanbouwen",Snel en krimpvrij gesmeerd met optimale hechting en strakke vlakheid.
zandcement-dekvloer-zaanstad-westzaan-zone-605,Zaanstad Westzaan (Zone 605),Zaanstad,Noord-Holland,Regio Zaanstad,A8,"nieuwbouwwijken, gezinswoningen en uitbouwen",Dankzij onze mobiele mengers pompen we kant-en-klare mortel direct naar de juiste laagdikte.
zandcement-dekvloer-zaanstad-oostzaan-zone-606,Zaanstad Oostzaan (Zone 606),Zaanstad,Noord-Holland,Regio Zaanstad,N9,"historische panden, herenhuizen en renovaties",Wij adviseren hier onze droogversneller en Duremit vezels voor een snelle oplevering.
zandcement-dekvloer-haarlemmermeer-hoofddorp-zone-607,Haarlemmermeer Hoofddorp (Zone 607),Haarlemmermeer,Noord-Holland,Regio Haarlemmermeer,N242,"bedrijfspanden, garages en utiliteitsbouw",Onze mixcombinaties verwerken zandcement moeiteloos in smalle straten en op hoogte.
zandcement-dekvloer-haarlemmermeer-nieuw-vennep-zone-608,Haarlemmermeer Nieuw-Vennep (Zone 608),Haarlemmermeer,Noord-Holland,Regio Haarlemmermeer,N201,"appartementencomplexen, hoogbouw en renovaties",Ideaal te combineren met vloerverwarming of extra verharder voor zware belasting.
zandcement-dekvloer-haarlemmermeer-badhoevedorp-zone-609,Haarlemmermeer Badhoevedorp (Zone 609),Haarlemmermeer,Noord-Holland,Regio Haarlemmermeer,N247,"vrijstaande woningen, kavelbouw en aanbouwen",Snel en krimpvrij gesmeerd met optimale hechting en strakke vlakheid.
zandcement-dekvloer-haarlemmermeer-zwanenburg-zone-610,Haarlemmermeer Zwanenburg (Zone 610),Haarlemmermeer,Noord-Holland,Regio Haarlemmermeer,A200,"nieuwbouwwijken, gezinswoningen en uitbouwen",Dankzij onze mobiele mengers pompen we kant-en-klare mortel direct naar de juiste laagdikte.
zandcement-dekvloer-haarlemmermeer-vijfhuizen-zone-611,Haarlemmermeer Vijfhuizen (Zone 611),Haarlemmermeer,Noord-Holland,Regio Haarlemmermeer,A10,"historische panden, herenhuizen en renovaties",Wij adviseren hier onze droogversneller en Duremit vezels voor een snelle oplevering.
zandcement-dekvloer-haarlemmermeer-rijsenhout-zone-612,Haarlemmermeer Rijsenhout (Zone 612),Haarlemmermeer,Noord-Holland,Regio Haarlemmermeer,A9,"bedrijfspanden, garages en utiliteitsbouw",Onze mixcombinaties verwerken zandcement moeiteloos in smalle straten en op hoogte.
zandcement-dekvloer-haarlemmermeer-abbenes-zone-613,Haarlemmermeer Abbenes (Zone 613),Haarlemmermeer,Noord-Holland,Regio Haarlemmermeer,A7,"appartementencomplexen, hoogbouw en renovaties",Ideaal te combineren met vloerverwarming of extra verharder voor zware belasting.
zandcement-dekvloer-haarlemmermeer-lisserbroek-zone-614,Haarlemmermeer Lisserbroek (Zone 614),Haarlemmermeer,Noord-Holland,Regio Haarlemmermeer,A8,"vrijstaande woningen, kavelbouw en aanbouwen",Snel en krimpvrij gesmeerd met optimale hechting en strakke vlakheid.
zandcement-dekvloer-alkmaar-zone-615,Alkmaar (Zone 615),Alkmaar,Noord-Holland,Regio Alkmaar,N9,"nieuwbouwwijken, gezinswoningen en uitbouwen",Dankzij onze mobiele mengers pompen we kant-en-klare mortel direct naar de juiste laagdikte.
zandcement-dekvloer-alkmaar-overdie-zone-616,Alkmaar Overdie (Zone 616),Alkmaar,Noord-Holland,Regio Alkmaar,N242,"historische panden, herenhuizen en renovaties",Wij adviseren hier onze droogversneller en Duremit vezels voor een snelle oplevering.
zandcement-dekvloer-alkmaar-huiswaard-zone-617,Alkmaar Huiswaard (Zone 617),Alkmaar,Noord-Holland,Regio Alkmaar,N201,"bedrijfspanden, garages en utiliteitsbouw",Onze mixcombinaties verwerken zandcement moeiteloos in smalle straten en op hoogte.
zandcement-dekvloer-alkmaar-daalmeer-zone-618,Alkmaar Daalmeer (Zone 618),Alkmaar,Noord-Holland,Regio Alkmaar,N247,"appartementencomplexen, hoogbouw en renovaties",Ideaal te combineren met vloerverwarming of extra verharder voor zware belasting.
zandcement-dekvloer-alkmaar-de-mare-zone-619,Alkmaar De Mare (Zone 619),Alkmaar,Noord-Holland,Regio Alkmaar,A200,"vrijstaande woningen, kavelbouw en aanbouwen",Snel en krimpvrij gesmeerd met optimale hechting en strakke vlakheid.
zandcement-dekvloer-alkmaar-oudorp-zone-620,Alkmaar Oudorp (Zone 620),Alkmaar,Noord-Holland,Regio Alkmaar,A10,"nieuwbouwwijken, gezinswoningen en uitbouwen",Dankzij onze mobiele mengers pompen we kant-en-klare mortel direct naar de juiste laagdikte.
zandcement-dekvloer-alkmaar-koedijk-zone-621,Alkmaar Koedijk (Zone 621),Alkmaar,Noord-Holland,Regio Alkmaar,A9,"historische panden, herenhuizen en renovaties",Wij adviseren hier onze droogversneller en Duremit vezels voor een snelle oplevering.
zandcement-dekvloer-alkmaar-bergermeer-zone-622,Alkmaar Bergermeer (Zone 622),Alkmaar,Noord-Holland,Regio Alkmaar,A7,"bedrijfspanden, garages en utiliteitsbouw",Onze mixcombinaties verwerken zandcement moeiteloos in smalle straten en op hoogte.
zandcement-dekvloer-den-helder-zone-623,Den Helder (Zone 623),Den Helder,Noord-Holland,Regio Den Helder,A8,"appartementencomplexen, hoogbouw en renovaties",Ideaal te combineren met vloerverwarming of extra verharder voor zware belasting.
zandcement-dekvloer-den-helder-julianadorp-zone-624,Den Helder Julianadorp (Zone 624),Den Helder,Noord-Holland,Regio Den Helder,N9,"vrijstaande woningen, kavelbouw en aanbouwen",Snel en krimpvrij gesmeerd met optimale hechting en strakke vlakheid.
zandcement-dekvloer-den-helder-de-schooten-zone-625,Den Helder De Schooten (Zone 625),Den Helder,Noord-Holland,Regio Den Helder,N242,"nieuwbouwwijken, gezinswoningen en uitbouwen",Dankzij onze mobiele mengers pompen we kant-en-klare mortel direct naar de juiste laagdikte.
zandcement-dekvloer-den-helder-nieuw-den-helder-zone-626,Den Helder Nieuw-Den Helder (Zone 626),Den Helder,Noord-Holland,Regio Den Helder,N201,"historische panden, herenhuizen en renovaties",Wij adviseren hier onze droogversneller en Duremit vezels voor een snelle oplevering.
zandcement-dekvloer-den-helder-huisduinen-zone-627,Den Helder Huisduinen (Zone 627),Den Helder,Noord-Holland,Regio Den Helder,N247,"bedrijfspanden, garages en utiliteitsbouw",Onze mixcombinaties verwerken zandcement moeiteloos in smalle straten en op hoogte.
zandcement-dekvloer-den-helder-falga-zone-628,Den Helder Falga (Zone 628),Den Helder,Noord-Holland,Regio Den Helder,A200,"appartementencomplexen, hoogbouw en renovaties",Ideaal te combineren met vloerverwarming of extra verharder voor zware belasting.
zandcement-dekvloer-purmerend-zone-629,Purmerend (Zone 629),Purmerend,Noord-Holland,Regio Purmerend,A10,"vrijstaande woningen, kavelbouw en aanbouwen",Snel en krimpvrij gesmeerd met optimale hechting en strakke vlakheid.
zandcement-dekvloer-purmerend-overwhere-zone-630,Purmerend Overwhere (Zone 630),Purmerend,Noord-Holland,Regio Purmerend,A9,"nieuwbouwwijken, gezinswoningen en uitbouwen",Dankzij onze mobiele mengers pompen we kant-en-klare mortel direct naar de juiste laagdikte.
zandcement-dekvloer-purmerend-weidevenne-zone-631,Purmerend Weidevenne (Zone 631),Purmerend,Noord-Holland,Regio Purmerend,A7,"historische panden, herenhuizen en renovaties",Wij adviseren hier onze droogversneller en Duremit vezels voor een snelle oplevering.
zandcement-dekvloer-purmerend-purmer-noord-zone-632,Purmerend Purmer-Noord (Zone 632),Purmerend,Noord-Holland,Regio Purmerend,A8,"bedrijfspanden, garages en utiliteitsbouw",Onze mixcombinaties verwerken zandcement moeiteloos in smalle straten en op hoogte.
zandcement-dekvloer-purmerend-purmer-zuid-zone-633,Purmerend Purmer-Zuid (Zone 633),Purmerend,Noord-Holland,Regio Purmerend,N9,"appartementencomplexen, hoogbouw en renovaties",Ideaal te combineren met vloerverwarming of extra verharder voor zware belasting.
zandcement-dekvloer-purmerend-gors-zone-634,Purmerend Gors (Zone 634),Purmerend,Noord-Holland,Regio Purmerend,N242,"vrijstaande woningen, kavelbouw en aanbouwen",Snel en krimpvrij gesmeerd met optimale hechting en strakke vlakheid.
zandcement-dekvloer-purmerend-wheermolen-zone-635,Purmerend Wheermolen (Zone 635),Purmerend,Noord-Holland,Regio Purmerend,N201,"nieuwbouwwijken, gezinswoningen en uitbouwen",Dankzij onze mobiele mengers pompen we kant-en-klare mortel direct naar de juiste laagdikte.
zandcement-dekvloer-hilversum-zone-636,Hilversum (Zone 636),Hilversum,Noord-Holland,Regio Hilversum,N247,"historische panden, herenhuizen en renovaties",Wij adviseren hier onze droogversneller en Duremit vezels voor een snelle oplevering.
zandcement-dekvloer-hilversum-kerkelanden-zone-637,Hilversum Kerkelanden (Zone 637),Hilversum,Noord-Holland,Regio Hilversum,A200,"bedrijfspanden, garages en utiliteitsbouw",Onze mixcombinaties verwerken zandcement moeiteloos in smalle straten en op hoogte.
zandcement-dekvloer-hilversum-hilversumse-meent-zone-638,Hilversum Hilversumse Meent (Zone 638),Hilversum,Noord-Holland,Regio Hilversum,A10,"appartementencomplexen, hoogbouw en renovaties",Ideaal te combineren met vloerverwarming of extra verharder voor zware belasting.
zandcement-dekvloer-hilversum-riebeeckkwartier-zone-639,Hilversum Riebeeckkwartier (Zone 639),Hilversum,Noord-Holland,Regio Hilversum,A9,"vrijstaande woningen, kavelbouw en aanbouwen",Snel en krimpvrij gesmeerd met optimale hechting en strakke vlakheid.
zandcement-dekvloer-hilversum-oost-zone-640,Hilversum Oost (Zone 640),Hilversum,Noord-Holland,Regio Hilversum,A7,"nieuwbouwwijken, gezinswoningen en uitbouwen",Dankzij onze mobiele mengers pompen we kant-en-klare mortel direct naar de juiste laagdikte.
zandcement-dekvloer-hilversum-seinstraat-zone-641,Hilversum Seinstraat (Zone 641),Hilversum,Noord-Holland,Regio Hilversum,A8,"historische panden, herenhuizen en renovaties",Wij adviseren hier onze droogversneller en Duremit vezels voor een snelle oplevering.
zandcement-dekvloer-amstelveen-stadshart-zone-642,Amstelveen Stadshart (Zone 642),Amstelveen,Noord-Holland,Regio Amstelveen,N9,"bedrijfspanden, garages en utiliteitsbouw",Onze mixcombinaties verwerken zandcement moeiteloos in smalle straten en op hoogte.
zandcement-dekvloer-amstelveen-westwijk-zone-643,Amstelveen Westwijk (Zone 643),Amstelveen,Noord-Holland,Regio Amstelveen,N242,"appartementencomplexen, hoogbouw en renovaties",Ideaal te combineren met vloerverwarming of extra verharder voor zware belasting.
zandcement-dekvloer-amstelveen-bovenkerk-zone-644,Amstelveen Bovenkerk (Zone 644),Amstelveen,Noord-Holland,Regio Amstelveen,N201,"vrijstaande woningen, kavelbouw en aanbouwen",Snel en krimpvrij gesmeerd met optimale hechting en strakke vlakheid.
zandcement-dekvloer-amstelveen-randwijck-zone-645,Amstelveen Randwijck (Zone 645),Amstelveen,Noord-Holland,Regio Amstelveen,N247,"nieuwbouwwijken, gezinswoningen en uitbouwen",Dankzij onze mobiele mengers pompen we kant-en-klare mortel direct naar de juiste laagdikte.
zandcement-dekvloer-amstelveen-bankras-zone-646,Amstelveen Bankras (Zone 646),Amstelveen,Noord-Holland,Regio Amstelveen,A200,"historische panden, herenhuizen en renovaties",Wij adviseren hier onze droogversneller en Duremit vezels voor een snelle oplevering.
zandcement-dekvloer-amstelveen-elsrijk-zone-647,Amstelveen Elsrijk (Zone 647),Amstelveen,Noord-Holland,Regio Amstelveen,A10,"bedrijfspanden, garages en utiliteitsbouw",Onze mixcombinaties verwerken zandcement moeiteloos in smalle straten en op hoogte.
zandcement-dekvloer-hoorn-zone-648,Hoorn (Zone 648),Hoorn,Noord-Holland,Regio Hoorn,A9,"appartementencomplexen, hoogbouw en renovaties",Ideaal te combineren met vloerverwarming of extra verharder voor zware belasting.
zandcement-dekvloer-hoorn-risdam-zone-649,Hoorn Risdam (Zone 649),Hoorn,Noord-Holland,Regio Hoorn,A7,"vrijstaande woningen, kavelbouw en aanbouwen",Snel en krimpvrij gesmeerd met optimale hechting en strakke vlakheid.
zandcement-dekvloer-hoorn-kersenboogerd-zone-650,Hoorn Kersenboogerd (Zone 650),Hoorn,Noord-Holland,Regio Hoorn,A8,"nieuwbouwwijken, gezinswoningen en uitbouwen",Dankzij onze mobiele mengers pompen we kant-en-klare mortel direct naar de juiste laagdikte.
zandcement-dekvloer-hoorn-zwaag-zone-651,Hoorn Zwaag (Zone 651),Hoorn,Noord-Holland,Regio Hoorn,N9,"historische panden, herenhuizen en renovaties",Wij adviseren hier onze droogversneller en Duremit vezels voor een snelle oplevering.
zandcement-dekvloer-hoorn-blokker-zone-652,Hoorn Blokker (Zone 652),Hoorn,Noord-Holland,Regio Hoorn,N242,"bedrijfspanden, garages en utiliteitsbouw",Onze mixcombinaties verwerken zandcement moeiteloos in smalle straten en op hoogte.
zandcement-dekvloer-hoorn-grote-waal-zone-653,Hoorn Grote Waal (Zone 653),Hoorn,Noord-Holland,Regio Hoorn,N201,"appartementencomplexen, hoogbouw en renovaties",Ideaal te combineren met vloerverwarming of extra verharder voor zware belasting.
zandcement-dekvloer-heerhugowaard-zone-654,Heerhugowaard (Zone 654),Heerhugowaard,Noord-Holland,Regio Heerhugowaard,N247,"vrijstaande woningen, kavelbouw en aanbouwen",Snel en krimpvrij gesmeerd met optimale hechting en strakke vlakheid.
zandcement-dekvloer-heerhugowaard-de-noord-zone-655,Heerhugowaard De Noord (Zone 655),Heerhugowaard,Noord-Holland,Regio Heerhugowaard,A200,"nieuwbouwwijken, gezinswoningen en uitbouwen",Dankzij onze mobiele mengers pompen we kant-en-klare mortel direct naar de juiste laagdikte.
zandcement-dekvloer-heerhugowaard-butterhuizen-zone-656,Heerhugowaard Butterhuizen (Zone 656),Heerhugowaard,Noord-Holland,Regio Heerhugowaard,A10,"historische panden, herenhuizen en renovaties",Wij adviseren hier onze droogversneller en Duremit vezels voor een snelle oplevering.
zandcement-dekvloer-heerhugowaard-stad-van-de-zon-zone-657,Heerhugowaard Stad van de Zon (Zone 657),Heerhugowaard,Noord-Holland,Regio Heerhugowaard,A9,"bedrijfspanden, garages en utiliteitsbouw",Onze mixcombinaties verwerken zandcement moeiteloos in smalle straten en op hoogte.
zandcement-dekvloer-heerhugowaard-reigersdaal-zone-658,Heerhugowaard Reigersdaal (Zone 658),Heerhugowaard,Noord-Holland,Regio Heerhugowaard,A7,"appartementencomplexen, hoogbouw en renovaties",Ideaal te combineren met vloerverwarming of extra verharder voor zware belasting.
zandcement-dekvloer-heerhugowaard-oostertocht-zone-659,Heerhugowaard Oostertocht (Zone 659),Heerhugowaard,Noord-Holland,Regio Heerhugowaard,A8,"vrijstaande woningen, kavelbouw en aanbouwen",Snel en krimpvrij gesmeerd met optimale hechting en strakke vlakheid.
zandcement-dekvloer-schagen-schagen-stad-zone-660,Schagen Schagen-stad (Zone 660),Schagen,Noord-Holland,Regio Schagen,N9,"nieuwbouwwijken, gezinswoningen en uitbouwen",Dankzij onze mobiele mengers pompen we kant-en-klare mortel direct naar de juiste laagdikte.
zandcement-dekvloer-schagen-tuitjenhorn-zone-661,Schagen Tuitjenhorn (Zone 661),Schagen,Noord-Holland,Regio Schagen,N242,"historische panden, herenhuizen en renovaties",Wij adviseren hier onze droogversneller en Duremit vezels voor een snelle oplevering.
zandcement-dekvloer-schagen-warmenhuizen-zone-662,Schagen Warmenhuizen (Zone 662),Schagen,Noord-Holland,Regio Schagen,N201,"bedrijfspanden, garages en utiliteitsbouw",Onze mixcombinaties verwerken zandcement moeiteloos in smalle straten en op hoogte.
zandcement-dekvloer-schagen-dirkshorn-zone-663,Schagen Dirkshorn (Zone 663),Schagen,Noord-Holland,Regio Schagen,N247,"appartementencomplexen, hoogbouw en renovaties",Ideaal te combineren met vloerverwarming of extra verharder voor zware belasting.
zandcement-dekvloer-schagen-callantsoog-zone-664,Schagen Callantsoog (Zone 664),Schagen,Noord-Holland,Regio Schagen,A200,"vrijstaande woningen, kavelbouw en aanbouwen",Snel en krimpvrij gesmeerd met optimale hechting en strakke vlakheid.
zandcement-dekvloer-schagen-petten-zone-665,Schagen Petten (Zone 665),Schagen,Noord-Holland,Regio Schagen,A10,"nieuwbouwwijken, gezinswoningen en uitbouwen",Dankzij onze mobiele mengers pompen we kant-en-klare mortel direct naar de juiste laagdikte.
zandcement-dekvloer-schagen-waarland-zone-666,Schagen Waarland (Zone 666),Schagen,Noord-Holland,Regio Schagen,A9,"historische panden, herenhuizen en renovaties",Wij adviseren hier onze droogversneller en Duremit vezels voor een snelle oplevering.
zandcement-dekvloer-schagen-burgerbrug-zone-667,Schagen Burgerbrug (Zone 667),Schagen,Noord-Holland,Regio Schagen,A7,"bedrijfspanden, garages en utiliteitsbouw",Onze mixcombinaties verwerken zandcement moeiteloos in smalle straten en op hoogte.
zandcement-dekvloer-schagen-sint-maarten-zone-668,Schagen Sint Maarten (Zone 668),Schagen,Noord-Holland,Regio Schagen,A8,"appartementencomplexen, hoogbouw en renovaties",Ideaal te combineren met vloerverwarming of extra verharder voor zware belasting.
zandcement-dekvloer-schagen-sint-maartensbrug-zone-669,Schagen Sint Maartensbrug (Zone 669),Schagen,Noord-Holland,Regio Schagen,N9,"vrijstaande woningen, kavelbouw en aanbouwen",Snel en krimpvrij gesmeerd met optimale hechting en strakke vlakheid.
zandcement-dekvloer-schagen-schagerbrug-zone-670,Schagen Schagerbrug (Zone 670),Schagen,Noord-Holland,Regio Schagen,N242,"nieuwbouwwijken, gezinswoningen en uitbouwen",Dankzij onze mobiele mengers pompen we kant-en-klare mortel direct naar de juiste laagdikte.
zandcement-dekvloer-medemblik-medemblik-stad-zone-671,Medemblik Medemblik-stad (Zone 671),Medemblik,Noord-Holland,Regio Medemblik,N201,"historische panden, herenhuizen en renovaties",Wij adviseren hier onze droogversneller en Duremit vezels voor een snelle oplevering.
zandcement-dekvloer-medemblik-wervershoof-zone-672,Medemblik Wervershoof (Zone 672),Medemblik,Noord-Holland,Regio Medemblik,N247,"bedrijfspanden, garages en utiliteitsbouw",Onze mixcombinaties verwerken zandcement moeiteloos in smalle straten en op hoogte.
zandcement-dekvloer-medemblik-andijk-zone-673,Medemblik Andijk (Zone 673),Medemblik,Noord-Holland,Regio Medemblik,A200,"appartementencomplexen, hoogbouw en renovaties",Ideaal te combineren met vloerverwarming of extra verharder voor zware belasting.
zandcement-dekvloer-medemblik-wognum-zone-674,Medemblik Wognum (Zone 674),Medemblik,Noord-Holland,Regio Medemblik,A10,"vrijstaande woningen, kavelbouw en aanbouwen",Snel en krimpvrij gesmeerd met optimale hechting en strakke vlakheid.
zandcement-dekvloer-medemblik-midwoud-zone-675,Medemblik Midwoud (Zone 675),Medemblik,Noord-Holland,Regio Medemblik,A9,"nieuwbouwwijken, gezinswoningen en uitbouwen",Dankzij onze mobiele mengers pompen we kant-en-klare mortel direct naar de juiste laagdikte.
zandcement-dekvloer-medemblik-twisk-zone-676,Medemblik Twisk (Zone 676),Medemblik,Noord-Holland,Regio Medemblik,A7,"historische panden, herenhuizen en renovaties",Wij adviseren hier onze droogversneller en Duremit vezels voor een snelle oplevering.
zandcement-dekvloer-medemblik-abbekerk-zone-677,Medemblik Abbekerk (Zone 677),Medemblik,Noord-Holland,Regio Medemblik,A8,"bedrijfspanden, garages en utiliteitsbouw",Onze mixcombinaties verwerken zandcement moeiteloos in smalle straten en op hoogte.
zandcement-dekvloer-medemblik-nibbixwoud-zone-678,Medemblik Nibbixwoud (Zone 678),Medemblik,Noord-Holland,Regio Medemblik,N9,"appartementencomplexen, hoogbouw en renovaties",Ideaal te combineren met vloerverwarming of extra verharder voor zware belasting.
zandcement-dekvloer-medemblik-sijbekarspel-zone-679,Medemblik Sijbekarspel (Zone 679),Medemblik,Noord-Holland,Regio Medemblik,N242,"vrijstaande woningen, kavelbouw en aanbouwen",Snel en krimpvrij gesmeerd met optimale hechting en strakke vlakheid.
zandcement-dekvloer-enkhuizen-zone-680,Enkhuizen (Zone 680),Enkhuizen,Noord-Holland,Regio Enkhuizen,N201,"nieuwbouwwijken, gezinswoningen en uitbouwen",Dankzij onze mobiele mengers pompen we kant-en-klare mortel direct naar de juiste laagdikte.
zandcement-dekvloer-enkhuizen-oosterweeghje-zone-681,Enkhuizen Oosterweeghje (Zone 681),Enkhuizen,Noord-Holland,Regio Enkhuizen,N247,"historische panden, herenhuizen en renovaties",Wij adviseren hier onze droogversneller en Duremit vezels voor een snelle oplevering.
zandcement-dekvloer-enkhuizen-gommerwijk-zone-682,Enkhuizen Gommerwijk (Zone 682),Enkhuizen,Noord-Holland,Regio Enkhuizen,A200,"bedrijfspanden, garages en utiliteitsbouw",Onze mixcombinaties verwerken zandcement moeiteloos in smalle straten en op hoogte.
zandcement-dekvloer-enkhuizen-kadijken-zone-683,Enkhuizen Kadijken (Zone 683),Enkhuizen,Noord-Holland,Regio Enkhuizen,A10,"appartementencomplexen, hoogbouw en renovaties",Ideaal te combineren met vloerverwarming of extra verharder voor zware belasting.
zandcement-dekvloer-edam-volendam-volendam-zone-684,Edam-Volendam Volendam (Zone 684),Edam-Volendam,Noord-Holland,Regio Edam-Volendam,A9,"vrijstaande woningen, kavelbouw en aanbouwen",Snel en krimpvrij gesmeerd met optimale hechting en strakke vlakheid.
zandcement-dekvloer-edam-volendam-edam-zone-685,Edam-Volendam Edam (Zone 685),Edam-Volendam,Noord-Holland,Regio Edam-Volendam,A7,"nieuwbouwwijken, gezinswoningen en uitbouwen",Dankzij onze mobiele mengers pompen we kant-en-klare mortel direct naar de juiste laagdikte.
zandcement-dekvloer-edam-volendam-oosthuizen-zone-686,Edam-Volendam Oosthuizen (Zone 686),Edam-Volendam,Noord-Holland,Regio Edam-Volendam,A8,"historische panden, herenhuizen en renovaties",Wij adviseren hier onze droogversneller en Duremit vezels voor een snelle oplevering.
zandcement-dekvloer-edam-volendam-middellie-zone-687,Edam-Volendam Middellie (Zone 687),Edam-Volendam,Noord-Holland,Regio Edam-Volendam,N9,"bedrijfspanden, garages en utiliteitsbouw",Onze mixcombinaties verwerken zandcement moeiteloos in smalle straten en op hoogte.
zandcement-dekvloer-edam-volendam-beets-zone-688,Edam-Volendam Beets (Zone 688),Edam-Volendam,Noord-Holland,Regio Edam-Volendam,N242,"appartementencomplexen, hoogbouw en renovaties",Ideaal te combineren met vloerverwarming of extra verharder voor zware belasting.
zandcement-dekvloer-edam-volendam-kwadijk-zone-689,Edam-Volendam Kwadijk (Zone 689),Edam-Volendam,Noord-Holland,Regio Edam-Volendam,N201,"vrijstaande woningen, kavelbouw en aanbouwen",Snel en krimpvrij gesmeerd met optimale hechting en strakke vlakheid.
zandcement-dekvloer-waterland-monnickendam-zone-690,Waterland Monnickendam (Zone 690),Waterland,Noord-Holland,Regio Waterland,N247,"nieuwbouwwijken, gezinswoningen en uitbouwen",Dankzij onze mobiele mengers pompen we kant-en-klare mortel direct naar de juiste laagdikte.
zandcement-dekvloer-waterland-marken-zone-691,Waterland Marken (Zone 691),Waterland,Noord-Holland,Regio Waterland,A200,"historische panden, herenhuizen en renovaties",Wij adviseren hier onze droogversneller en Duremit vezels voor een snelle oplevering.
zandcement-dekvloer-waterland-broek-in-waterland-zone-692,Waterland Broek in Waterland (Zone 692),Waterland,Noord-Holland,Regio Waterland,A10,"bedrijfspanden, garages en utiliteitsbouw",Onze mixcombinaties verwerken zandcement moeiteloos in smalle straten en op hoogte.
zandcement-dekvloer-waterland-ilpendam-zone-693,Waterland Ilpendam (Zone 693),Waterland,Noord-Holland,Regio Waterland,A9,"appartementencomplexen, hoogbouw en renovaties",Ideaal te combineren met vloerverwarming of extra verharder voor zware belasting.
zandcement-dekvloer-waterland-katwoude-zone-694,Waterland Katwoude (Zone 694),Waterland,Noord-Holland,Regio Waterland,A7,"vrijstaande woningen, kavelbouw en aanbouwen",Snel en krimpvrij gesmeerd met optimale hechting en strakke vlakheid.
zandcement-dekvloer-wormerland-wormer-zone-695,Wormerland Wormer (Zone 695),Wormerland,Noord-Holland,Regio Wormerland,A8,"nieuwbouwwijken, gezinswoningen en uitbouwen",Dankzij onze mobiele mengers pompen we kant-en-klare mortel direct naar de juiste laagdikte.
zandcement-dekvloer-wormerland-jisp-zone-696,Wormerland Jisp (Zone 696),Wormerland,Noord-Holland,Regio Wormerland,N9,"historische panden, herenhuizen en renovaties",Wij adviseren hier onze droogversneller en Duremit vezels voor een snelle oplevering.
zandcement-dekvloer-wormerland-oostknollendam-zone-697,Wormerland Oostknollendam (Zone 697),Wormerland,Noord-Holland,Regio Wormerland,N242,"bedrijfspanden, garages en utiliteitsbouw",Onze mixcombinaties verwerken zandcement moeiteloos in smalle straten en op hoogte.
zandcement-dekvloer-wormerland-spijkerboor-zone-698,Wormerland Spijkerboor (Zone 698),Wormerland,Noord-Holland,Regio Wormerland,N201,"appartementencomplexen, hoogbouw en renovaties",Ideaal te combineren met vloerverwarming of extra verharder voor zware belasting.
zandcement-dekvloer-gooise-meren-bussum-zone-699,Gooise Meren Bussum (Zone 699),Gooise Meren,Noord-Holland,Regio Gooise Meren,N247,"vrijstaande woningen, kavelbouw en aanbouwen",Snel en krimpvrij gesmeerd met optimale hechting en strakke vlakheid.
zandcement-dekvloer-gooise-meren-naarden-zone-700,Gooise Meren Naarden (Zone 700),Gooise Meren,Noord-Holland,Regio Gooise Meren,A200,"nieuwbouwwijken, gezinswoningen en uitbouwen",Dankzij onze mobiele mengers pompen we kant-en-klare mortel direct naar de juiste laagdikte.
zandcement-dekvloer-gooise-meren-muiden-zone-701,Gooise Meren Muiden (Zone 701),Gooise Meren,Noord-Holland,Regio Gooise Meren,A10,"historische panden, herenhuizen en renovaties",Wij adviseren hier onze droogversneller en Duremit vezels voor een snelle oplevering.
zandcement-dekvloer-gooise-meren-muiderberg-zone-702,Gooise Meren Muiderberg (Zone 702),Gooise Meren,Noord-Holland,Regio Gooise Meren,A9,"bedrijfspanden, garages en utiliteitsbouw",Onze mixcombinaties verwerken zandcement moeiteloos in smalle straten en op hoogte.
zandcement-dekvloer-texel-den-burg-zone-703,Texel Den Burg (Zone 703),Texel,Noord-Holland,Regio Texel,A7,"appartementencomplexen, hoogbouw en renovaties",Ideaal te combineren met vloerverwarming of extra verharder voor zware belasting.
zandcement-dekvloer-texel-de-koog-zone-704,Texel De Koog (Zone 704),Texel,Noord-Holland,Regio Texel,A8,"vrijstaande woningen, kavelbouw en aanbouwen",Snel en krimpvrij gesmeerd met optimale hechting en strakke vlakheid.
zandcement-dekvloer-texel-oudeschild-zone-705,Texel Oudeschild (Zone 705),Texel,Noord-Holland,Regio Texel,N9,"nieuwbouwwijken, gezinswoningen en uitbouwen",Dankzij onze mobiele mengers pompen we kant-en-klare mortel direct naar de juiste laagdikte.
zandcement-dekvloer-texel-den-hoorn-zone-706,Texel Den Hoorn (Zone 706),Texel,Noord-Holland,Regio Texel,N242,"historische panden, herenhuizen en renovaties",Wij adviseren hier onze droogversneller en Duremit vezels voor een snelle oplevering.
zandcement-dekvloer-texel-de-cocksdorp-zone-707,Texel De Cocksdorp (Zone 707),Texel,Noord-Holland,Regio Texel,N201,"bedrijfspanden, garages en utiliteitsbouw",Onze mixcombinaties verwerken zandcement moeiteloos in smalle straten en op hoogte.
zandcement-dekvloer-texel-oosterend-zone-708,Texel Oosterend (Zone 708),Texel,Noord-Holland,Regio Texel,N247,"appartementencomplexen, hoogbouw en renovaties",Ideaal te combineren met vloerverwarming of extra verharder voor zware belasting.
zandcement-dekvloer-rotterdam-zone-709,Rotterdam (Zone 709),Rotterdam,Zuid-Holland,Regio Rotterdam,N210,"vrijstaande woningen, kavelbouw en aanbouwen",Snel en krimpvrij gesmeerd met optimale hechting en strakke vlakheid.
zandcement-dekvloer-rotterdam-feijenoord-zone-710,Rotterdam Feijenoord (Zone 710),Rotterdam,Zuid-Holland,Regio Rotterdam,A12,"nieuwbouwwijken, gezinswoningen en uitbouwen",Dankzij onze mobiele mengers pompen we kant-en-klare mortel direct naar de juiste laagdikte.
zandcement-dekvloer-rotterdam-kralingen-zone-711,Rotterdam Kralingen (Zone 711),Rotterdam,Zuid-Holland,Regio Rotterdam,A13,"historische panden, herenhuizen en renovaties",Wij adviseren hier onze droogversneller en Duremit vezels voor een snelle oplevering.
zandcement-dekvloer-rotterdam-noord-zone-712,Rotterdam Noord (Zone 712),Rotterdam,Zuid-Holland,Regio Rotterdam,A15,"bedrijfspanden, garages en utiliteitsbouw",Onze mixcombinaties verwerken zandcement moeiteloos in smalle straten en op hoogte.
zandcement-dekvloer-rotterdam-delfshaven-zone-713,Rotterdam Delfshaven (Zone 713),Rotterdam,Zuid-Holland,Regio Rotterdam,A16,"appartementencomplexen, hoogbouw en renovaties",Ideaal te combineren met vloerverwarming of extra verharder voor zware belasting.
zandcement-dekvloer-rotterdam-ijsselmonde-zone-714,Rotterdam IJsselmonde (Zone 714),Rotterdam,Zuid-Holland,Regio Rotterdam,A20,"vrijstaande woningen, kavelbouw en aanbouwen",Snel en krimpvrij gesmeerd met optimale hechting en strakke vlakheid.
zandcement-dekvloer-rotterdam-prins-alexander-zone-715,Rotterdam Prins Alexander (Zone 715),Rotterdam,Zuid-Holland,Regio Rotterdam,A4,"nieuwbouwwijken, gezinswoningen en uitbouwen",Dankzij onze mobiele mengers pompen we kant-en-klare mortel direct naar de juiste laagdikte.
zandcement-dekvloer-rotterdam-charlois-zone-716,Rotterdam Charlois (Zone 716),Rotterdam,Zuid-Holland,Regio Rotterdam,N11,"historische panden, herenhuizen en renovaties",Wij adviseren hier onze droogversneller en Duremit vezels voor een snelle oplevering.
zandcement-dekvloer-rotterdam-overschie-zone-717,Rotterdam Overschie (Zone 717),Rotterdam,Zuid-Holland,Regio Rotterdam,N206,"bedrijfspanden, garages en utiliteitsbouw",Onze mixcombinaties verwerken zandcement moeiteloos in smalle straten en op hoogte.
zandcement-dekvloer-rotterdam-hoogvliet-zone-718,Rotterdam Hoogvliet (Zone 718),Rotterdam,Zuid-Holland,Regio Rotterdam,N210,"appartementencomplexen, hoogbouw en renovaties",Ideaal te combineren met vloerverwarming of extra verharder voor zware belasting.
zandcement-dekvloer-rotterdam-nesselande-zone-719,Rotterdam Nesselande (Zone 719),Rotterdam,Zuid-Holland,Regio Rotterdam,A12,"vrijstaande woningen, kavelbouw en aanbouwen",Snel en krimpvrij gesmeerd met optimale hechting en strakke vlakheid.
zandcement-dekvloer-rotterdam-pernis-zone-720,Rotterdam Pernis (Zone 720),Rotterdam,Zuid-Holland,Regio Rotterdam,A13,"nieuwbouwwijken, gezinswoningen en uitbouwen",Dankzij onze mobiele mengers pompen we kant-en-klare mortel direct naar de juiste laagdikte.
zandcement-dekvloer-rotterdam-kombuis-zone-721,Rotterdam Kombuis (Zone 721),Rotterdam,Zuid-Holland,Regio Rotterdam,A15,"historische panden, herenhuizen en renovaties",Wij adviseren hier onze droogversneller en Duremit vezels voor een snelle oplevering.
zandcement-dekvloer-rotterdam-ommoord-zone-722,Rotterdam Ommoord (Zone 722),Rotterdam,Zuid-Holland,Regio Rotterdam,A16,"bedrijfspanden, garages en utiliteitsbouw",Onze mixcombinaties verwerken zandcement moeiteloos in smalle straten en op hoogte.
zandcement-dekvloer-rotterdam-zevenkamp-zone-723,Rotterdam Zevenkamp (Zone 723),Rotterdam,Zuid-Holland,Regio Rotterdam,A20,"appartementencomplexen, hoogbouw en renovaties",Ideaal te combineren met vloerverwarming of extra verharder voor zware belasting.
zandcement-dekvloer-den-haag-zone-724,Den Haag (Zone 724),Den Haag,Zuid-Holland,Regio Den Haag,A4,"vrijstaande woningen, kavelbouw en aanbouwen",Snel en krimpvrij gesmeerd met optimale hechting en strakke vlakheid.
zandcement-dekvloer-den-haag-scheveningen-zone-725,Den Haag Scheveningen (Zone 725),Den Haag,Zuid-Holland,Regio Den Haag,N11,"nieuwbouwwijken, gezinswoningen en uitbouwen",Dankzij onze mobiele mengers pompen we kant-en-klare mortel direct naar de juiste laagdikte.
zandcement-dekvloer-den-haag-escamp-zone-726,Den Haag Escamp (Zone 726),Den Haag,Zuid-Holland,Regio Den Haag,N206,"historische panden, herenhuizen en renovaties",Wij adviseren hier onze droogversneller en Duremit vezels voor een snelle oplevering.
zandcement-dekvloer-den-haag-laak-zone-727,Den Haag Laak (Zone 727),Den Haag,Zuid-Holland,Regio Den Haag,N210,"bedrijfspanden, garages en utiliteitsbouw",Onze mixcombinaties verwerken zandcement moeiteloos in smalle straten en op hoogte.
zandcement-dekvloer-den-haag-leidschenveen-ypenburg-zone-728,Den Haag Leidschenveen-Ypenburg (Zone 728),Den Haag,Zuid-Holland,Regio Den Haag,A12,"appartementencomplexen, hoogbouw en renovaties",Ideaal te combineren met vloerverwarming of extra verharder voor zware belasting.
zandcement-dekvloer-den-haag-loosduinen-zone-729,Den Haag Loosduinen (Zone 729),Den Haag,Zuid-Holland,Regio Den Haag,A13,"vrijstaande woningen, kavelbouw en aanbouwen",Snel en krimpvrij gesmeerd met optimale hechting en strakke vlakheid.
zandcement-dekvloer-den-haag-haagse-hout-zone-730,Den Haag Haagse Hout (Zone 730),Den Haag,Zuid-Holland,Regio Den Haag,A15,"nieuwbouwwijken, gezinswoningen en uitbouwen",Dankzij onze mobiele mengers pompen we kant-en-klare mortel direct naar de juiste laagdikte.
zandcement-dekvloer-den-haag-segbroek-zone-731,Den Haag Segbroek (Zone 731),Den Haag,Zuid-Holland,Regio Den Haag,A16,"historische panden, herenhuizen en renovaties",Wij adviseren hier onze droogversneller en Duremit vezels voor een snelle oplevering.
zandcement-dekvloer-den-haag-kijkduin-zone-732,Den Haag Kijkduin (Zone 732),Den Haag,Zuid-Holland,Regio Den Haag,A20,"bedrijfspanden, garages en utiliteitsbouw",Onze mixcombinaties verwerken zandcement moeiteloos in smalle straten en op hoogte.
zandcement-dekvloer-den-haag-wateringse-veld-zone-733,Den Haag Wateringse Veld (Zone 733),Den Haag,Zuid-Holland,Regio Den Haag,A4,"appartementencomplexen, hoogbouw en renovaties",Ideaal te combineren met vloerverwarming of extra verharder voor zware belasting.
zandcement-dekvloer-den-haag-benoordenhout-zone-734,Den Haag Benoordenhout (Zone 734),Den Haag,Zuid-Holland,Regio Den Haag,N11,"vrijstaande woningen, kavelbouw en aanbouwen",Snel en krimpvrij gesmeerd met optimale hechting en strakke vlakheid.
zandcement-dekvloer-zoetermeer-zone-735,Zoetermeer (Zone 735),Zoetermeer,Zuid-Holland,Regio Zoetermeer,N206,"nieuwbouwwijken, gezinswoningen en uitbouwen",Dankzij onze mobiele mengers pompen we kant-en-klare mortel direct naar de juiste laagdikte.
zandcement-dekvloer-zoetermeer-oosterheem-zone-736,Zoetermeer Oosterheem (Zone 736),Zoetermeer,Zuid-Holland,Regio Zoetermeer,N210,"historische panden, herenhuizen en renovaties",Wij adviseren hier onze droogversneller en Duremit vezels voor een snelle oplevering.
zandcement-dekvloer-zoetermeer-buytenwegh-zone-737,Zoetermeer Buytenwegh (Zone 737),Zoetermeer,Zuid-Holland,Regio Zoetermeer,A12,"bedrijfspanden, garages en utiliteitsbouw",Onze mixcombinaties verwerken zandcement moeiteloos in smalle straten en op hoogte.
zandcement-dekvloer-zoetermeer-seghwaert-zone-738,Zoetermeer Seghwaert (Zone 738),Zoetermeer,Zuid-Holland,Regio Zoetermeer,A13,"appartementencomplexen, hoogbouw en renovaties",Ideaal te combineren met vloerverwarming of extra verharder voor zware belasting.
zandcement-dekvloer-zoetermeer-rokkeveen-zone-739,Zoetermeer Rokkeveen (Zone 739),Zoetermeer,Zuid-Holland,Regio Zoetermeer,A15,"vrijstaande woningen, kavelbouw en aanbouwen",Snel en krimpvrij gesmeerd met optimale hechting en strakke vlakheid.
zandcement-dekvloer-zoetermeer-meerzicht-zone-740,Zoetermeer Meerzicht (Zone 740),Zoetermeer,Zuid-Holland,Regio Zoetermeer,A16,"nieuwbouwwijken, gezinswoningen en uitbouwen",Dankzij onze mobiele mengers pompen we kant-en-klare mortel direct naar de juiste laagdikte.
zandcement-dekvloer-zoetermeer-driemanspolder-zone-741,Zoetermeer Driemanspolder (Zone 741),Zoetermeer,Zuid-Holland,Regio Zoetermeer,A20,"historische panden, herenhuizen en renovaties",Wij adviseren hier onze droogversneller en Duremit vezels voor een snelle oplevering.
zandcement-dekvloer-zoetermeer-palenstein-zone-742,Zoetermeer Palenstein (Zone 742),Zoetermeer,Zuid-Holland,Regio Zoetermeer,A4,"bedrijfspanden, garages en utiliteitsbouw",Onze mixcombinaties verwerken zandcement moeiteloos in smalle straten en op hoogte.
zandcement-dekvloer-zoetermeer-noordhove-zone-743,Zoetermeer Noordhove (Zone 743),Zoetermeer,Zuid-Holland,Regio Zoetermeer,N11,"appartementencomplexen, hoogbouw en renovaties",Ideaal te combineren met vloerverwarming of extra verharder voor zware belasting.
zandcement-dekvloer-dordrecht-zone-744,Dordrecht (Zone 744),Dordrecht,Zuid-Holland,Regio Dordrecht,N206,"vrijstaande woningen, kavelbouw en aanbouwen",Snel en krimpvrij gesmeerd met optimale hechting en strakke vlakheid.
zandcement-dekvloer-dordrecht-stadspolders-zone-745,Dordrecht Stadspolders (Zone 745),Dordrecht,Zuid-Holland,Regio Dordrecht,N210,"nieuwbouwwijken, gezinswoningen en uitbouwen",Dankzij onze mobiele mengers pompen we kant-en-klare mortel direct naar de juiste laagdikte.
zandcement-dekvloer-dordrecht-sterrenburg-zone-746,Dordrecht Sterrenburg (Zone 746),Dordrecht,Zuid-Holland,Regio Dordrecht,A12,"historische panden, herenhuizen en renovaties",Wij adviseren hier onze droogversneller en Duremit vezels voor een snelle oplevering.
zandcement-dekvloer-dordrecht-wielwijk-zone-747,Dordrecht Wielwijk (Zone 747),Dordrecht,Zuid-Holland,Regio Dordrecht,A13,"bedrijfspanden, garages en utiliteitsbouw",Onze mixcombinaties verwerken zandcement moeiteloos in smalle straten en op hoogte.
zandcement-dekvloer-dordrecht-krispijn-zone-748,Dordrecht Krispijn (Zone 748),Dordrecht,Zuid-Holland,Regio Dordrecht,A15,"appartementencomplexen, hoogbouw en renovaties",Ideaal te combineren met vloerverwarming of extra verharder voor zware belasting.
zandcement-dekvloer-dordrecht-dubbeldam-zone-749,Dordrecht Dubbeldam (Zone 749),Dordrecht,Zuid-Holland,Regio Dordrecht,A16,"vrijstaande woningen, kavelbouw en aanbouwen",Snel en krimpvrij gesmeerd met optimale hechting en strakke vlakheid.
zandcement-dekvloer-dordrecht-crabbehof-zone-750,Dordrecht Crabbehof (Zone 750),Dordrecht,Zuid-Holland,Regio Dordrecht,A20,"nieuwbouwwijken, gezinswoningen en uitbouwen",Dankzij onze mobiele mengers pompen we kant-en-klare mortel direct naar de juiste laagdikte.
zandcement-dekvloer-leiden-zone-751,Leiden (Zone 751),Leiden,Zuid-Holland,Regio Leiden,A4,"historische panden, herenhuizen en renovaties",Wij adviseren hier onze droogversneller en Duremit vezels voor een snelle oplevering.
zandcement-dekvloer-leiden-stevenshof-zone-752,Leiden Stevenshof (Zone 752),Leiden,Zuid-Holland,Regio Leiden,N11,"bedrijfspanden, garages en utiliteitsbouw",Onze mixcombinaties verwerken zandcement moeiteloos in smalle straten en op hoogte.
zandcement-dekvloer-leiden-merenwijk-zone-753,Leiden Merenwijk (Zone 753),Leiden,Zuid-Holland,Regio Leiden,N206,"appartementencomplexen, hoogbouw en renovaties",Ideaal te combineren met vloerverwarming of extra verharder voor zware belasting.
zandcement-dekvloer-leiden-roomburg-zone-754,Leiden Roomburg (Zone 754),Leiden,Zuid-Holland,Regio Leiden,N210,"vrijstaande woningen, kavelbouw en aanbouwen",Snel en krimpvrij gesmeerd met optimale hechting en strakke vlakheid.
zandcement-dekvloer-leiden-morsdistrict-zone-755,Leiden Morsdistrict (Zone 755),Leiden,Zuid-Holland,Regio Leiden,A12,"nieuwbouwwijken, gezinswoningen en uitbouwen",Dankzij onze mobiele mengers pompen we kant-en-klare mortel direct naar de juiste laagdikte.
zandcement-dekvloer-leiden-boerhaavedistrict-zone-756,Leiden Boerhaavedistrict (Zone 756),Leiden,Zuid-Holland,Regio Leiden,A13,"historische panden, herenhuizen en renovaties",Wij adviseren hier onze droogversneller en Duremit vezels voor een snelle oplevering.
zandcement-dekvloer-leiden-lammenschans-zone-757,Leiden Lammenschans (Zone 757),Leiden,Zuid-Holland,Regio Leiden,A15,"bedrijfspanden, garages en utiliteitsbouw",Onze mixcombinaties verwerken zandcement moeiteloos in smalle straten en op hoogte.
zandcement-dekvloer-delft-zone-758,Delft (Zone 758),Delft,Zuid-Holland,Regio Delft,A16,"appartementencomplexen, hoogbouw en renovaties",Ideaal te combineren met vloerverwarming of extra verharder voor zware belasting.
zandcement-dekvloer-delft-tanthof-zone-759,Delft Tanthof (Zone 759),Delft,Zuid-Holland,Regio Delft,A20,"vrijstaande woningen, kavelbouw en aanbouwen",Snel en krimpvrij gesmeerd met optimale hechting en strakke vlakheid.
zandcement-dekvloer-delft-voorhof-zone-760,Delft Voorhof (Zone 760),Delft,Zuid-Holland,Regio Delft,A4,"nieuwbouwwijken, gezinswoningen en uitbouwen",Dankzij onze mobiele mengers pompen we kant-en-klare mortel direct naar de juiste laagdikte.
zandcement-dekvloer-delft-buitenhof-zone-761,Delft Buitenhof (Zone 761),Delft,Zuid-Holland,Regio Delft,N11,"historische panden, herenhuizen en renovaties",Wij adviseren hier onze droogversneller en Duremit vezels voor een snelle oplevering.
zandcement-dekvloer-delft-wippolder-zone-762,Delft Wippolder (Zone 762),Delft,Zuid-Holland,Regio Delft,N206,"bedrijfspanden, garages en utiliteitsbouw",Onze mixcombinaties verwerken zandcement moeiteloos in smalle straten en op hoogte.
zandcement-dekvloer-delft-hof-van-delft-zone-763,Delft Hof van Delft (Zone 763),Delft,Zuid-Holland,Regio Delft,N210,"appartementencomplexen, hoogbouw en renovaties",Ideaal te combineren met vloerverwarming of extra verharder voor zware belasting.
zandcement-dekvloer-westland-naaldwijk-zone-764,Westland Naaldwijk (Zone 764),Westland,Zuid-Holland,Regio Westland,A12,"vrijstaande woningen, kavelbouw en aanbouwen",Snel en krimpvrij gesmeerd met optimale hechting en strakke vlakheid.
zandcement-dekvloer-westland-monster-zone-765,Westland Monster (Zone 765),Westland,Zuid-Holland,Regio Westland,A13,"nieuwbouwwijken, gezinswoningen en uitbouwen",Dankzij onze mobiele mengers pompen we kant-en-klare mortel direct naar de juiste laagdikte.
zandcement-dekvloer-westland-wateringen-zone-766,Westland Wateringen (Zone 766),Westland,Zuid-Holland,Regio Westland,A15,"historische panden, herenhuizen en renovaties",Wij adviseren hier onze droogversneller en Duremit vezels voor een snelle oplevering.
zandcement-dekvloer-westland-gravenzande-zone-767,Westland Gravenzande (Zone 767),Westland,Zuid-Holland,Regio Westland,A16,"bedrijfspanden, garages en utiliteitsbouw",Onze mixcombinaties verwerken zandcement moeiteloos in smalle straten en op hoogte.
zandcement-dekvloer-westland-de-lier-zone-768,Westland De Lier (Zone 768),Westland,Zuid-Holland,Regio Westland,A20,"appartementencomplexen, hoogbouw en renovaties",Ideaal te combineren met vloerverwarming of extra verharder voor zware belasting.
zandcement-dekvloer-westland-honselersdijk-zone-769,Westland Honselersdijk (Zone 769),Westland,Zuid-Holland,Regio Westland,A4,"vrijstaande woningen, kavelbouw en aanbouwen",Snel en krimpvrij gesmeerd met optimale hechting en strakke vlakheid.
zandcement-dekvloer-westland-poeldijk-zone-770,Westland Poeldijk (Zone 770),Westland,Zuid-Holland,Regio Westland,N11,"nieuwbouwwijken, gezinswoningen en uitbouwen",Dankzij onze mobiele mengers pompen we kant-en-klare mortel direct naar de juiste laagdikte.
zandcement-dekvloer-westland-kintscheul-zone-771,Westland Kintscheul (Zone 771),Westland,Zuid-Holland,Regio Westland,N206,"historische panden, herenhuizen en renovaties",Wij adviseren hier onze droogversneller en Duremit vezels voor een snelle oplevering.
zandcement-dekvloer-westland-ter-heijde-zone-772,Westland Ter Heijde (Zone 772),Westland,Zuid-Holland,Regio Westland,N210,"bedrijfspanden, garages en utiliteitsbouw",Onze mixcombinaties verwerken zandcement moeiteloos in smalle straten en op hoogte.
zandcement-dekvloer-alphen-aan-den-rijn-zone-773,Alphen aan den Rijn (Zone 773),Alphen aan den Rijn,Zuid-Holland,Regio Alphen aan den Rijn,A12,"appartementencomplexen, hoogbouw en renovaties",Ideaal te combineren met vloerverwarming of extra verharder voor zware belasting.
zandcement-dekvloer-alphen-aan-den-rijn-ridderveld-zone-774,Alphen aan den Rijn Ridderveld (Zone 774),Alphen aan den Rijn,Zuid-Holland,Regio Alphen aan den Rijn,A13,"vrijstaande woningen, kavelbouw en aanbouwen",Snel en krimpvrij gesmeerd met optimale hechting en strakke vlakheid.
zandcement-dekvloer-alphen-aan-den-rijn-kerk-en-zanen-zone-775,Alphen aan den Rijn Kerk en Zanen (Zone 775),Alphen aan den Rijn,Zuid-Holland,Regio Alphen aan den Rijn,A15,"nieuwbouwwijken, gezinswoningen en uitbouwen",Dankzij onze mobiele mengers pompen we kant-en-klare mortel direct naar de juiste laagdikte.
zandcement-dekvloer-alphen-aan-den-rijn-boskoop-zone-776,Alphen aan den Rijn Boskoop (Zone 776),Alphen aan den Rijn,Zuid-Holland,Regio Alphen aan den Rijn,A16,"historische panden, herenhuizen en renovaties",Wij adviseren hier onze droogversneller en Duremit vezels voor een snelle oplevering.
zandcement-dekvloer-alphen-aan-den-rijn-rijnwoude-zone-777,Alphen aan den Rijn Rijnwoude (Zone 777),Alphen aan den Rijn,Zuid-Holland,Regio Alphen aan den Rijn,A20,"bedrijfspanden, garages en utiliteitsbouw",Onze mixcombinaties verwerken zandcement moeiteloos in smalle straten en op hoogte.
zandcement-dekvloer-alphen-aan-den-rijn-hazerswoude-dorp-zone-778,Alphen aan den Rijn Hazerswoude-Dorp (Zone 778),Alphen aan den Rijn,Zuid-Holland,Regio Alphen aan den Rijn,A4,"appartementencomplexen, hoogbouw en renovaties",Ideaal te combineren met vloerverwarming of extra verharder voor zware belasting.
zandcement-dekvloer-alphen-aan-den-rijn-hazerswoude-rijndijk-zone-779,Alphen aan den Rijn Hazerswoude-Rijndijk (Zone 779),Alphen aan den Rijn,Zuid-Holland,Regio Alphen aan den Rijn,N11,"vrijstaande woningen, kavelbouw en aanbouwen",Snel en krimpvrij gesmeerd met optimale hechting en strakke vlakheid.
zandcement-dekvloer-alphen-aan-den-rijn-koudekerk-aan-den-rijn-zone-780,Alphen aan den Rijn Koudekerk aan den Rijn (Zone 780),Alphen aan den Rijn,Zuid-Holland,Regio Alphen aan den Rijn,N206,"nieuwbouwwijken, gezinswoningen en uitbouwen",Dankzij onze mobiele mengers pompen we kant-en-klare mortel direct naar de juiste laagdikte.
zandcement-dekvloer-gouda-zone-781,Gouda (Zone 781),Gouda,Zuid-Holland,Regio Gouda,N210,"historische panden, herenhuizen en renovaties",Wij adviseren hier onze droogversneller en Duremit vezels voor een snelle oplevering.
zandcement-dekvloer-gouda-bloemendaal-zone-782,Gouda Bloemendaal (Zone 782),Gouda,Zuid-Holland,Regio Gouda,A12,"bedrijfspanden, garages en utiliteitsbouw",Onze mixcombinaties verwerken zandcement moeiteloos in smalle straten en op hoogte.
zandcement-dekvloer-gouda-goverwelle-zone-783,Gouda Goverwelle (Zone 783),Gouda,Zuid-Holland,Regio Gouda,A13,"appartementencomplexen, hoogbouw en renovaties",Ideaal te combineren met vloerverwarming of extra verharder voor zware belasting.
zandcement-dekvloer-gouda-westergouwe-zone-784,Gouda Westergouwe (Zone 784),Gouda,Zuid-Holland,Regio Gouda,A15,"vrijstaande woningen, kavelbouw en aanbouwen",Snel en krimpvrij gesmeerd met optimale hechting en strakke vlakheid.
zandcement-dekvloer-gouda-korte-akkeren-zone-785,Gouda Korte Akkeren (Zone 785),Gouda,Zuid-Holland,Regio Gouda,A16,"nieuwbouwwijken, gezinswoningen en uitbouwen",Dankzij onze mobiele mengers pompen we kant-en-klare mortel direct naar de juiste laagdikte.
zandcement-dekvloer-nissewaard-spijkenisse-zone-786,Nissewaard Spijkenisse (Zone 786),Nissewaard,Zuid-Holland,Regio Nissewaard,A20,"historische panden, herenhuizen en renovaties",Wij adviseren hier onze droogversneller en Duremit vezels voor een snelle oplevering.
zandcement-dekvloer-nissewaard-geervliet-zone-787,Nissewaard Geervliet (Zone 787),Nissewaard,Zuid-Holland,Regio Nissewaard,A4,"bedrijfspanden, garages en utiliteitsbouw",Onze mixcombinaties verwerken zandcement moeiteloos in smalle straten en op hoogte.
zandcement-dekvloer-nissewaard-heenvliet-zone-788,Nissewaard Heenvliet (Zone 788),Nissewaard,Zuid-Holland,Regio Nissewaard,N11,"appartementencomplexen, hoogbouw en renovaties",Ideaal te combineren met vloerverwarming of extra verharder voor zware belasting.
zandcement-dekvloer-nissewaard-abbenbroek-zone-789,Nissewaard Abbenbroek (Zone 789),Nissewaard,Zuid-Holland,Regio Nissewaard,N206,"vrijstaande woningen, kavelbouw en aanbouwen",Snel en krimpvrij gesmeerd met optimale hechting en strakke vlakheid.
zandcement-dekvloer-nissewaard-zuidland-zone-790,Nissewaard Zuidland (Zone 790),Nissewaard,Zuid-Holland,Regio Nissewaard,N210,"nieuwbouwwijken, gezinswoningen en uitbouwen",Dankzij onze mobiele mengers pompen we kant-en-klare mortel direct naar de juiste laagdikte.
zandcement-dekvloer-nissewaard-simonshaven-zone-791,Nissewaard Simonshaven (Zone 791),Nissewaard,Zuid-Holland,Regio Nissewaard,A12,"historische panden, herenhuizen en renovaties",Wij adviseren hier onze droogversneller en Duremit vezels voor een snelle oplevering.
zandcement-dekvloer-schiedam-zone-792,Schiedam (Zone 792),Schiedam,Zuid-Holland,Regio Schiedam,A13,"bedrijfspanden, garages en utiliteitsbouw",Onze mixcombinaties verwerken zandcement moeiteloos in smalle straten en op hoogte.
zandcement-dekvloer-schiedam-nieuwland-zone-793,Schiedam Nieuwland (Zone 793),Schiedam,Zuid-Holland,Regio Schiedam,A15,"appartementencomplexen, hoogbouw en renovaties",Ideaal te combineren met vloerverwarming of extra verharder voor zware belasting.
zandcement-dekvloer-schiedam-groenoord-zone-794,Schiedam Groenoord (Zone 794),Schiedam,Zuid-Holland,Regio Schiedam,A16,"vrijstaande woningen, kavelbouw en aanbouwen",Snel en krimpvrij gesmeerd met optimale hechting en strakke vlakheid.
zandcement-dekvloer-schiedam-kethel-zone-795,Schiedam Kethel (Zone 795),Schiedam,Zuid-Holland,Regio Schiedam,A20,"nieuwbouwwijken, gezinswoningen en uitbouwen",Dankzij onze mobiele mengers pompen we kant-en-klare mortel direct naar de juiste laagdikte.
zandcement-dekvloer-schiedam-gorzen-zone-796,Schiedam Gorzen (Zone 796),Schiedam,Zuid-Holland,Regio Schiedam,A4,"historische panden, herenhuizen en renovaties",Wij adviseren hier onze droogversneller en Duremit vezels voor een snelle oplevering.
zandcement-dekvloer-vlaardingen-zone-797,Vlaardingen (Zone 797),Vlaardingen,Zuid-Holland,Regio Vlaardingen,N11,"bedrijfspanden, garages en utiliteitsbouw",Onze mixcombinaties verwerken zandcement moeiteloos in smalle straten en op hoogte.
zandcement-dekvloer-vlaardingen-holy-zone-798,Vlaardingen Holy (Zone 798),Vlaardingen,Zuid-Holland,Regio Vlaardingen,N206,"appartementencomplexen, hoogbouw en renovaties",Ideaal te combineren met vloerverwarming of extra verharder voor zware belasting.
zandcement-dekvloer-vlaardingen-babberspolder-zone-799,Vlaardingen Babberspolder (Zone 799),Vlaardingen,Zuid-Holland,Regio Vlaardingen,N210,"vrijstaande woningen, kavelbouw en aanbouwen",Snel en krimpvrij gesmeerd met optimale hechting en strakke vlakheid.
zandcement-dekvloer-vlaardingen-westwijk-zone-800,Vlaardingen Westwijk (Zone 800),Vlaardingen,Zuid-Holland,Regio Vlaardingen,A12,"nieuwbouwwijken, gezinswoningen en uitbouwen",Dankzij onze mobiele mengers pompen we kant-en-klare mortel direct naar de juiste laagdikte.
zandcement-dekvloer-vlaardingen-ambacht-zone-801,Vlaardingen Ambacht (Zone 801),Vlaardingen,Zuid-Holland,Regio Vlaardingen,A13,"historische panden, herenhuizen en renovaties",Wij adviseren hier onze droogversneller en Duremit vezels voor een snelle oplevering.
zandcement-dekvloer-katwijk-katwijk-aan-zee-zone-802,Katwijk Katwijk aan Zee (Zone 802),Katwijk,Zuid-Holland,Regio Katwijk,A15,"bedrijfspanden, garages en utiliteitsbouw",Onze mixcombinaties verwerken zandcement moeiteloos in smalle straten en op hoogte.
zandcement-dekvloer-katwijk-katwijk-aan-de-rijn-zone-803,Katwijk Katwijk aan de Rijn (Zone 803),Katwijk,Zuid-Holland,Regio Katwijk,A16,"appartementencomplexen, hoogbouw en renovaties",Ideaal te combineren met vloerverwarming of extra verharder voor zware belasting.
zandcement-dekvloer-katwijk-rijnsburg-zone-804,Katwijk Rijnsburg (Zone 804),Katwijk,Zuid-Holland,Regio Katwijk,A20,"vrijstaande woningen, kavelbouw en aanbouwen",Snel en krimpvrij gesmeerd met optimale hechting en strakke vlakheid.
zandcement-dekvloer-katwijk-valkenburg-zone-805,Katwijk Valkenburg (Zone 805),Katwijk,Zuid-Holland,Regio Katwijk,A4,"nieuwbouwwijken, gezinswoningen en uitbouwen",Dankzij onze mobiele mengers pompen we kant-en-klare mortel direct naar de juiste laagdikte.
zandcement-dekvloer-krimpenerwaard-schoonhoven-zone-806,Krimpenerwaard Schoonhoven (Zone 806),Krimpenerwaard,Zuid-Holland,Regio Krimpenerwaard,N11,"historische panden, herenhuizen en renovaties",Wij adviseren hier onze droogversneller en Duremit vezels voor een snelle oplevering.
zandcement-dekvloer-krimpenerwaard-bergambacht-zone-807,Krimpenerwaard Bergambacht (Zone 807),Krimpenerwaard,Zuid-Holland,Regio Krimpenerwaard,N206,"bedrijfspanden, garages en utiliteitsbouw",Onze mixcombinaties verwerken zandcement moeiteloos in smalle straten en op hoogte.
zandcement-dekvloer-krimpenerwaard-lekkerkerk-zone-808,Krimpenerwaard Lekkerkerk (Zone 808),Krimpenerwaard,Zuid-Holland,Regio Krimpenerwaard,N210,"appartementencomplexen, hoogbouw en renovaties",Ideaal te combineren met vloerverwarming of extra verharder voor zware belasting.
zandcement-dekvloer-krimpenerwaard-streefkerk-zone-809,Krimpenerwaard Streefkerk (Zone 809),Krimpenerwaard,Zuid-Holland,Regio Krimpenerwaard,A12,"vrijstaande woningen, kavelbouw en aanbouwen",Snel en krimpvrij gesmeerd met optimale hechting en strakke vlakheid.
zandcement-dekvloer-krimpenerwaard-haastrecht-zone-810,Krimpenerwaard Haastrecht (Zone 810),Krimpenerwaard,Zuid-Holland,Regio Krimpenerwaard,A13,"nieuwbouwwijken, gezinswoningen en uitbouwen",Dankzij onze mobiele mengers pompen we kant-en-klare mortel direct naar de juiste laagdikte.
zandcement-dekvloer-krimpenerwaard-ammerstol-zone-811,Krimpenerwaard Ammerstol (Zone 811),Krimpenerwaard,Zuid-Holland,Regio Krimpenerwaard,A15,"historische panden, herenhuizen en renovaties",Wij adviseren hier onze droogversneller en Duremit vezels voor een snelle oplevering.
zandcement-dekvloer-krimpenerwaard-gouderak-zone-812,Krimpenerwaard Gouderak (Zone 812),Krimpenerwaard,Zuid-Holland,Regio Krimpenerwaard,A16,"bedrijfspanden, garages en utiliteitsbouw",Onze mixcombinaties verwerken zandcement moeiteloos in smalle straten en op hoogte.
zandcement-dekvloer-hoeksche-waard-oud-beijerland-zone-813,Hoeksche Waard Oud-Beijerland (Zone 813),Hoeksche Waard,Zuid-Holland,Regio Hoeksche Waard,A20,"appartementencomplexen, hoogbouw en renovaties",Ideaal te combineren met vloerverwarming of extra verharder voor zware belasting.
zandcement-dekvloer-hoeksche-waard-gravendeel-zone-814,Hoeksche Waard Gravendeel (Zone 814),Hoeksche Waard,Zuid-Holland,Regio Hoeksche Waard,A4,"vrijstaande woningen, kavelbouw en aanbouwen",Snel en krimpvrij gesmeerd met optimale hechting en strakke vlakheid.
zandcement-dekvloer-hoeksche-waard-puttershoek-zone-815,Hoeksche Waard Puttershoek (Zone 815),Hoeksche Waard,Zuid-Holland,Regio Hoeksche Waard,N11,"nieuwbouwwijken, gezinswoningen en uitbouwen",Dankzij onze mobiele mengers pompen we kant-en-klare mortel direct naar de juiste laagdikte.
zandcement-dekvloer-hoeksche-waard-strijen-zone-816,Hoeksche Waard Strijen (Zone 816),Hoeksche Waard,Zuid-Holland,Regio Hoeksche Waard,N206,"historische panden, herenhuizen en renovaties",Wij adviseren hier onze droogversneller en Duremit vezels voor een snelle oplevering.
zandcement-dekvloer-hoeksche-waard-numansdorp-zone-817,Hoeksche Waard Numansdorp (Zone 817),Hoeksche Waard,Zuid-Holland,Regio Hoeksche Waard,N210,"bedrijfspanden, garages en utiliteitsbouw",Onze mixcombinaties verwerken zandcement moeiteloos in smalle straten en op hoogte.
zandcement-dekvloer-hoeksche-waard-mijnsheerenland-zone-818,Hoeksche Waard Mijnsheerenland (Zone 818),Hoeksche Waard,Zuid-Holland,Regio Hoeksche Waard,A12,"appartementencomplexen, hoogbouw en renovaties",Ideaal te combineren met vloerverwarming of extra verharder voor zware belasting.
zandcement-dekvloer-hoeksche-waard-piershil-zone-819,Hoeksche Waard Piershil (Zone 819),Hoeksche Waard,Zuid-Holland,Regio Hoeksche Waard,A13,"vrijstaande woningen, kavelbouw en aanbouwen",Snel en krimpvrij gesmeerd met optimale hechting en strakke vlakheid.
zandcement-dekvloer-goeree-overflakkee-middelharnis-zone-820,Goeree-Overflakkee Middelharnis (Zone 820),Goeree-Overflakkee,Zuid-Holland,Regio Goeree-Overflakkee,A15,"nieuwbouwwijken, gezinswoningen en uitbouwen",Dankzij onze mobiele mengers pompen we kant-en-klare mortel direct naar de juiste laagdikte.
zandcement-dekvloer-goeree-overflakkee-sommelsdijk-zone-821,Goeree-Overflakkee Sommelsdijk (Zone 821),Goeree-Overflakkee,Zuid-Holland,Regio Goeree-Overflakkee,A16,"historische panden, herenhuizen en renovaties",Wij adviseren hier onze droogversneller en Duremit vezels voor een snelle oplevering.
zandcement-dekvloer-goeree-overflakkee-ouddorp-zone-822,Goeree-Overflakkee Ouddorp (Zone 822),Goeree-Overflakkee,Zuid-Holland,Regio Goeree-Overflakkee,A20,"bedrijfspanden, garages en utiliteitsbouw",Onze mixcombinaties verwerken zandcement moeiteloos in smalle straten en op hoogte.
zandcement-dekvloer-goeree-overflakkee-dirksland-zone-823,Goeree-Overflakkee Dirksland (Zone 823),Goeree-Overflakkee,Zuid-Holland,Regio Goeree-Overflakkee,A4,"appartementencomplexen, hoogbouw en renovaties",Ideaal te combineren met vloerverwarming of extra verharder voor zware belasting.
zandcement-dekvloer-goeree-overflakkee-oude-tonge-zone-824,Goeree-Overflakkee Oude-Tonge (Zone 824),Goeree-Overflakkee,Zuid-Holland,Regio Goeree-Overflakkee,N11,"vrijstaande woningen, kavelbouw en aanbouwen",Snel en krimpvrij gesmeerd met optimale hechting en strakke vlakheid.
zandcement-dekvloer-goeree-overflakkee-stellendam-zone-825,Goeree-Overflakkee Stellendam (Zone 825),Goeree-Overflakkee,Zuid-Holland,Regio Goeree-Overflakkee,N206,"nieuwbouwwijken, gezinswoningen en uitbouwen",Dankzij onze mobiele mengers pompen we kant-en-klare mortel direct naar de juiste laagdikte.
zandcement-dekvloer-goeree-overflakkee-herkingen-zone-826,Goeree-Overflakkee Herkingen (Zone 826),Goeree-Overflakkee,Zuid-Holland,Regio Goeree-Overflakkee,N210,"historische panden, herenhuizen en renovaties",Wij adviseren hier onze droogversneller en Duremit vezels voor een snelle oplevering.
zandcement-dekvloer-utrecht-zone-827,Utrecht (Zone 827),Utrecht,Utrecht,Regio Utrecht,A28,"bedrijfspanden, garages en utiliteitsbouw",Onze mixcombinaties verwerken zandcement moeiteloos in smalle straten en op hoogte.
zandcement-dekvloer-utrecht-leidsche-rijn-zone-828,Utrecht Leidsche Rijn (Zone 828),Utrecht,Utrecht,Regio Utrecht,N201,"appartementencomplexen, hoogbouw en renovaties",Ideaal te combineren met vloerverwarming of extra verharder voor zware belasting.
zandcement-dekvloer-utrecht-overvecht-zone-829,Utrecht Overvecht (Zone 829),Utrecht,Utrecht,Regio Utrecht,N228,"vrijstaande woningen, kavelbouw en aanbouwen",Snel en krimpvrij gesmeerd met optimale hechting en strakke vlakheid.
zandcement-dekvloer-utrecht-lombok-zone-830,Utrecht Lombok (Zone 830),Utrecht,Utrecht,Regio Utrecht,N230,"nieuwbouwwijken, gezinswoningen en uitbouwen",Dankzij onze mobiele mengers pompen we kant-en-klare mortel direct naar de juiste laagdikte.
zandcement-dekvloer-utrecht-oog-in-al-zone-831,Utrecht Oog in Al (Zone 831),Utrecht,Utrecht,Regio Utrecht,A1,"historische panden, herenhuizen en renovaties",Wij adviseren hier onze droogversneller en Duremit vezels voor een snelle oplevering.
zandcement-dekvloer-utrecht-zuilen-zone-832,Utrecht Zuilen (Zone 832),Utrecht,Utrecht,Regio Utrecht,A2,"bedrijfspanden, garages en utiliteitsbouw",Onze mixcombinaties verwerken zandcement moeiteloos in smalle straten en op hoogte.
zandcement-dekvloer-utrecht-kanaleneiland-zone-833,Utrecht Kanaleneiland (Zone 833),Utrecht,Utrecht,Regio Utrecht,A12,"appartementencomplexen, hoogbouw en renovaties",Ideaal te combineren met vloerverwarming of extra verharder voor zware belasting.
zandcement-dekvloer-utrecht-wittevrouwen-zone-834,Utrecht Wittevrouwen (Zone 834),Utrecht,Utrecht,Regio Utrecht,A27,"vrijstaande woningen, kavelbouw en aanbouwen",Snel en krimpvrij gesmeerd met optimale hechting en strakke vlakheid.
zandcement-dekvloer-utrecht-tuindorp-zone-835,Utrecht Tuindorp (Zone 835),Utrecht,Utrecht,Regio Utrecht,A28,"nieuwbouwwijken, gezinswoningen en uitbouwen",Dankzij onze mobiele mengers pompen we kant-en-klare mortel direct naar de juiste laagdikte.
zandcement-dekvloer-utrecht-lunetten-zone-836,Utrecht Lunetten (Zone 836),Utrecht,Utrecht,Regio Utrecht,N201,"historische panden, herenhuizen en renovaties",Wij adviseren hier onze droogversneller en Duremit vezels voor een snelle oplevering.
zandcement-dekvloer-utrecht-vleuten-zone-837,Utrecht Vleuten (Zone 837),Utrecht,Utrecht,Regio Utrecht,N228,"bedrijfspanden, garages en utiliteitsbouw",Onze mixcombinaties verwerken zandcement moeiteloos in smalle straten en op hoogte.
zandcement-dekvloer-utrecht-de-meern-zone-838,Utrecht De Meern (Zone 838),Utrecht,Utrecht,Regio Utrecht,N230,"appartementencomplexen, hoogbouw en renovaties",Ideaal te combineren met vloerverwarming of extra verharder voor zware belasting.
zandcement-dekvloer-utrecht-hoograven-zone-839,Utrecht Hoograven (Zone 839),Utrecht,Utrecht,Regio Utrecht,A1,"vrijstaande woningen, kavelbouw en aanbouwen",Snel en krimpvrij gesmeerd met optimale hechting en strakke vlakheid.
zandcement-dekvloer-amersfoort-zone-840,Amersfoort (Zone 840),Amersfoort,Utrecht,Regio Amersfoort,A2,"nieuwbouwwijken, gezinswoningen en uitbouwen",Dankzij onze mobiele mengers pompen we kant-en-klare mortel direct naar de juiste laagdikte.
zandcement-dekvloer-amersfoort-vathorst-zone-841,Amersfoort Vathorst (Zone 841),Amersfoort,Utrecht,Regio Amersfoort,A12,"historische panden, herenhuizen en renovaties",Wij adviseren hier onze droogversneller en Duremit vezels voor een snelle oplevering.
zandcement-dekvloer-amersfoort-kattenbroek-zone-842,Amersfoort Kattenbroek (Zone 842),Amersfoort,Utrecht,Regio Amersfoort,A27,"bedrijfspanden, garages en utiliteitsbouw",Onze mixcombinaties verwerken zandcement moeiteloos in smalle straten en op hoogte.
zandcement-dekvloer-amersfoort-nieuwland-zone-843,Amersfoort Nieuwland (Zone 843),Amersfoort,Utrecht,Regio Amersfoort,A28,"appartementencomplexen, hoogbouw en renovaties",Ideaal te combineren met vloerverwarming of extra verharder voor zware belasting.
zandcement-dekvloer-amersfoort-sothorst-zone-844,Amersfoort Sothorst (Zone 844),Amersfoort,Utrecht,Regio Amersfoort,N201,"vrijstaande woningen, kavelbouw en aanbouwen",Snel en krimpvrij gesmeerd met optimale hechting en strakke vlakheid.
zandcement-dekvloer-amersfoort-schothorst-zone-845,Amersfoort Schothorst (Zone 845),Amersfoort,Utrecht,Regio Amersfoort,N228,"nieuwbouwwijken, gezinswoningen en uitbouwen",Dankzij onze mobiele mengers pompen we kant-en-klare mortel direct naar de juiste laagdikte.
zandcement-dekvloer-amersfoort-soesterkwartier-zone-846,Amersfoort Soesterkwartier (Zone 846),Amersfoort,Utrecht,Regio Amersfoort,N230,"historische panden, herenhuizen en renovaties",Wij adviseren hier onze droogversneller en Duremit vezels voor een snelle oplevering.
zandcement-dekvloer-amersfoort-hoogland-zone-847,Amersfoort Hoogland (Zone 847),Amersfoort,Utrecht,Regio Amersfoort,A1,"bedrijfspanden, garages en utiliteitsbouw",Onze mixcombinaties verwerken zandcement moeiteloos in smalle straten en op hoogte.
zandcement-dekvloer-amersfoort-hooglanderveen-zone-848,Amersfoort Hooglanderveen (Zone 848),Amersfoort,Utrecht,Regio Amersfoort,A2,"appartementencomplexen, hoogbouw en renovaties",Ideaal te combineren met vloerverwarming of extra verharder voor zware belasting.
zandcement-dekvloer-veenendaal-zone-849,Veenendaal (Zone 849),Veenendaal,Utrecht,Regio Veenendaal,A12,"vrijstaande woningen, kavelbouw en aanbouwen",Snel en krimpvrij gesmeerd met optimale hechting en strakke vlakheid.
zandcement-dekvloer-veenendaal-west-zone-850,Veenendaal West (Zone 850),Veenendaal,Utrecht,Regio Veenendaal,A27,"nieuwbouwwijken, gezinswoningen en uitbouwen",Dankzij onze mobiele mengers pompen we kant-en-klare mortel direct naar de juiste laagdikte.
zandcement-dekvloer-veenendaal-oost-zone-851,Veenendaal Oost (Zone 851),Veenendaal,Utrecht,Regio Veenendaal,A28,"historische panden, herenhuizen en renovaties",Wij adviseren hier onze droogversneller en Duremit vezels voor een snelle oplevering.
zandcement-dekvloer-veenendaal-zuid-zone-852,Veenendaal Zuid (Zone 852),Veenendaal,Utrecht,Regio Veenendaal,N201,"bedrijfspanden, garages en utiliteitsbouw",Onze mixcombinaties verwerken zandcement moeiteloos in smalle straten en op hoogte.
zandcement-dekvloer-veenendaal-nieuw-geldderland-zone-853,Veenendaal Nieuw-Geldderland (Zone 853),Veenendaal,Utrecht,Regio Veenendaal,N228,"appartementencomplexen, hoogbouw en renovaties",Ideaal te combineren met vloerverwarming of extra verharder voor zware belasting.
zandcement-dekvloer-zeist-zone-854,Zeist (Zone 854),Zeist,Utrecht,Regio Zeist,N230,"vrijstaande woningen, kavelbouw en aanbouwen",Snel en krimpvrij gesmeerd met optimale hechting en strakke vlakheid.
zandcement-dekvloer-zeist-den-dolder-zone-855,Zeist Den Dolder (Zone 855),Zeist,Utrecht,Regio Zeist,A1,"nieuwbouwwijken, gezinswoningen en uitbouwen",Dankzij onze mobiele mengers pompen we kant-en-klare mortel direct naar de juiste laagdikte.
zandcement-dekvloer-zeist-bosch-en-duin-zone-856,Zeist Bosch en Duin (Zone 856),Zeist,Utrecht,Regio Zeist,A2,"historische panden, herenhuizen en renovaties",Wij adviseren hier onze droogversneller en Duremit vezels voor een snelle oplevering.
zandcement-dekvloer-zeist-austerlitz-zone-857,Zeist Austerlitz (Zone 857),Zeist,Utrecht,Regio Zeist,A12,"bedrijfspanden, garages en utiliteitsbouw",Onze mixcombinaties verwerken zandcement moeiteloos in smalle straten en op hoogte.
zandcement-dekvloer-zeist-huis-ter-heide-zone-858,Zeist Huis ter Heide (Zone 858),Zeist,Utrecht,Regio Zeist,A27,"appartementencomplexen, hoogbouw en renovaties",Ideaal te combineren met vloerverwarming of extra verharder voor zware belasting.
zandcement-dekvloer-nieuwegein-zone-859,Nieuwegein (Zone 859),Nieuwegein,Utrecht,Regio Nieuwegein,A28,"vrijstaande woningen, kavelbouw en aanbouwen",Snel en krimpvrij gesmeerd met optimale hechting en strakke vlakheid.
zandcement-dekvloer-nieuwegein-fokkesteeg-zone-860,Nieuwegein Fokkesteeg (Zone 860),Nieuwegein,Utrecht,Regio Nieuwegein,N201,"nieuwbouwwijken, gezinswoningen en uitbouwen",Dankzij onze mobiele mengers pompen we kant-en-klare mortel direct naar de juiste laagdikte.
zandcement-dekvloer-nieuwegein-breeschoten-zone-861,Nieuwegein Breeschoten (Zone 861),Nieuwegein,Utrecht,Regio Nieuwegein,N228,"historische panden, herenhuizen en renovaties",Wij adviseren hier onze droogversneller en Duremit vezels voor een snelle oplevering.
zandcement-dekvloer-nieuwegein-galecop-zone-862,Nieuwegein Galecop (Zone 862),Nieuwegein,Utrecht,Regio Nieuwegein,N230,"bedrijfspanden, garages en utiliteitsbouw",Onze mixcombinaties verwerken zandcement moeiteloos in smalle straten en op hoogte.
zandcement-dekvloer-nieuwegein-batenburg-zone-863,Nieuwegein Batenburg (Zone 863),Nieuwegein,Utrecht,Regio Nieuwegein,A1,"appartementencomplexen, hoogbouw en renovaties",Ideaal te combineren met vloerverwarming of extra verharder voor zware belasting.
zandcement-dekvloer-nieuwegein-jutphaas-zone-864,Nieuwegein Jutphaas (Zone 864),Nieuwegein,Utrecht,Regio Nieuwegein,A2,"vrijstaande woningen, kavelbouw en aanbouwen",Snel en krimpvrij gesmeerd met optimale hechting en strakke vlakheid.
zandcement-dekvloer-woerden-zone-865,Woerden (Zone 865),Woerden,Utrecht,Regio Woerden,A12,"nieuwbouwwijken, gezinswoningen en uitbouwen",Dankzij onze mobiele mengers pompen we kant-en-klare mortel direct naar de juiste laagdikte.
zandcement-dekvloer-woerden-snel-en-polanen-zone-866,Woerden Snel en Polanen (Zone 866),Woerden,Utrecht,Regio Woerden,A27,"historische panden, herenhuizen en renovaties",Wij adviseren hier onze droogversneller en Duremit vezels voor een snelle oplevering.
zandcement-dekvloer-woerden-harmelen-zone-867,Woerden Harmelen (Zone 867),Woerden,Utrecht,Regio Woerden,A28,"bedrijfspanden, garages en utiliteitsbouw",Onze mixcombinaties verwerken zandcement moeiteloos in smalle straten en op hoogte.
zandcement-dekvloer-woerden-kamerik-zone-868,Woerden Kamerik (Zone 868),Woerden,Utrecht,Regio Woerden,N201,"appartementencomplexen, hoogbouw en renovaties",Ideaal te combineren met vloerverwarming of extra verharder voor zware belasting.
zandcement-dekvloer-woerden-zegveld-zone-869,Woerden Zegveld (Zone 869),Woerden,Utrecht,Regio Woerden,N228,"vrijstaande woningen, kavelbouw en aanbouwen",Snel en krimpvrij gesmeerd met optimale hechting en strakke vlakheid.
zandcement-dekvloer-houten-zone-870,Houten (Zone 870),Houten,Utrecht,Regio Houten,N230,"nieuwbouwwijken, gezinswoningen en uitbouwen",Dankzij onze mobiele mengers pompen we kant-en-klare mortel direct naar de juiste laagdikte.
zandcement-dekvloer-houten-schonauwen-zone-871,Houten Schonauwen (Zone 871),Houten,Utrecht,Regio Houten,A1,"historische panden, herenhuizen en renovaties",Wij adviseren hier onze droogversneller en Duremit vezels voor een snelle oplevering.
zandcement-dekvloer-houten-castellum-zone-872,Houten Castellum (Zone 872),Houten,Utrecht,Regio Houten,A2,"bedrijfspanden, garages en utiliteitsbouw",Onze mixcombinaties verwerken zandcement moeiteloos in smalle straten en op hoogte.
zandcement-dekvloer-houten-tull-en-t-waal-zone-873,Houten Tull en t Waal (Zone 873),Houten,Utrecht,Regio Houten,A12,"appartementencomplexen, hoogbouw en renovaties",Ideaal te combineren met vloerverwarming of extra verharder voor zware belasting.
zandcement-dekvloer-houten-t-goy-zone-874,Houten t Goy (Zone 874),Houten,Utrecht,Regio Houten,A27,"vrijstaande woningen, kavelbouw en aanbouwen",Snel en krimpvrij gesmeerd met optimale hechting en strakke vlakheid.
zandcement-dekvloer-stichtse-vecht-maarssen-zone-875,Stichtse Vecht Maarssen (Zone 875),Stichtse Vecht,Utrecht,Regio Stichtse Vecht,A28,"nieuwbouwwijken, gezinswoningen en uitbouwen",Dankzij onze mobiele mengers pompen we kant-en-klare mortel direct naar de juiste laagdikte.
zandcement-dekvloer-stichtse-vecht-breukelen-zone-876,Stichtse Vecht Breukelen (Zone 876),Stichtse Vecht,Utrecht,Regio Stichtse Vecht,N201,"historische panden, herenhuizen en renovaties",Wij adviseren hier onze droogversneller en Duremit vezels voor een snelle oplevering.
zandcement-dekvloer-stichtse-vecht-loenen-aan-de-vecht-zone-877,Stichtse Vecht Loenen aan de Vecht (Zone 877),Stichtse Vecht,Utrecht,Regio Stichtse Vecht,N228,"bedrijfspanden, garages en utiliteitsbouw",Onze mixcombinaties verwerken zandcement moeiteloos in smalle straten en op hoogte.
zandcement-dekvloer-stichtse-vecht-kockengen-zone-878,Stichtse Vecht Kockengen (Zone 878),Stichtse Vecht,Utrecht,Regio Stichtse Vecht,N230,"appartementencomplexen, hoogbouw en renovaties",Ideaal te combineren met vloerverwarming of extra verharder voor zware belasting.
zandcement-dekvloer-stichtse-vecht-nieuwer-ter-aa-zone-879,Stichtse Vecht Nieuwer ter Aa (Zone 879),Stichtse Vecht,Utrecht,Regio Stichtse Vecht,A1,"vrijstaande woningen, kavelbouw en aanbouwen",Snel en krimpvrij gesmeerd met optimale hechting en strakke vlakheid.
zandcement-dekvloer-stichtse-vecht-nieuwersluis-zone-880,Stichtse Vecht Nieuwersluis (Zone 880),Stichtse Vecht,Utrecht,Regio Stichtse Vecht,A2,"nieuwbouwwijken, gezinswoningen en uitbouwen",Dankzij onze mobiele mengers pompen we kant-en-klare mortel direct naar de juiste laagdikte.
zandcement-dekvloer-de-bilt-zone-881,De Bilt (Zone 881),De Bilt,Utrecht,Regio De Bilt,A12,"historische panden, herenhuizen en renovaties",Wij adviseren hier onze droogversneller en Duremit vezels voor een snelle oplevering.
zandcement-dekvloer-de-bilt-bilthoven-zone-882,De Bilt Bilthoven (Zone 882),De Bilt,Utrecht,Regio De Bilt,A27,"bedrijfspanden, garages en utiliteitsbouw",Onze mixcombinaties verwerken zandcement moeiteloos in smalle straten en op hoogte.
zandcement-dekvloer-de-bilt-maartensdijk-zone-883,De Bilt Maartensdijk (Zone 883),De Bilt,Utrecht,Regio De Bilt,A28,"appartementencomplexen, hoogbouw en renovaties",Ideaal te combineren met vloerverwarming of extra verharder voor zware belasting.
zandcement-dekvloer-de-bilt-westbroek-zone-884,De Bilt Westbroek (Zone 884),De Bilt,Utrecht,Regio De Bilt,N201,"vrijstaande woningen, kavelbouw en aanbouwen",Snel en krimpvrij gesmeerd met optimale hechting en strakke vlakheid.
zandcement-dekvloer-utrechtse-heuvelrug-doorn-zone-885,Utrechtse Heuvelrug Doorn (Zone 885),Utrechtse Heuvelrug,Utrecht,Regio Utrechtse Heuvelrug,N228,"nieuwbouwwijken, gezinswoningen en uitbouwen",Dankzij onze mobiele mengers pompen we kant-en-klare mortel direct naar de juiste laagdikte.
zandcement-dekvloer-utrechtse-heuvelrug-driebergen-rijsenburg-zone-886,Utrechtse Heuvelrug Driebergen-Rijsenburg (Zone 886),Utrechtse Heuvelrug,Utrecht,Regio Utrechtse Heuvelrug,N230,"historische panden, herenhuizen en renovaties",Wij adviseren hier onze droogversneller en Duremit vezels voor een snelle oplevering.
zandcement-dekvloer-utrechtse-heuvelrug-leersum-zone-887,Utrechtse Heuvelrug Leersum (Zone 887),Utrechtse Heuvelrug,Utrecht,Regio Utrechtse Heuvelrug,A1,"bedrijfspanden, garages en utiliteitsbouw",Onze mixcombinaties verwerken zandcement moeiteloos in smalle straten en op hoogte.
zandcement-dekvloer-utrechtse-heuvelrug-amerongen-zone-888,Utrechtse Heuvelrug Amerongen (Zone 888),Utrechtse Heuvelrug,Utrecht,Regio Utrechtse Heuvelrug,A2,"appartementencomplexen, hoogbouw en renovaties",Ideaal te combineren met vloerverwarming of extra verharder voor zware belasting.
zandcement-dekvloer-utrechtse-heuvelrug-maarn-zone-889,Utrechtse Heuvelrug Maarn (Zone 889),Utrechtse Heuvelrug,Utrecht,Regio Utrechtse Heuvelrug,A12,"vrijstaande woningen, kavelbouw en aanbouwen",Snel en krimpvrij gesmeerd met optimale hechting en strakke vlakheid.
zandcement-dekvloer-utrechtse-heuvelrug-overberg-zone-890,Utrechtse Heuvelrug Overberg (Zone 890),Utrechtse Heuvelrug,Utrecht,Regio Utrechtse Heuvelrug,A27,"nieuwbouwwijken, gezinswoningen en uitbouwen",Dankzij onze mobiele mengers pompen we kant-en-klare mortel direct naar de juiste laagdikte.
zandcement-dekvloer-eindhoven-zone-891,Eindhoven (Zone 891),Eindhoven,Noord-Brabant,Regio Eindhoven,A16,"historische panden, herenhuizen en renovaties",Wij adviseren hier onze droogversneller en Duremit vezels voor een snelle oplevering.
zandcement-dekvloer-eindhoven-strijp-s-zone-892,Eindhoven Strijp-S (Zone 892),Eindhoven,Noord-Brabant,Regio Eindhoven,A50,"bedrijfspanden, garages en utiliteitsbouw",Onze mixcombinaties verwerken zandcement moeiteloos in smalle straten en op hoogte.
zandcement-dekvloer-eindhoven-woensel-zone-893,Eindhoven Woensel (Zone 893),Eindhoven,Noord-Brabant,Regio Eindhoven,A58,"appartementencomplexen, hoogbouw en renovaties",Ideaal te combineren met vloerverwarming of extra verharder voor zware belasting.
zandcement-dekvloer-eindhoven-gestel-zone-894,Eindhoven Gestel (Zone 894),Eindhoven,Noord-Brabant,Regio Eindhoven,A59,"vrijstaande woningen, kavelbouw en aanbouwen",Snel en krimpvrij gesmeerd met optimale hechting en strakke vlakheid.
zandcement-dekvloer-eindhoven-stratum-zone-895,Eindhoven Stratum (Zone 895),Eindhoven,Noord-Brabant,Regio Eindhoven,A67,"nieuwbouwwijken, gezinswoningen en uitbouwen",Dankzij onze mobiele mengers pompen we kant-en-klare mortel direct naar de juiste laagdikte.
zandcement-dekvloer-eindhoven-tongelre-zone-896,Eindhoven Tongelre (Zone 896),Eindhoven,Noord-Brabant,Regio Eindhoven,N279,"historische panden, herenhuizen en renovaties",Wij adviseren hier onze droogversneller en Duremit vezels voor een snelle oplevering.
zandcement-dekvloer-eindhoven-meerhoven-zone-897,Eindhoven Meerhoven (Zone 897),Eindhoven,Noord-Brabant,Regio Eindhoven,A2,"bedrijfspanden, garages en utiliteitsbouw",Onze mixcombinaties verwerken zandcement moeiteloos in smalle straten en op hoogte.
zandcement-dekvloer-tilburg-zone-898,Tilburg (Zone 898),Tilburg,Noord-Brabant,Regio Tilburg,A16,"appartementencomplexen, hoogbouw en renovaties",Ideaal te combineren met vloerverwarming of extra verharder voor zware belasting.
zandcement-dekvloer-tilburg-reeshof-zone-899,Tilburg Reeshof (Zone 899),Tilburg,Noord-Brabant,Regio Tilburg,A50,"vrijstaande woningen, kavelbouw en aanbouwen",Snel en krimpvrij gesmeerd met optimale hechting en strakke vlakheid.
zandcement-dekvloer-tilburg-noord-zone-900,Tilburg Noord (Zone 900),Tilburg,Noord-Brabant,Regio Tilburg,A58,"nieuwbouwwijken, gezinswoningen en uitbouwen",Dankzij onze mobiele mengers pompen we kant-en-klare mortel direct naar de juiste laagdikte.
zandcement-dekvloer-tilburg-oud-zuid-zone-901,Tilburg Oud-Zuid (Zone 901),Tilburg,Noord-Brabant,Regio Tilburg,A59,"historische panden, herenhuizen en renovaties",Wij adviseren hier onze droogversneller en Duremit vezels voor een snelle oplevering.
zandcement-dekvloer-tilburg-west-zone-902,Tilburg West (Zone 902),Tilburg,Noord-Brabant,Regio Tilburg,A67,"bedrijfspanden, garages en utiliteitsbouw",Onze mixcombinaties verwerken zandcement moeiteloos in smalle straten en op hoogte.
zandcement-dekvloer-tilburg-berkel-enschot-zone-903,Tilburg Berkel-Enschot (Zone 903),Tilburg,Noord-Brabant,Regio Tilburg,N279,"appartementencomplexen, hoogbouw en renovaties",Ideaal te combineren met vloerverwarming of extra verharder voor zware belasting.
zandcement-dekvloer-tilburg-udenhout-zone-904,Tilburg Udenhout (Zone 904),Tilburg,Noord-Brabant,Regio Tilburg,A2,"vrijstaande woningen, kavelbouw en aanbouwen",Snel en krimpvrij gesmeerd met optimale hechting en strakke vlakheid.
zandcement-dekvloer-breda-zone-905,Breda (Zone 905),Breda,Noord-Brabant,Regio Breda,A16,"nieuwbouwwijken, gezinswoningen en uitbouwen",Dankzij onze mobiele mengers pompen we kant-en-klare mortel direct naar de juiste laagdikte.
zandcement-dekvloer-breda-haagse-beemden-zone-906,Breda Haagse Beemden (Zone 906),Breda,Noord-Brabant,Regio Breda,A50,"historische panden, herenhuizen en renovaties",Wij adviseren hier onze droogversneller en Duremit vezels voor een snelle oplevering.
zandcement-dekvloer-breda-ginneken-zone-907,Breda Ginneken (Zone 907),Breda,Noord-Brabant,Regio Breda,A58,"bedrijfspanden, garages en utiliteitsbouw",Onze mixcombinaties verwerken zandcement moeiteloos in smalle straten en op hoogte.
zandcement-dekvloer-breda-bavel-zone-908,Breda Bavel (Zone 908),Breda,Noord-Brabant,Regio Breda,A59,"appartementencomplexen, hoogbouw en renovaties",Ideaal te combineren met vloerverwarming of extra verharder voor zware belasting.
zandcement-dekvloer-breda-prinsenbeek-zone-909,Breda Prinsenbeek (Zone 909),Breda,Noord-Brabant,Regio Breda,A67,"vrijstaande woningen, kavelbouw en aanbouwen",Snel en krimpvrij gesmeerd met optimale hechting en strakke vlakheid.
zandcement-dekvloer-breda-ulvenhout-zone-910,Breda Ulvenhout (Zone 910),Breda,Noord-Brabant,Regio Breda,N279,"nieuwbouwwijken, gezinswoningen en uitbouwen",Dankzij onze mobiele mengers pompen we kant-en-klare mortel direct naar de juiste laagdikte.
zandcement-dekvloer-breda-teteringen-zone-911,Breda Teteringen (Zone 911),Breda,Noord-Brabant,Regio Breda,A2,"historische panden, herenhuizen en renovaties",Wij adviseren hier onze droogversneller en Duremit vezels voor een snelle oplevering.
zandcement-dekvloer-s-hertogenbosch-zone-912,s-Hertogenbosch (Zone 912),s-Hertogenbosch,Noord-Brabant,Regio s-Hertogenbosch,A16,"bedrijfspanden, garages en utiliteitsbouw",Onze mixcombinaties verwerken zandcement moeiteloos in smalle straten en op hoogte.
zandcement-dekvloer-s-hertogenbosch-rosmalen-zone-913,s-Hertogenbosch Rosmalen (Zone 913),s-Hertogenbosch,Noord-Brabant,Regio s-Hertogenbosch,A50,"appartementencomplexen, hoogbouw en renovaties",Ideaal te combineren met vloerverwarming of extra verharder voor zware belasting.
zandcement-dekvloer-s-hertogenbosch-empel-zone-914,s-Hertogenbosch Empel (Zone 914),s-Hertogenbosch,Noord-Brabant,Regio s-Hertogenbosch,A58,"vrijstaande woningen, kavelbouw en aanbouwen",Snel en krimpvrij gesmeerd met optimale hechting en strakke vlakheid.
zandcement-dekvloer-s-hertogenbosch-engelen-zone-915,s-Hertogenbosch Engelen (Zone 915),s-Hertogenbosch,Noord-Brabant,Regio s-Hertogenbosch,A59,"nieuwbouwwijken, gezinswoningen en uitbouwen",Dankzij onze mobiele mengers pompen we kant-en-klare mortel direct naar de juiste laagdikte.
zandcement-dekvloer-s-hertogenbosch-maaspoort-zone-916,s-Hertogenbosch Maaspoort (Zone 916),s-Hertogenbosch,Noord-Brabant,Regio s-Hertogenbosch,A67,"historische panden, herenhuizen en renovaties",Wij adviseren hier onze droogversneller en Duremit vezels voor een snelle oplevering.
zandcement-dekvloer-s-hertogenbosch-muntel-zone-917,s-Hertogenbosch Muntel (Zone 917),s-Hertogenbosch,Noord-Brabant,Regio s-Hertogenbosch,N279,"bedrijfspanden, garages en utiliteitsbouw",Onze mixcombinaties verwerken zandcement moeiteloos in smalle straten en op hoogte.
zandcement-dekvloer-s-hertogenbosch-west-zone-918,s-Hertogenbosch West (Zone 918),s-Hertogenbosch,Noord-Brabant,Regio s-Hertogenbosch,A2,"appartementencomplexen, hoogbouw en renovaties",Ideaal te combineren met vloerverwarming of extra verharder voor zware belasting.
zandcement-dekvloer-helmond-zone-919,Helmond (Zone 919),Helmond,Noord-Brabant,Regio Helmond,A16,"vrijstaande woningen, kavelbouw en aanbouwen",Snel en krimpvrij gesmeerd met optimale hechting en strakke vlakheid.
zandcement-dekvloer-helmond-brandevoort-zone-920,Helmond Brandevoort (Zone 920),Helmond,Noord-Brabant,Regio Helmond,A50,"nieuwbouwwijken, gezinswoningen en uitbouwen",Dankzij onze mobiele mengers pompen we kant-en-klare mortel direct naar de juiste laagdikte.
zandcement-dekvloer-helmond-stiphout-zone-921,Helmond Stiphout (Zone 921),Helmond,Noord-Brabant,Regio Helmond,A58,"historische panden, herenhuizen en renovaties",Wij adviseren hier onze droogversneller en Duremit vezels voor een snelle oplevering.
zandcement-dekvloer-helmond-mierlo-hout-zone-922,Helmond Mierlo-Hout (Zone 922),Helmond,Noord-Brabant,Regio Helmond,A59,"bedrijfspanden, garages en utiliteitsbouw",Onze mixcombinaties verwerken zandcement moeiteloos in smalle straten en op hoogte.
zandcement-dekvloer-helmond-rijpelberg-zone-923,Helmond Rijpelberg (Zone 923),Helmond,Noord-Brabant,Regio Helmond,A67,"appartementencomplexen, hoogbouw en renovaties",Ideaal te combineren met vloerverwarming of extra verharder voor zware belasting.
zandcement-dekvloer-helmond-brouwhuis-zone-924,Helmond Brouwhuis (Zone 924),Helmond,Noord-Brabant,Regio Helmond,N279,"vrijstaande woningen, kavelbouw en aanbouwen",Snel en krimpvrij gesmeerd met optimale hechting en strakke vlakheid.
zandcement-dekvloer-roosendaal-zone-925,Roosendaal (Zone 925),Roosendaal,Noord-Brabant,Regio Roosendaal,A2,"nieuwbouwwijken, gezinswoningen en uitbouwen",Dankzij onze mobiele mengers pompen we kant-en-klare mortel direct naar de juiste laagdikte.
zandcement-dekvloer-roosendaal-kortendijk-zone-926,Roosendaal Kortendijk (Zone 926),Roosendaal,Noord-Brabant,Regio Roosendaal,A16,"historische panden, herenhuizen en renovaties",Wij adviseren hier onze droogversneller en Duremit vezels voor een snelle oplevering.
zandcement-dekvloer-roosendaal-langdonk-zone-927,Roosendaal Langdonk (Zone 927),Roosendaal,Noord-Brabant,Regio Roosendaal,A50,"bedrijfspanden, garages en utiliteitsbouw",Onze mixcombinaties verwerken zandcement moeiteloos in smalle straten en op hoogte.
zandcement-dekvloer-roosendaal-tolberg-zone-928,Roosendaal Tolberg (Zone 928),Roosendaal,Noord-Brabant,Regio Roosendaal,A58,"appartementencomplexen, hoogbouw en renovaties",Ideaal te combineren met vloerverwarming of extra verharder voor zware belasting.
zandcement-dekvloer-roosendaal-wouw-zone-929,Roosendaal Wouw (Zone 929),Roosendaal,Noord-Brabant,Regio Roosendaal,A59,"vrijstaande woningen, kavelbouw en aanbouwen",Snel en krimpvrij gesmeerd met optimale hechting en strakke vlakheid.
zandcement-dekvloer-roosendaal-nispen-zone-930,Roosendaal Nispen (Zone 930),Roosendaal,Noord-Brabant,Regio Roosendaal,A67,"nieuwbouwwijken, gezinswoningen en uitbouwen",Dankzij onze mobiele mengers pompen we kant-en-klare mortel direct naar de juiste laagdikte.
zandcement-dekvloer-bergen-op-zoom-zone-931,Bergen op Zoom (Zone 931),Bergen op Zoom,Noord-Brabant,Regio Bergen op Zoom,N279,"historische panden, herenhuizen en renovaties",Wij adviseren hier onze droogversneller en Duremit vezels voor een snelle oplevering.
zandcement-dekvloer-bergen-op-zoom-meerenakker-zone-932,Bergen op Zoom Meerenakker (Zone 932),Bergen op Zoom,Noord-Brabant,Regio Bergen op Zoom,A2,"bedrijfspanden, garages en utiliteitsbouw",Onze mixcombinaties verwerken zandcement moeiteloos in smalle straten en op hoogte.
zandcement-dekvloer-bergen-op-zoom-gageldonk-zone-933,Bergen op Zoom Gageldonk (Zone 933),Bergen op Zoom,Noord-Brabant,Regio Bergen op Zoom,A16,"appartementencomplexen, hoogbouw en renovaties",Ideaal te combineren met vloerverwarming of extra verharder voor zware belasting.
zandcement-dekvloer-bergen-op-zoom-halsteren-zone-934,Bergen op Zoom Halsteren (Zone 934),Bergen op Zoom,Noord-Brabant,Regio Bergen op Zoom,A50,"vrijstaande woningen, kavelbouw en aanbouwen",Snel en krimpvrij gesmeerd met optimale hechting en strakke vlakheid.
zandcement-dekvloer-bergen-op-zoom-lepelstraat-zone-935,Bergen op Zoom Lepelstraat (Zone 935),Bergen op Zoom,Noord-Brabant,Regio Bergen op Zoom,A58,"nieuwbouwwijken, gezinswoningen en uitbouwen",Dankzij onze mobiele mengers pompen we kant-en-klare mortel direct naar de juiste laagdikte.
zandcement-dekvloer-oss-zone-936,Oss (Zone 936),Oss,Noord-Brabant,Regio Oss,A59,"historische panden, herenhuizen en renovaties",Wij adviseren hier onze droogversneller en Duremit vezels voor een snelle oplevering.
zandcement-dekvloer-oss-ussen-zone-937,Oss Ussen (Zone 937),Oss,Noord-Brabant,Regio Oss,A67,"bedrijfspanden, garages en utiliteitsbouw",Onze mixcombinaties verwerken zandcement moeiteloos in smalle straten en op hoogte.
zandcement-dekvloer-oss-ruwaard-zone-938,Oss Ruwaard (Zone 938),Oss,Noord-Brabant,Regio Oss,N279,"appartementencomplexen, hoogbouw en renovaties",Ideaal te combineren met vloerverwarming of extra verharder voor zware belasting.
zandcement-dekvloer-oss-berghem-zone-939,Oss Berghem (Zone 939),Oss,Noord-Brabant,Regio Oss,A2,"vrijstaande woningen, kavelbouw en aanbouwen",Snel en krimpvrij gesmeerd met optimale hechting en strakke vlakheid.
zandcement-dekvloer-oss-geffen-zone-940,Oss Geffen (Zone 940),Oss,Noord-Brabant,Regio Oss,A16,"nieuwbouwwijken, gezinswoningen en uitbouwen",Dankzij onze mobiele mengers pompen we kant-en-klare mortel direct naar de juiste laagdikte.
zandcement-dekvloer-oss-lith-zone-941,Oss Lith (Zone 941),Oss,Noord-Brabant,Regio Oss,A50,"historische panden, herenhuizen en renovaties",Wij adviseren hier onze droogversneller en Duremit vezels voor een snelle oplevering.
zandcement-dekvloer-oss-ravenstein-zone-942,Oss Ravenstein (Zone 942),Oss,Noord-Brabant,Regio Oss,A58,"bedrijfspanden, garages en utiliteitsbouw",Onze mixcombinaties verwerken zandcement moeiteloos in smalle straten en op hoogte.
zandcement-dekvloer-meierijstad-veghel-zone-943,Meierijstad Veghel (Zone 943),Meierijstad,Noord-Brabant,Regio Meierijstad,A59,"appartementencomplexen, hoogbouw en renovaties",Ideaal te combineren met vloerverwarming of extra verharder voor zware belasting.
zandcement-dekvloer-meierijstad-schijndel-zone-944,Meierijstad Schijndel (Zone 944),Meierijstad,Noord-Brabant,Regio Meierijstad,A67,"vrijstaande woningen, kavelbouw en aanbouwen",Snel en krimpvrij gesmeerd met optimale hechting en strakke vlakheid.
zandcement-dekvloer-meierijstad-sint-oedenrode-zone-945,Meierijstad Sint-Oedenrode (Zone 945),Meierijstad,Noord-Brabant,Regio Meierijstad,N279,"nieuwbouwwijken, gezinswoningen en uitbouwen",Dankzij onze mobiele mengers pompen we kant-en-klare mortel direct naar de juiste laagdikte.
zandcement-dekvloer-meierijstad-erp-zone-946,Meierijstad Erp (Zone 946),Meierijstad,Noord-Brabant,Regio Meierijstad,A2,"historische panden, herenhuizen en renovaties",Wij adviseren hier onze droogversneller en Duremit vezels voor een snelle oplevering.
zandcement-dekvloer-meierijstad-eerde-zone-947,Meierijstad Eerde (Zone 947),Meierijstad,Noord-Brabant,Regio Meierijstad,A16,"bedrijfspanden, garages en utiliteitsbouw",Onze mixcombinaties verwerken zandcement moeiteloos in smalle straten en op hoogte.
zandcement-dekvloer-meierijstad-zijtaart-zone-948,Meierijstad Zijtaart (Zone 948),Meierijstad,Noord-Brabant,Regio Meierijstad,A50,"appartementencomplexen, hoogbouw en renovaties",Ideaal te combineren met vloerverwarming of extra verharder voor zware belasting.
zandcement-dekvloer-maashorst-uden-zone-949,Maashorst Uden (Zone 949),Maashorst,Noord-Brabant,Regio Maashorst,A58,"vrijstaande woningen, kavelbouw en aanbouwen",Snel en krimpvrij gesmeerd met optimale hechting en strakke vlakheid.
zandcement-dekvloer-maashorst-volkel-zone-950,Maashorst Volkel (Zone 950),Maashorst,Noord-Brabant,Regio Maashorst,A59,"nieuwbouwwijken, gezinswoningen en uitbouwen",Dankzij onze mobiele mengers pompen we kant-en-klare mortel direct naar de juiste laagdikte.
zandcement-dekvloer-maashorst-odiliapeel-zone-951,Maashorst Odiliapeel (Zone 951),Maashorst,Noord-Brabant,Regio Maashorst,A67,"historische panden, herenhuizen en renovaties",Wij adviseren hier onze droogversneller en Duremit vezels voor een snelle oplevering.
zandcement-dekvloer-maashorst-zeeland-zone-952,Maashorst Zeeland (Zone 952),Maashorst,Noord-Brabant,Regio Maashorst,N279,"bedrijfspanden, garages en utiliteitsbouw",Onze mixcombinaties verwerken zandcement moeiteloos in smalle straten en op hoogte.
zandcement-dekvloer-maashorst-reek-zone-953,Maashorst Reek (Zone 953),Maashorst,Noord-Brabant,Regio Maashorst,A2,"appartementencomplexen, hoogbouw en renovaties",Ideaal te combineren met vloerverwarming of extra verharder voor zware belasting.
zandcement-dekvloer-nijmegen-zone-954,Nijmegen (Zone 954),Nijmegen,Gelderland,Regio Nijmegen,A12,"vrijstaande woningen, kavelbouw en aanbouwen",Snel en krimpvrij gesmeerd met optimale hechting en strakke vlakheid.
zandcement-dekvloer-nijmegen-dukenburg-zone-955,Nijmegen Dukenburg (Zone 955),Nijmegen,Gelderland,Regio Nijmegen,A15,"nieuwbouwwijken, gezinswoningen en uitbouwen",Dankzij onze mobiele mengers pompen we kant-en-klare mortel direct naar de juiste laagdikte.
zandcement-dekvloer-nijmegen-lindenholt-zone-956,Nijmegen Lindenholt (Zone 956),Nijmegen,Gelderland,Regio Nijmegen,A18,"historische panden, herenhuizen en renovaties",Wij adviseren hier onze droogversneller en Duremit vezels voor een snelle oplevering.
zandcement-dekvloer-nijmegen-nijmegen-noord-zone-957,Nijmegen Nijmegen-Noord (Zone 957),Nijmegen,Gelderland,Regio Nijmegen,A50,"bedrijfspanden, garages en utiliteitsbouw",Onze mixcombinaties verwerken zandcement moeiteloos in smalle straten en op hoogte.
zandcement-dekvloer-nijmegen-oosterhout-zone-958,Nijmegen Oosterhout (Zone 958),Nijmegen,Gelderland,Regio Nijmegen,A73,"appartementencomplexen, hoogbouw en renovaties",Ideaal te combineren met vloerverwarming of extra verharder voor zware belasting.
zandcement-dekvloer-nijmegen-hatert-zone-959,Nijmegen Hatert (Zone 959),Nijmegen,Gelderland,Regio Nijmegen,N325,"vrijstaande woningen, kavelbouw en aanbouwen",Snel en krimpvrij gesmeerd met optimale hechting en strakke vlakheid.
zandcement-dekvloer-nijmegen-goffert-zone-960,Nijmegen Goffert (Zone 960),Nijmegen,Gelderland,Regio Nijmegen,A1,"nieuwbouwwijken, gezinswoningen en uitbouwen",Dankzij onze mobiele mengers pompen we kant-en-klare mortel direct naar de juiste laagdikte.
zandcement-dekvloer-arnhem-zone-961,Arnhem (Zone 961),Arnhem,Gelderland,Regio Arnhem,A12,"historische panden, herenhuizen en renovaties",Wij adviseren hier onze droogversneller en Duremit vezels voor een snelle oplevering.
zandcement-dekvloer-arnhem-presikhaaf-zone-962,Arnhem Presikhaaf (Zone 962),Arnhem,Gelderland,Regio Arnhem,A15,"bedrijfspanden, garages en utiliteitsbouw",Onze mixcombinaties verwerken zandcement moeiteloos in smalle straten en op hoogte.
zandcement-dekvloer-arnhem-elden-zone-963,Arnhem Elden (Zone 963),Arnhem,Gelderland,Regio Arnhem,A18,"appartementencomplexen, hoogbouw en renovaties",Ideaal te combineren met vloerverwarming of extra verharder voor zware belasting.
zandcement-dekvloer-arnhem-schuytgraaf-zone-964,Arnhem Schuytgraaf (Zone 964),Arnhem,Gelderland,Regio Arnhem,A50,"vrijstaande woningen, kavelbouw en aanbouwen",Snel en krimpvrij gesmeerd met optimale hechting en strakke vlakheid.
zandcement-dekvloer-arnhem-klarendal-zone-965,Arnhem Klarendal (Zone 965),Arnhem,Gelderland,Regio Arnhem,A73,"nieuwbouwwijken, gezinswoningen en uitbouwen",Dankzij onze mobiele mengers pompen we kant-en-klare mortel direct naar de juiste laagdikte.
zandcement-dekvloer-arnhem-velp-grens-zone-966,Arnhem Velp-grens (Zone 966),Arnhem,Gelderland,Regio Arnhem,N325,"historische panden, herenhuizen en renovaties",Wij adviseren hier onze droogversneller en Duremit vezels voor een snelle oplevering.
zandcement-dekvloer-arnhem-sonsbeek-zone-967,Arnhem Sonsbeek (Zone 967),Arnhem,Gelderland,Regio Arnhem,A1,"bedrijfspanden, garages en utiliteitsbouw",Onze mixcombinaties verwerken zandcement moeiteloos in smalle straten en op hoogte.
zandcement-dekvloer-apeldoorn-zone-968,Apeldoorn (Zone 968),Apeldoorn,Gelderland,Regio Apeldoorn,A12,"appartementencomplexen, hoogbouw en renovaties",Ideaal te combineren met vloerverwarming of extra verharder voor zware belasting.
zandcement-dekvloer-apeldoorn-maten-zone-969,Apeldoorn Maten (Zone 969),Apeldoorn,Gelderland,Regio Apeldoorn,A15,"vrijstaande woningen, kavelbouw en aanbouwen",Snel en krimpvrij gesmeerd met optimale hechting en strakke vlakheid.
zandcement-dekvloer-apeldoorn-zevenhuizen-zone-970,Apeldoorn Zevenhuizen (Zone 970),Apeldoorn,Gelderland,Regio Apeldoorn,A18,"nieuwbouwwijken, gezinswoningen en uitbouwen",Dankzij onze mobiele mengers pompen we kant-en-klare mortel direct naar de juiste laagdikte.
zandcement-dekvloer-apeldoorn-osseveld-zone-971,Apeldoorn Osseveld (Zone 971),Apeldoorn,Gelderland,Regio Apeldoorn,A50,"historische panden, herenhuizen en renovaties",Wij adviseren hier onze droogversneller en Duremit vezels voor een snelle oplevering.
zandcement-dekvloer-apeldoorn-uddel-zone-972,Apeldoorn Uddel (Zone 972),Apeldoorn,Gelderland,Regio Apeldoorn,A73,"bedrijfspanden, garages en utiliteitsbouw",Onze mixcombinaties verwerken zandcement moeiteloos in smalle straten en op hoogte.
zandcement-dekvloer-apeldoorn-hoenderloo-zone-973,Apeldoorn Hoenderloo (Zone 973),Apeldoorn,Gelderland,Regio Apeldoorn,N325,"appartementencomplexen, hoogbouw en renovaties",Ideaal te combineren met vloerverwarming of extra verharder voor zware belasting.
zandcement-dekvloer-apeldoorn-beekbergen-zone-974,Apeldoorn Beekbergen (Zone 974),Apeldoorn,Gelderland,Regio Apeldoorn,A1,"vrijstaande woningen, kavelbouw en aanbouwen",Snel en krimpvrij gesmeerd met optimale hechting en strakke vlakheid.
zandcement-dekvloer-apeldoorn-loenen-zone-975,Apeldoorn Loenen (Zone 975),Apeldoorn,Gelderland,Regio Apeldoorn,A12,"nieuwbouwwijken, gezinswoningen en uitbouwen",Dankzij onze mobiele mengers pompen we kant-en-klare mortel direct naar de juiste laagdikte.
zandcement-dekvloer-ede-zone-976,Ede (Zone 976),Ede,Gelderland,Regio Ede,A15,"historische panden, herenhuizen en renovaties",Wij adviseren hier onze droogversneller en Duremit vezels voor een snelle oplevering.
zandcement-dekvloer-ede-veldhuizen-zone-977,Ede Veldhuizen (Zone 977),Ede,Gelderland,Regio Ede,A18,"bedrijfspanden, garages en utiliteitsbouw",Onze mixcombinaties verwerken zandcement moeiteloos in smalle straten en op hoogte.
zandcement-dekvloer-ede-rietkampen-zone-978,Ede Rietkampen (Zone 978),Ede,Gelderland,Regio Ede,A50,"appartementencomplexen, hoogbouw en renovaties",Ideaal te combineren met vloerverwarming of extra verharder voor zware belasting.
zandcement-dekvloer-ede-bennekom-zone-979,Ede Bennekom (Zone 979),Ede,Gelderland,Regio Ede,A73,"vrijstaande woningen, kavelbouw en aanbouwen",Snel en krimpvrij gesmeerd met optimale hechting en strakke vlakheid.
zandcement-dekvloer-ede-lunteren-zone-980,Ede Lunteren (Zone 980),Ede,Gelderland,Regio Ede,N325,"nieuwbouwwijken, gezinswoningen en uitbouwen",Dankzij onze mobiele mengers pompen we kant-en-klare mortel direct naar de juiste laagdikte.
zandcement-dekvloer-ede-ederveen-zone-981,Ede Ederveen (Zone 981),Ede,Gelderland,Regio Ede,A1,"historische panden, herenhuizen en renovaties",Wij adviseren hier onze droogversneller en Duremit vezels voor een snelle oplevering.
zandcement-dekvloer-ede-harskamp-zone-982,Ede Harskamp (Zone 982),Ede,Gelderland,Regio Ede,A12,"bedrijfspanden, garages en utiliteitsbouw",Onze mixcombinaties verwerken zandcement moeiteloos in smalle straten en op hoogte.
zandcement-dekvloer-ede-otterlo-zone-983,Ede Otterlo (Zone 983),Ede,Gelderland,Regio Ede,A15,"appartementencomplexen, hoogbouw en renovaties",Ideaal te combineren met vloerverwarming of extra verharder voor zware belasting.
zandcement-dekvloer-doetinchem-zone-984,Doetinchem (Zone 984),Doetinchem,Gelderland,Regio Doetinchem,A18,"vrijstaande woningen, kavelbouw en aanbouwen",Snel en krimpvrij gesmeerd met optimale hechting en strakke vlakheid.
zandcement-dekvloer-doetinchem-de-huet-zone-985,Doetinchem De Huet (Zone 985),Doetinchem,Gelderland,Regio Doetinchem,A50,"nieuwbouwwijken, gezinswoningen en uitbouwen",Dankzij onze mobiele mengers pompen we kant-en-klare mortel direct naar de juiste laagdikte.
zandcement-dekvloer-doetinchem-overstegen-zone-986,Doetinchem Overstegen (Zone 986),Doetinchem,Gelderland,Regio Doetinchem,A73,"historische panden, herenhuizen en renovaties",Wij adviseren hier onze droogversneller en Duremit vezels voor een snelle oplevering.
zandcement-dekvloer-doetinchem-wehl-zone-987,Doetinchem Wehl (Zone 987),Doetinchem,Gelderland,Regio Doetinchem,N325,"bedrijfspanden, garages en utiliteitsbouw",Onze mixcombinaties verwerken zandcement moeiteloos in smalle straten en op hoogte.
zandcement-dekvloer-doetinchem-gaanderen-zone-988,Doetinchem Gaanderen (Zone 988),Doetinchem,Gelderland,Regio Doetinchem,A1,"appartementencomplexen, hoogbouw en renovaties",Ideaal te combineren met vloerverwarming of extra verharder voor zware belasting.
zandcement-dekvloer-barneveld-barneveld-dorp-zone-989,Barneveld Barneveld-dorp (Zone 989),Barneveld,Gelderland,Regio Barneveld,A12,"vrijstaande woningen, kavelbouw en aanbouwen",Snel en krimpvrij gesmeerd met optimale hechting en strakke vlakheid.
zandcement-dekvloer-barneveld-voorthuizen-zone-990,Barneveld Voorthuizen (Zone 990),Barneveld,Gelderland,Regio Barneveld,A15,"nieuwbouwwijken, gezinswoningen en uitbouwen",Dankzij onze mobiele mengers pompen we kant-en-klare mortel direct naar de juiste laagdikte.
zandcement-dekvloer-barneveld-kootwijk-zone-991,Barneveld Kootwijk (Zone 991),Barneveld,Gelderland,Regio Barneveld,A18,"historische panden, herenhuizen en renovaties",Wij adviseren hier onze droogversneller en Duremit vezels voor een snelle oplevering.
zandcement-dekvloer-barneveld-garderen-zone-992,Barneveld Garderen (Zone 992),Barneveld,Gelderland,Regio Barneveld,A50,"bedrijfspanden, garages en utiliteitsbouw",Onze mixcombinaties verwerken zandcement moeiteloos in smalle straten en op hoogte.
zandcement-dekvloer-barneveld-stroe-zone-993,Barneveld Stroe (Zone 993),Barneveld,Gelderland,Regio Barneveld,A73,"appartementencomplexen, hoogbouw en renovaties",Ideaal te combineren met vloerverwarming of extra verharder voor zware belasting.
zandcement-dekvloer-barneveld-terschuur-zone-994,Barneveld Terschuur (Zone 994),Barneveld,Gelderland,Regio Barneveld,N325,"vrijstaande woningen, kavelbouw en aanbouwen",Snel en krimpvrij gesmeerd met optimale hechting en strakke vlakheid.
zandcement-dekvloer-barneveld-zwartebroek-zone-995,Barneveld Zwartebroek (Zone 995),Barneveld,Gelderland,Regio Barneveld,A1,"nieuwbouwwijken, gezinswoningen en uitbouwen",Dankzij onze mobiele mengers pompen we kant-en-klare mortel direct naar de juiste laagdikte.
zandcement-dekvloer-overbetuwe-elst-zone-996,Overbetuwe Elst (Zone 996),Overbetuwe,Gelderland,Regio Overbetuwe,A12,"historische panden, herenhuizen en renovaties",Wij adviseren hier onze droogversneller en Duremit vezels voor een snelle oplevering.
zandcement-dekvloer-overbetuwe-zetten-zone-997,Overbetuwe Zetten (Zone 997),Overbetuwe,Gelderland,Regio Overbetuwe,A15,"bedrijfspanden, garages en utiliteitsbouw",Onze mixcombinaties verwerken zandcement moeiteloos in smalle straten en op hoogte.
zandcement-dekvloer-overbetuwe-driel-zone-998,Overbetuwe Driel (Zone 998),Overbetuwe,Gelderland,Regio Overbetuwe,A18,"appartementencomplexen, hoogbouw en renovaties",Ideaal te combineren met vloerverwarming of extra verharder voor zware belasting.
zandcement-dekvloer-overbetuwe-heteren-zone-999,Overbetuwe Heteren (Zone 999),Overbetuwe,Gelderland,Regio Overbetuwe,A50,"vrijstaande woningen, kavelbouw en aanbouwen",Snel en krimpvrij gesmeerd met optimale hechting en strakke vlakheid.
zandcement-dekvloer-overbetuwe-andelst-zone-1000,Overbetuwe Andelst (Zone 1000),Overbetuwe,Gelderland,Regio Overbetuwe,A73,"nieuwbouwwijken, gezinswoningen en uitbouwen",Dankzij onze mobiele mengers pompen we kant-en-klare mortel direct naar de juiste laagdikte.
zandcement-dekvloer-overbetuwe-valburg-zone-1001,Overbetuwe Valburg (Zone 1001),Overbetuwe,Gelderland,Regio Overbetuwe,N325,"historische panden, herenhuizen en renovaties",Wij adviseren hier onze droogversneller en Duremit vezels voor een snelle oplevering.
zandcement-dekvloer-lingewaard-bemmel-zone-1002,Lingewaard Bemmel (Zone 1002),Lingewaard,Gelderland,Regio Lingewaard,A1,"bedrijfspanden, garages en utiliteitsbouw",Onze mixcombinaties verwerken zandcement moeiteloos in smalle straten en op hoogte.
zandcement-dekvloer-lingewaard-huissen-zone-1003,Lingewaard Huissen (Zone 1003),Lingewaard,Gelderland,Regio Lingewaard,A12,"appartementencomplexen, hoogbouw en renovaties",Ideaal te combineren met vloerverwarming of extra verharder voor zware belasting.
zandcement-dekvloer-lingewaard-gendt-zone-1004,Lingewaard Gendt (Zone 1004),Lingewaard,Gelderland,Regio Lingewaard,A15,"vrijstaande woningen, kavelbouw en aanbouwen",Snel en krimpvrij gesmeerd met optimale hechting en strakke vlakheid.
zandcement-dekvloer-lingewaard-angeren-zone-1005,Lingewaard Angeren (Zone 1005),Lingewaard,Gelderland,Regio Lingewaard,A18,"nieuwbouwwijken, gezinswoningen en uitbouwen",Dankzij onze mobiele mengers pompen we kant-en-klare mortel direct naar de juiste laagdikte.
zandcement-dekvloer-lingewaard-doornenburg-zone-1006,Lingewaard Doornenburg (Zone 1006),Lingewaard,Gelderland,Regio Lingewaard,A50,"historische panden, herenhuizen en renovaties",Wij adviseren hier onze droogversneller en Duremit vezels voor een snelle oplevering.
zandcement-dekvloer-zwolle-zone-1007,Zwolle (Zone 1007),Zwolle,Overijssel,Regio Zwolle,A1,"bedrijfspanden, garages en utiliteitsbouw",Onze mixcombinaties verwerken zandcement moeiteloos in smalle straten en op hoogte.
zandcement-dekvloer-zwolle-stadshagen-zone-1008,Zwolle Stadshagen (Zone 1008),Zwolle,Overijssel,Regio Zwolle,A28,"appartementencomplexen, hoogbouw en renovaties",Ideaal te combineren met vloerverwarming of extra verharder voor zware belasting.
zandcement-dekvloer-zwolle-aa-landen-zone-1009,Zwolle Aa-landen (Zone 1009),Zwolle,Overijssel,Regio Zwolle,A35,"vrijstaande woningen, kavelbouw en aanbouwen",Snel en krimpvrij gesmeerd met optimale hechting en strakke vlakheid.
zandcement-dekvloer-zwolle-holtenbroek-zone-1010,Zwolle Holtenbroek (Zone 1010),Zwolle,Overijssel,Regio Zwolle,N35,"nieuwbouwwijken, gezinswoningen en uitbouwen",Dankzij onze mobiele mengers pompen we kant-en-klare mortel direct naar de juiste laagdikte.
zandcement-dekvloer-zwolle-berkum-zone-1011,Zwolle Berkum (Zone 1011),Zwolle,Overijssel,Regio Zwolle,N34,"historische panden, herenhuizen en renovaties",Wij adviseren hier onze droogversneller en Duremit vezels voor een snelle oplevering.
zandcement-dekvloer-zwolle-zwolle-zuid-zone-1012,Zwolle Zwolle-Zuid (Zone 1012),Zwolle,Overijssel,Regio Zwolle,N50,"bedrijfspanden, garages en utiliteitsbouw",Onze mixcombinaties verwerken zandcement moeiteloos in smalle straten en op hoogte.
zandcement-dekvloer-zwolle-assendorp-zone-1013,Zwolle Assendorp (Zone 1013),Zwolle,Overijssel,Regio Zwolle,A1,"appartementencomplexen, hoogbouw en renovaties",Ideaal te combineren met vloerverwarming of extra verharder voor zware belasting.
zandcement-dekvloer-enschede-zone-1014,Enschede (Zone 1014),Enschede,Overijssel,Regio Enschede,A28,"vrijstaande woningen, kavelbouw en aanbouwen",Snel en krimpvrij gesmeerd met optimale hechting en strakke vlakheid.
zandcement-dekvloer-enschede-stadsveld-zone-1015,Enschede Stadsveld (Zone 1015),Enschede,Overijssel,Regio Enschede,A35,"nieuwbouwwijken, gezinswoningen en uitbouwen",Dankzij onze mobiele mengers pompen we kant-en-klare mortel direct naar de juiste laagdikte.
zandcement-dekvloer-enschede-twekkelerveld-zone-1016,Enschede Twekkelerveld (Zone 1016),Enschede,Overijssel,Regio Enschede,N35,"historische panden, herenhuizen en renovaties",Wij adviseren hier onze droogversneller en Duremit vezels voor een snelle oplevering.
zandcement-dekvloer-enschede-glanerbrug-zone-1017,Enschede Glanerbrug (Zone 1017),Enschede,Overijssel,Regio Enschede,N34,"bedrijfspanden, garages en utiliteitsbouw",Onze mixcombinaties verwerken zandcement moeiteloos in smalle straten en op hoogte.
zandcement-dekvloer-enschede-lonneker-zone-1018,Enschede Lonneker (Zone 1018),Enschede,Overijssel,Regio Enschede,N50,"appartementencomplexen, hoogbouw en renovaties",Ideaal te combineren met vloerverwarming of extra verharder voor zware belasting.
zandcement-dekvloer-enschede-helmerhoek-zone-1019,Enschede Helmerhoek (Zone 1019),Enschede,Overijssel,Regio Enschede,A1,"vrijstaande woningen, kavelbouw en aanbouwen",Snel en krimpvrij gesmeerd met optimale hechting en strakke vlakheid.
zandcement-dekvloer-hengelo-zone-1020,Hengelo (Zone 1020),Hengelo,Overijssel,Regio Hengelo,A28,"nieuwbouwwijken, gezinswoningen en uitbouwen",Dankzij onze mobiele mengers pompen we kant-en-klare mortel direct naar de juiste laagdikte.
zandcement-dekvloer-hengelo-hasseler-es-zone-1021,Hengelo Hasseler Es (Zone 1021),Hengelo,Overijssel,Regio Hengelo,A35,"historische panden, herenhuizen en renovaties",Wij adviseren hier onze droogversneller en Duremit vezels voor een snelle oplevering.
zandcement-dekvloer-hengelo-slangenbeek-zone-1022,Hengelo Slangenbeek (Zone 1022),Hengelo,Overijssel,Regio Hengelo,N35,"bedrijfspanden, garages en utiliteitsbouw",Onze mixcombinaties verwerken zandcement moeiteloos in smalle straten en op hoogte.
zandcement-dekvloer-hengelo-groot-driene-zone-1023,Hengelo Groot Driene (Zone 1023),Hengelo,Overijssel,Regio Hengelo,N34,"appartementencomplexen, hoogbouw en renovaties",Ideaal te combineren met vloerverwarming of extra verharder voor zware belasting.
zandcement-dekvloer-hengelo-woolde-zone-1024,Hengelo Woolde (Zone 1024),Hengelo,Overijssel,Regio Hengelo,N50,"vrijstaande woningen, kavelbouw en aanbouwen",Snel en krimpvrij gesmeerd met optimale hechting en strakke vlakheid.
zandcement-dekvloer-hengelo-beckum-zone-1025,Hengelo Beckum (Zone 1025),Hengelo,Overijssel,Regio Hengelo,A1,"nieuwbouwwijken, gezinswoningen en uitbouwen",Dankzij onze mobiele mengers pompen we kant-en-klare mortel direct naar de juiste laagdikte.
zandcement-dekvloer-deventer-zone-1026,Deventer (Zone 1026),Deventer,Overijssel,Regio Deventer,A28,"historische panden, herenhuizen en renovaties",Wij adviseren hier onze droogversneller en Duremit vezels voor een snelle oplevering.
zandcement-dekvloer-deventer-colmschate-zone-1027,Deventer Colmschate (Zone 1027),Deventer,Overijssel,Regio Deventer,A35,"bedrijfspanden, garages en utiliteitsbouw",Onze mixcombinaties verwerken zandcement moeiteloos in smalle straten en op hoogte.
zandcement-dekvloer-deventer-keizerslanden-zone-1028,Deventer Keizerslanden (Zone 1028),Deventer,Overijssel,Regio Deventer,N35,"appartementencomplexen, hoogbouw en renovaties",Ideaal te combineren met vloerverwarming of extra verharder voor zware belasting.
zandcement-dekvloer-deventer-zandweerd-zone-1029,Deventer Zandweerd (Zone 1029),Deventer,Overijssel,Regio Deventer,N34,"vrijstaande woningen, kavelbouw en aanbouwen",Snel en krimpvrij gesmeerd met optimale hechting en strakke vlakheid.
zandcement-dekvloer-deventer-schalkhaar-zone-1030,Deventer Schalkhaar (Zone 1030),Deventer,Overijssel,Regio Deventer,N50,"nieuwbouwwijken, gezinswoningen en uitbouwen",Dankzij onze mobiele mengers pompen we kant-en-klare mortel direct naar de juiste laagdikte.
zandcement-dekvloer-deventer-diepenveen-zone-1031,Deventer Diepenveen (Zone 1031),Deventer,Overijssel,Regio Deventer,A1,"historische panden, herenhuizen en renovaties",Wij adviseren hier onze droogversneller en Duremit vezels voor een snelle oplevering.
zandcement-dekvloer-almelo-zone-1032,Almelo (Zone 1032),Almelo,Overijssel,Regio Almelo,A28,"bedrijfspanden, garages en utiliteitsbouw",Onze mixcombinaties verwerken zandcement moeiteloos in smalle straten en op hoogte.
zandcement-dekvloer-almelo-windmolenbroek-zone-1033,Almelo Windmolenbroek (Zone 1033),Almelo,Overijssel,Regio Almelo,A35,"appartementencomplexen, hoogbouw en renovaties",Ideaal te combineren met vloerverwarming of extra verharder voor zware belasting.
zandcement-dekvloer-almelo-schelfhorst-zone-1034,Almelo Schelfhorst (Zone 1034),Almelo,Overijssel,Regio Almelo,N35,"vrijstaande woningen, kavelbouw en aanbouwen",Snel en krimpvrij gesmeerd met optimale hechting en strakke vlakheid.
zandcement-dekvloer-almelo-aadorp-zone-1035,Almelo Aadorp (Zone 1035),Almelo,Overijssel,Regio Almelo,N34,"nieuwbouwwijken, gezinswoningen en uitbouwen",Dankzij onze mobiele mengers pompen we kant-en-klare mortel direct naar de juiste laagdikte.
zandcement-dekvloer-almelo-bornerbroek-zone-1036,Almelo Bornerbroek (Zone 1036),Almelo,Overijssel,Regio Almelo,N50,"historische panden, herenhuizen en renovaties",Wij adviseren hier onze droogversneller en Duremit vezels voor een snelle oplevering.
zandcement-dekvloer-groningen-zone-1037,Groningen (Zone 1037),Groningen,Groningen,Regio Groningen,N33,"bedrijfspanden, garages en utiliteitsbouw",Onze mixcombinaties verwerken zandcement moeiteloos in smalle straten en op hoogte.
zandcement-dekvloer-groningen-vinkhuizen-zone-1038,Groningen Vinkhuizen (Zone 1038),Groningen,Groningen,Regio Groningen,N46,"appartementencomplexen, hoogbouw en renovaties",Ideaal te combineren met vloerverwarming of extra verharder voor zware belasting.
zandcement-dekvloer-groningen-beijum-zone-1039,Groningen Beijum (Zone 1039),Groningen,Groningen,Regio Groningen,N360,"vrijstaande woningen, kavelbouw en aanbouwen",Snel en krimpvrij gesmeerd met optimale hechting en strakke vlakheid.
zandcement-dekvloer-groningen-lewenborg-zone-1040,Groningen Lewenborg (Zone 1040),Groningen,Groningen,Regio Groningen,A7,"nieuwbouwwijken, gezinswoningen en uitbouwen",Dankzij onze mobiele mengers pompen we kant-en-klare mortel direct naar de juiste laagdikte.
zandcement-dekvloer-groningen-helpman-zone-1041,Groningen Helpman (Zone 1041),Groningen,Groningen,Regio Groningen,A28,"historische panden, herenhuizen en renovaties",Wij adviseren hier onze droogversneller en Duremit vezels voor een snelle oplevering.
zandcement-dekvloer-groningen-korrewegwijk-zone-1042,Groningen Korrewegwijk (Zone 1042),Groningen,Groningen,Regio Groningen,N33,"bedrijfspanden, garages en utiliteitsbouw",Onze mixcombinaties verwerken zandcement moeiteloos in smalle straten en op hoogte.
zandcement-dekvloer-groningen-paddepoel-zone-1043,Groningen Paddepoel (Zone 1043),Groningen,Groningen,Regio Groningen,N46,"appartementencomplexen, hoogbouw en renovaties",Ideaal te combineren met vloerverwarming of extra verharder voor zware belasting.
zandcement-dekvloer-groningen-meerstad-zone-1044,Groningen Meerstad (Zone 1044),Groningen,Groningen,Regio Groningen,N360,"vrijstaande woningen, kavelbouw en aanbouwen",Snel en krimpvrij gesmeerd met optimale hechting en strakke vlakheid.
zandcement-dekvloer-groningen-haren-zone-1045,Groningen Haren (Zone 1045),Groningen,Groningen,Regio Groningen,A7,"nieuwbouwwijken, gezinswoningen en uitbouwen",Dankzij onze mobiele mengers pompen we kant-en-klare mortel direct naar de juiste laagdikte.
zandcement-dekvloer-groningen-ten-boer-zone-1046,Groningen Ten Boer (Zone 1046),Groningen,Groningen,Regio Groningen,A28,"historische panden, herenhuizen en renovaties",Wij adviseren hier onze droogversneller en Duremit vezels voor een snelle oplevering.
zandcement-dekvloer-eemsdelta-appingedam-zone-1047,Eemsdelta Appingedam (Zone 1047),Eemsdelta,Groningen,Regio Eemsdelta,N33,"bedrijfspanden, garages en utiliteitsbouw",Onze mixcombinaties verwerken zandcement moeiteloos in smalle straten en op hoogte.
zandcement-dekvloer-eemsdelta-delfzijl-zone-1048,Eemsdelta Delfzijl (Zone 1048),Eemsdelta,Groningen,Regio Eemsdelta,N46,"appartementencomplexen, hoogbouw en renovaties",Ideaal te combineren met vloerverwarming of extra verharder voor zware belasting.
zandcement-dekvloer-eemsdelta-loppersum-zone-1049,Eemsdelta Loppersum (Zone 1049),Eemsdelta,Groningen,Regio Eemsdelta,N360,"vrijstaande woningen, kavelbouw en aanbouwen",Snel en krimpvrij gesmeerd met optimale hechting en strakke vlakheid.
zandcement-dekvloer-eemsdelta-middelstum-zone-1050,Eemsdelta Middelstum (Zone 1050),Eemsdelta,Groningen,Regio Eemsdelta,A7,"nieuwbouwwijken, gezinswoningen en uitbouwen",Dankzij onze mobiele mengers pompen we kant-en-klare mortel direct naar de juiste laagdikte.
zandcement-dekvloer-eemsdelta-spijk-zone-1051,Eemsdelta Spijk (Zone 1051),Eemsdelta,Groningen,Regio Eemsdelta,A28,"historische panden, herenhuizen en renovaties",Wij adviseren hier onze droogversneller en Duremit vezels voor een snelle oplevering.
zandcement-dekvloer-eemsdelta-woldendorp-zone-1052,Eemsdelta Woldendorp (Zone 1052),Eemsdelta,Groningen,Regio Eemsdelta,N33,"bedrijfspanden, garages en utiliteitsbouw",Onze mixcombinaties verwerken zandcement moeiteloos in smalle straten en op hoogte.
zandcement-dekvloer-het-hogeland-bedum-zone-1053,Het Hogeland Bedum (Zone 1053),Het Hogeland,Groningen,Regio Het Hogeland,N46,"appartementencomplexen, hoogbouw en renovaties",Ideaal te combineren met vloerverwarming of extra verharder voor zware belasting.
zandcement-dekvloer-het-hogeland-winsum-zone-1054,Het Hogeland Winsum (Zone 1054),Het Hogeland,Groningen,Regio Het Hogeland,N360,"vrijstaande woningen, kavelbouw en aanbouwen",Snel en krimpvrij gesmeerd met optimale hechting en strakke vlakheid.
zandcement-dekvloer-het-hogeland-uithuizen-zone-1055,Het Hogeland Uithuizen (Zone 1055),Het Hogeland,Groningen,Regio Het Hogeland,A7,"nieuwbouwwijken, gezinswoningen en uitbouwen",Dankzij onze mobiele mengers pompen we kant-en-klare mortel direct naar de juiste laagdikte.
zandcement-dekvloer-het-hogeland-uithuizermeeden-zone-1056,Het Hogeland Uithuizermeeden (Zone 1056),Het Hogeland,Groningen,Regio Het Hogeland,A28,"historische panden, herenhuizen en renovaties",Wij adviseren hier onze droogversneller en Duremit vezels voor een snelle oplevering.
zandcement-dekvloer-het-hogeland-leens-zone-1057,Het Hogeland Leens (Zone 1057),Het Hogeland,Groningen,Regio Het Hogeland,N33,"bedrijfspanden, garages en utiliteitsbouw",Onze mixcombinaties verwerken zandcement moeiteloos in smalle straten en op hoogte.
zandcement-dekvloer-het-hogeland-baflo-zone-1058,Het Hogeland Baflo (Zone 1058),Het Hogeland,Groningen,Regio Het Hogeland,N46,"appartementencomplexen, hoogbouw en renovaties",Ideaal te combineren met vloerverwarming of extra verharder voor zware belasting.
zandcement-dekvloer-het-hogeland-eenrum-zone-1059,Het Hogeland Eenrum (Zone 1059),Het Hogeland,Groningen,Regio Het Hogeland,N360,"vrijstaande woningen, kavelbouw en aanbouwen",Snel en krimpvrij gesmeerd met optimale hechting en strakke vlakheid.
zandcement-dekvloer-leeuwarden-zone-1060,Leeuwarden (Zone 1060),Leeuwarden,Friesland,Regio Leeuwarden,A7,"nieuwbouwwijken, gezinswoningen en uitbouwen",Dankzij onze mobiele mengers pompen we kant-en-klare mortel direct naar de juiste laagdikte.
zandcement-dekvloer-leeuwarden-bilgaard-zone-1061,Leeuwarden Bilgaard (Zone 1061),Leeuwarden,Friesland,Regio Leeuwarden,A31,"historische panden, herenhuizen en renovaties",Wij adviseren hier onze droogversneller en Duremit vezels voor een snelle oplevering.
zandcement-dekvloer-leeuwarden-camminghaburen-zone-1062,Leeuwarden Camminghaburen (Zone 1062),Leeuwarden,Friesland,Regio Leeuwarden,A32,"bedrijfspanden, garages en utiliteitsbouw",Onze mixcombinaties verwerken zandcement moeiteloos in smalle straten en op hoogte.
zandcement-dekvloer-leeuwarden-zuiderburen-zone-1063,Leeuwarden Zuiderburen (Zone 1063),Leeuwarden,Friesland,Regio Leeuwarden,N355,"appartementencomplexen, hoogbouw en renovaties",Ideaal te combineren met vloerverwarming of extra verharder voor zware belasting.
zandcement-dekvloer-leeuwarden-techum-zone-1064,Leeuwarden Techum (Zone 1064),Leeuwarden,Friesland,Regio Leeuwarden,N381,"vrijstaande woningen, kavelbouw en aanbouwen",Snel en krimpvrij gesmeerd met optimale hechting en strakke vlakheid.
zandcement-dekvloer-leeuwarden-grou-zone-1065,Leeuwarden Grou (Zone 1065),Leeuwarden,Friesland,Regio Leeuwarden,A7,"nieuwbouwwijken, gezinswoningen en uitbouwen",Dankzij onze mobiele mengers pompen we kant-en-klare mortel direct naar de juiste laagdikte.
zandcement-dekvloer-leeuwarden-goutum-zone-1066,Leeuwarden Goutum (Zone 1066),Leeuwarden,Friesland,Regio Leeuwarden,A31,"historische panden, herenhuizen en renovaties",Wij adviseren hier onze droogversneller en Duremit vezels voor een snelle oplevering.
zandcement-dekvloer-leeuwarden-stiens-zone-1067,Leeuwarden Stiens (Zone 1067),Leeuwarden,Friesland,Regio Leeuwarden,A32,"bedrijfspanden, garages en utiliteitsbouw",Onze mixcombinaties verwerken zandcement moeiteloos in smalle straten en op hoogte.
zandcement-dekvloer-sudwest-fryslan-sneek-zone-1068,Sudwest-Fryslan Sneek (Zone 1068),Sudwest-Fryslan,Friesland,Regio Sudwest-Fryslan,N355,"appartementencomplexen, hoogbouw en renovaties",Ideaal te combineren met vloerverwarming of extra verharder voor zware belasting.
zandcement-dekvloer-sudwest-fryslan-bolsward-zone-1069,Sudwest-Fryslan Bolsward (Zone 1069),Sudwest-Fryslan,Friesland,Regio Sudwest-Fryslan,N381,"vrijstaande woningen, kavelbouw en aanbouwen",Snel en krimpvrij gesmeerd met optimale hechting en strakke vlakheid.
zandcement-dekvloer-sudwest-fryslan-workum-zone-1070,Sudwest-Fryslan Workum (Zone 1070),Sudwest-Fryslan,Friesland,Regio Sudwest-Fryslan,A7,"nieuwbouwwijken, gezinswoningen en uitbouwen",Dankzij onze mobiele mengers pompen we kant-en-klare mortel direct naar de juiste laagdikte.
zandcement-dekvloer-sudwest-fryslan-hindeloopen-zone-1071,Sudwest-Fryslan Hindeloopen (Zone 1071),Sudwest-Fryslan,Friesland,Regio Sudwest-Fryslan,A31,"historische panden, herenhuizen en renovaties",Wij adviseren hier onze droogversneller en Duremit vezels voor een snelle oplevering.
zandcement-dekvloer-sudwest-fryslan-ijlst-zone-1072,Sudwest-Fryslan IJlst (Zone 1072),Sudwest-Fryslan,Friesland,Regio Sudwest-Fryslan,A32,"bedrijfspanden, garages en utiliteitsbouw",Onze mixcombinaties verwerken zandcement moeiteloos in smalle straten en op hoogte.
zandcement-dekvloer-sudwest-fryslan-makkum-zone-1073,Sudwest-Fryslan Makkum (Zone 1073),Sudwest-Fryslan,Friesland,Regio Sudwest-Fryslan,N355,"appartementencomplexen, hoogbouw en renovaties",Ideaal te combineren met vloerverwarming of extra verharder voor zware belasting.
zandcement-dekvloer-sudwest-fryslan-wommels-zone-1074,Sudwest-Fryslan Wommels (Zone 1074),Sudwest-Fryslan,Friesland,Regio Sudwest-Fryslan,N381,"vrijstaande woningen, kavelbouw en aanbouwen",Snel en krimpvrij gesmeerd met optimale hechting en strakke vlakheid.
zandcement-dekvloer-sudwest-fryslan-scharnegoutum-zone-1075,Sudwest-Fryslan Scharnegoutum (Zone 1075),Sudwest-Fryslan,Friesland,Regio Sudwest-Fryslan,A7,"nieuwbouwwijken, gezinswoningen en uitbouwen",Dankzij onze mobiele mengers pompen we kant-en-klare mortel direct naar de juiste laagdikte.
zandcement-dekvloer-de-fryske-marren-joure-zone-1076,De Fryske Marren Joure (Zone 1076),De Fryske Marren,Friesland,Regio De Fryske Marren,A31,"historische panden, herenhuizen en renovaties",Wij adviseren hier onze droogversneller en Duremit vezels voor een snelle oplevering.
zandcement-dekvloer-de-fryske-marren-lemmer-zone-1077,De Fryske Marren Lemmer (Zone 1077),De Fryske Marren,Friesland,Regio De Fryske Marren,A32,"bedrijfspanden, garages en utiliteitsbouw",Onze mixcombinaties verwerken zandcement moeiteloos in smalle straten en op hoogte.
zandcement-dekvloer-de-fryske-marren-balk-zone-1078,De Fryske Marren Balk (Zone 1078),De Fryske Marren,Friesland,Regio De Fryske Marren,N355,"appartementencomplexen, hoogbouw en renovaties",Ideaal te combineren met vloerverwarming of extra verharder voor zware belasting.
zandcement-dekvloer-de-fryske-marren-sint-nicolaasga-zone-1079,De Fryske Marren Sint Nicolaasga (Zone 1079),De Fryske Marren,Friesland,Regio De Fryske Marren,N381,"vrijstaande woningen, kavelbouw en aanbouwen",Snel en krimpvrij gesmeerd met optimale hechting en strakke vlakheid.
zandcement-dekvloer-de-fryske-marren-oudehaske-zone-1080,De Fryske Marren Oudehaske (Zone 1080),De Fryske Marren,Friesland,Regio De Fryske Marren,A7,"nieuwbouwwijken, gezinswoningen en uitbouwen",Dankzij onze mobiele mengers pompen we kant-en-klare mortel direct naar de juiste laagdikte.
zandcement-dekvloer-assen-zone-1081,Assen (Zone 1081),Assen,Drenthe,Regio Assen,A37,"historische panden, herenhuizen en renovaties",Wij adviseren hier onze droogversneller en Duremit vezels voor een snelle oplevering.
zandcement-dekvloer-assen-kloosterveen-zone-1082,Assen Kloosterveen (Zone 1082),Assen,Drenthe,Regio Assen,N34,"bedrijfspanden, garages en utiliteitsbouw",Onze mixcombinaties verwerken zandcement moeiteloos in smalle straten en op hoogte.
zandcement-dekvloer-assen-marsdijk-zone-1083,Assen Marsdijk (Zone 1083),Assen,Drenthe,Regio Assen,N33,"appartementencomplexen, hoogbouw en renovaties",Ideaal te combineren met vloerverwarming of extra verharder voor zware belasting.
zandcement-dekvloer-assen-peelo-zone-1084,Assen Peelo (Zone 1084),Assen,Drenthe,Regio Assen,N381,"vrijstaande woningen, kavelbouw en aanbouwen",Snel en krimpvrij gesmeerd met optimale hechting en strakke vlakheid.
zandcement-dekvloer-assen-pittelo-zone-1085,Assen Pittelo (Zone 1085),Assen,Drenthe,Regio Assen,A28,"nieuwbouwwijken, gezinswoningen en uitbouwen",Dankzij onze mobiele mengers pompen we kant-en-klare mortel direct naar de juiste laagdikte.
zandcement-dekvloer-emmen-zone-1086,Emmen (Zone 1086),Emmen,Drenthe,Regio Emmen,A37,"historische panden, herenhuizen en renovaties",Wij adviseren hier onze droogversneller en Duremit vezels voor een snelle oplevering.
zandcement-dekvloer-emmen-bargeres-zone-1087,Emmen Bargeres (Zone 1087),Emmen,Drenthe,Regio Emmen,N34,"bedrijfspanden, garages en utiliteitsbouw",Onze mixcombinaties verwerken zandcement moeiteloos in smalle straten en op hoogte.
zandcement-dekvloer-emmen-emmer-compascuum-zone-1088,Emmen Emmer-Compascuum (Zone 1088),Emmen,Drenthe,Regio Emmen,N33,"appartementencomplexen, hoogbouw en renovaties",Ideaal te combineren met vloerverwarming of extra verharder voor zware belasting.
zandcement-dekvloer-emmen-klazienaveen-zone-1089,Emmen Klazienaveen (Zone 1089),Emmen,Drenthe,Regio Emmen,N381,"vrijstaande woningen, kavelbouw en aanbouwen",Snel en krimpvrij gesmeerd met optimale hechting en strakke vlakheid.
zandcement-dekvloer-emmen-nieuw-amsterdam-zone-1090,Emmen Nieuw-Amsterdam (Zone 1090),Emmen,Drenthe,Regio Emmen,A28,"nieuwbouwwijken, gezinswoningen en uitbouwen",Dankzij onze mobiele mengers pompen we kant-en-klare mortel direct naar de juiste laagdikte.
zandcement-dekvloer-emmen-schoonebeek-zone-1091,Emmen Schoonebeek (Zone 1091),Emmen,Drenthe,Regio Emmen,A37,"historische panden, herenhuizen en renovaties",Wij adviseren hier onze droogversneller en Duremit vezels voor een snelle oplevering.
zandcement-dekvloer-hoogeveen-zone-1092,Hoogeveen (Zone 1092),Hoogeveen,Drenthe,Regio Hoogeveen,N34,"bedrijfspanden, garages en utiliteitsbouw",Onze mixcombinaties verwerken zandcement moeiteloos in smalle straten en op hoogte.
zandcement-dekvloer-hoogeveen-kattendijk-zone-1093,Hoogeveen Kattendijk (Zone 1093),Hoogeveen,Drenthe,Regio Hoogeveen,N33,"appartementencomplexen, hoogbouw en renovaties",Ideaal te combineren met vloerverwarming of extra verharder voor zware belasting.
zandcement-dekvloer-hoogeveen-erflanden-zone-1094,Hoogeveen Erflanden (Zone 1094),Hoogeveen,Drenthe,Regio Hoogeveen,N381,"vrijstaande woningen, kavelbouw en aanbouwen",Snel en krimpvrij gesmeerd met optimale hechting en strakke vlakheid.
zandcement-dekvloer-hoogeveen-hollandscheveld-zone-1095,Hoogeveen Hollandscheveld (Zone 1095),Hoogeveen,Drenthe,Regio Hoogeveen,A28,"nieuwbouwwijken, gezinswoningen en uitbouwen",Dankzij onze mobiele mengers pompen we kant-en-klare mortel direct naar de juiste laagdikte.
zandcement-dekvloer-hoogeveen-elim-zone-1096,Hoogeveen Elim (Zone 1096),Hoogeveen,Drenthe,Regio Hoogeveen,A37,"historische panden, herenhuizen en renovaties",Wij adviseren hier onze droogversneller en Duremit vezels voor een snelle oplevering.
zandcement-dekvloer-hoogeveen-noordscheschut-zone-1097,Hoogeveen Noordscheschut (Zone 1097),Hoogeveen,Drenthe,Regio Hoogeveen,N34,"bedrijfspanden, garages en utiliteitsbouw",Onze mixcombinaties verwerken zandcement moeiteloos in smalle straten en op hoogte.
zandcement-dekvloer-almere-zone-1098,Almere (Zone 1098),Almere,Flevoland,Regio Almere,N305,"appartementencomplexen, hoogbouw en renovaties",Ideaal te combineren met vloerverwarming of extra verharder voor zware belasting.
zandcement-dekvloer-almere-buiten-zone-1099,Almere Buiten (Zone 1099),Almere,Flevoland,Regio Almere,N307,"vrijstaande woningen, kavelbouw en aanbouwen",Snel en krimpvrij gesmeerd met optimale hechting en strakke vlakheid.
zandcement-dekvloer-almere-haven-zone-1100,Almere Haven (Zone 1100),Almere,Flevoland,Regio Almere,A6,"nieuwbouwwijken, gezinswoningen en uitbouwen",Dankzij onze mobiele mengers pompen we kant-en-klare mortel direct naar de juiste laagdikte.
zandcement-dekvloer-almere-poort-zone-1101,Almere Poort (Zone 1101),Almere,Flevoland,Regio Almere,A27,"historische panden, herenhuizen en renovaties",Wij adviseren hier onze droogversneller en Duremit vezels voor een snelle oplevering.
zandcement-dekvloer-almere-hout-zone-1102,Almere Hout (Zone 1102),Almere,Flevoland,Regio Almere,N302,"bedrijfspanden, garages en utiliteitsbouw",Onze mixcombinaties verwerken zandcement moeiteloos in smalle straten en op hoogte.
zandcement-dekvloer-almere-pampus-zone-1103,Almere Pampus (Zone 1103),Almere,Flevoland,Regio Almere,N305,"appartementencomplexen, hoogbouw en renovaties",Ideaal te combineren met vloerverwarming of extra verharder voor zware belasting.
zandcement-dekvloer-almere-nobelhorst-zone-1104,Almere Nobelhorst (Zone 1104),Almere,Flevoland,Regio Almere,N307,"vrijstaande woningen, kavelbouw en aanbouwen",Snel en krimpvrij gesmeerd met optimale hechting en strakke vlakheid.
zandcement-dekvloer-lelystad-zone-1105,Lelystad (Zone 1105),Lelystad,Flevoland,Regio Lelystad,A6,"nieuwbouwwijken, gezinswoningen en uitbouwen",Dankzij onze mobiele mengers pompen we kant-en-klare mortel direct naar de juiste laagdikte.
zandcement-dekvloer-lelystad-waterwijk-zone-1106,Lelystad Waterwijk (Zone 1106),Lelystad,Flevoland,Regio Lelystad,A27,"historische panden, herenhuizen en renovaties",Wij adviseren hier onze droogversneller en Duremit vezels voor een snelle oplevering.
zandcement-dekvloer-lelystad-landerijen-zone-1107,Lelystad Landerijen (Zone 1107),Lelystad,Flevoland,Regio Lelystad,N302,"bedrijfspanden, garages en utiliteitsbouw",Onze mixcombinaties verwerken zandcement moeiteloos in smalle straten en op hoogte.
zandcement-dekvloer-lelystad-warande-zone-1108,Lelystad Warande (Zone 1108),Lelystad,Flevoland,Regio Lelystad,N305,"appartementencomplexen, hoogbouw en renovaties",Ideaal te combineren met vloerverwarming of extra verharder voor zware belasting.
zandcement-dekvloer-lelystad-atolwijk-zone-1109,Lelystad Atolwijk (Zone 1109),Lelystad,Flevoland,Regio Lelystad,N307,"vrijstaande woningen, kavelbouw en aanbouwen",Snel en krimpvrij gesmeerd met optimale hechting en strakke vlakheid.
zandcement-dekvloer-dronten-dronten-stad-zone-1110,Dronten Dronten-stad (Zone 1110),Dronten,Flevoland,Regio Dronten,A6,"nieuwbouwwijken, gezinswoningen en uitbouwen",Dankzij onze mobiele mengers pompen we kant-en-klare mortel direct naar de juiste laagdikte.
zandcement-dekvloer-dronten-biddinghuizen-zone-1111,Dronten Biddinghuizen (Zone 1111),Dronten,Flevoland,Regio Dronten,A27,"historische panden, herenhuizen en renovaties",Wij adviseren hier onze droogversneller en Duremit vezels voor een snelle oplevering.
zandcement-dekvloer-dronten-swifterbant-zone-1112,Dronten Swifterbant (Zone 1112),Dronten,Flevoland,Regio Dronten,N302,"bedrijfspanden, garages en utiliteitsbouw",Onze mixcombinaties verwerken zandcement moeiteloos in smalle straten en op hoogte.
zandcement-dekvloer-middelburg-zone-1113,Middelburg (Zone 1113),Middelburg,Zeeland,Regio Middelburg,N59,"appartementencomplexen, hoogbouw en renovaties",Ideaal te combineren met vloerverwarming of extra verharder voor zware belasting.
zandcement-dekvloer-middelburg-dauwendaele-zone-1114,Middelburg Dauwendaele (Zone 1114),Middelburg,Zeeland,Regio Middelburg,N62,"vrijstaande woningen, kavelbouw en aanbouwen",Snel en krimpvrij gesmeerd met optimale hechting en strakke vlakheid.
zandcement-dekvloer-middelburg-klarenbeek-zone-1115,Middelburg Klarenbeek (Zone 1115),Middelburg,Zeeland,Regio Middelburg,A58,"nieuwbouwwijken, gezinswoningen en uitbouwen",Dankzij onze mobiele mengers pompen we kant-en-klare mortel direct naar de juiste laagdikte.
zandcement-dekvloer-middelburg-sint-laurens-zone-1116,Middelburg Sint Laurens (Zone 1116),Middelburg,Zeeland,Regio Middelburg,N57,"historische panden, herenhuizen en renovaties",Wij adviseren hier onze droogversneller en Duremit vezels voor een snelle oplevering.
zandcement-dekvloer-middelburg-arnemuiden-zone-1117,Middelburg Arnemuiden (Zone 1117),Middelburg,Zeeland,Regio Middelburg,N59,"bedrijfspanden, garages en utiliteitsbouw",Onze mixcombinaties verwerken zandcement moeiteloos in smalle straten en op hoogte.
zandcement-dekvloer-vlissingen-zone-1118,Vlissingen (Zone 1118),Vlissingen,Zeeland,Regio Vlissingen,N62,"appartementencomplexen, hoogbouw en renovaties",Ideaal te combineren met vloerverwarming of extra verharder voor zware belasting.
zandcement-dekvloer-vlissingen-paeauwenburg-zone-1119,Vlissingen Paeauwenburg (Zone 1119),Vlissingen,Zeeland,Regio Vlissingen,A58,"vrijstaande woningen, kavelbouw en aanbouwen",Snel en krimpvrij gesmeerd met optimale hechting en strakke vlakheid.
zandcement-dekvloer-vlissingen-oost-souburg-zone-1120,Vlissingen Oost-Souburg (Zone 1120),Vlissingen,Zeeland,Regio Vlissingen,N57,"nieuwbouwwijken, gezinswoningen en uitbouwen",Dankzij onze mobiele mengers pompen we kant-en-klare mortel direct naar de juiste laagdikte.
zandcement-dekvloer-vlissingen-ritthem-zone-1121,Vlissingen Ritthem (Zone 1121),Vlissingen,Zeeland,Regio Vlissingen,N59,"historische panden, herenhuizen en renovaties",Wij adviseren hier onze droogversneller en Duremit vezels voor een snelle oplevering.
zandcement-dekvloer-goes-zone-1122,Goes (Zone 1122),Goes,Zeeland,Regio Goes,N62,"bedrijfspanden, garages en utiliteitsbouw",Onze mixcombinaties verwerken zandcement moeiteloos in smalle straten en op hoogte.
zandcement-dekvloer-goes-goese-meer-zone-1123,Goes Goese Meer (Zone 1123),Goes,Zeeland,Regio Goes,A58,"appartementencomplexen, hoogbouw en renovaties",Ideaal te combineren met vloerverwarming of extra verharder voor zware belasting.
zandcement-dekvloer-goes-mannee-zone-1124,Goes Mannee (Zone 1124),Goes,Zeeland,Regio Goes,N57,"vrijstaande woningen, kavelbouw en aanbouwen",Snel en krimpvrij gesmeerd met optimale hechting en strakke vlakheid.
zandcement-dekvloer-goes-kloetinge-zone-1125,Goes Kloetinge (Zone 1125),Goes,Zeeland,Regio Goes,N59,"nieuwbouwwijken, gezinswoningen en uitbouwen",Dankzij onze mobiele mengers pompen we kant-en-klare mortel direct naar de juiste laagdikte.
zandcement-dekvloer-goes-wolphaartsdijk-zone-1126,Goes Wolphaartsdijk (Zone 1126),Goes,Zeeland,Regio Goes,N62,"historische panden, herenhuizen en renovaties",Wij adviseren hier onze droogversneller en Duremit vezels voor een snelle oplevering.
zandcement-dekvloer-maastricht-zone-1127,Maastricht (Zone 1127),Maastricht,Limburg,Regio Maastricht,A74,"bedrijfspanden, garages en utiliteitsbouw",Onze mixcombinaties verwerken zandcement moeiteloos in smalle straten en op hoogte.
zandcement-dekvloer-maastricht-wyck-zone-1128,Maastricht Wyck (Zone 1128),Maastricht,Limburg,Regio Maastricht,A76,"appartementencomplexen, hoogbouw en renovaties",Ideaal te combineren met vloerverwarming of extra verharder voor zware belasting.
zandcement-dekvloer-maastricht-ceramique-zone-1129,Maastricht Ceramique (Zone 1129),Maastricht,Limburg,Regio Maastricht,A79,"vrijstaande woningen, kavelbouw en aanbouwen",Snel en krimpvrij gesmeerd met optimale hechting en strakke vlakheid.
zandcement-dekvloer-maastricht-brusselsepoort-zone-1130,Maastricht Brusselsepoort (Zone 1130),Maastricht,Limburg,Regio Maastricht,A2,"nieuwbouwwijken, gezinswoningen en uitbouwen",Dankzij onze mobiele mengers pompen we kant-en-klare mortel direct naar de juiste laagdikte.
zandcement-dekvloer-maastricht-malberg-zone-1131,Maastricht Malberg (Zone 1131),Maastricht,Limburg,Regio Maastricht,A73,"historische panden, herenhuizen en renovaties",Wij adviseren hier onze droogversneller en Duremit vezels voor een snelle oplevering.
zandcement-dekvloer-maastricht-heugem-zone-1132,Maastricht Heugem (Zone 1132),Maastricht,Limburg,Regio Maastricht,A74,"bedrijfspanden, garages en utiliteitsbouw",Onze mixcombinaties verwerken zandcement moeiteloos in smalle straten en op hoogte.
zandcement-dekvloer-maastricht-amby-zone-1133,Maastricht Amby (Zone 1133),Maastricht,Limburg,Regio Maastricht,A76,"appartementencomplexen, hoogbouw en renovaties",Ideaal te combineren met vloerverwarming of extra verharder voor zware belasting.
zandcement-dekvloer-maastricht-wolder-zone-1134,Maastricht Wolder (Zone 1134),Maastricht,Limburg,Regio Maastricht,A79,"vrijstaande woningen, kavelbouw en aanbouwen",Snel en krimpvrij gesmeerd met optimale hechting en strakke vlakheid.
zandcement-dekvloer-venlo-zone-1135,Venlo (Zone 1135),Venlo,Limburg,Regio Venlo,A2,"nieuwbouwwijken, gezinswoningen en uitbouwen",Dankzij onze mobiele mengers pompen we kant-en-klare mortel direct naar de juiste laagdikte.
zandcement-dekvloer-venlo-blerick-zone-1136,Venlo Blerick (Zone 1136),Venlo,Limburg,Regio Venlo,A73,"historische panden, herenhuizen en renovaties",Wij adviseren hier onze droogversneller en Duremit vezels voor een snelle oplevering.
zandcement-dekvloer-venlo-tegelen-zone-1137,Venlo Tegelen (Zone 1137),Venlo,Limburg,Regio Venlo,A74,"bedrijfspanden, garages en utiliteitsbouw",Onze mixcombinaties verwerken zandcement moeiteloos in smalle straten en op hoogte.
zandcement-dekvloer-venlo-belfeld-zone-1138,Venlo Belfeld (Zone 1138),Venlo,Limburg,Regio Venlo,A76,"appartementencomplexen, hoogbouw en renovaties",Ideaal te combineren met vloerverwarming of extra verharder voor zware belasting.
zandcement-dekvloer-venlo-velden-zone-1139,Venlo Velden (Zone 1139),Venlo,Limburg,Regio Venlo,A79,"vrijstaande woningen, kavelbouw en aanbouwen",Snel en krimpvrij gesmeerd met optimale hechting en strakke vlakheid.
zandcement-dekvloer-sittard-geleen-sittard-zone-1140,Sittard-Geleen Sittard (Zone 1140),Sittard-Geleen,Limburg,Regio Sittard-Geleen,A2,"nieuwbouwwijken, gezinswoningen en uitbouwen",Dankzij onze mobiele mengers pompen we kant-en-klare mortel direct naar de juiste laagdikte.
zandcement-dekvloer-sittard-geleen-geleen-zone-1141,Sittard-Geleen Geleen (Zone 1141),Sittard-Geleen,Limburg,Regio Sittard-Geleen,A73,"historische panden, herenhuizen en renovaties",Wij adviseren hier onze droogversneller en Duremit vezels voor een snelle oplevering.
zandcement-dekvloer-sittard-geleen-born-zone-1142,Sittard-Geleen Born (Zone 1142),Sittard-Geleen,Limburg,Regio Sittard-Geleen,A74,"bedrijfspanden, garages en utiliteitsbouw",Onze mixcombinaties verwerken zandcement moeiteloos in smalle straten en op hoogte.
zandcement-dekvloer-sittard-geleen-limbricht-zone-1143,Sittard-Geleen Limbricht (Zone 1143),Sittard-Geleen,Limburg,Regio Sittard-Geleen,A76,"appartementencomplexen, hoogbouw en renovaties",Ideaal te combineren met vloerverwarming of extra verharder voor zware belasting.
zandcement-dekvloer-sittard-geleen-münstergeleen-zone-1144,Sittard-Geleen Münstergeleen (Zone 1144),Sittard-Geleen,Limburg,Regio Sittard-Geleen,A79,"vrijstaande woningen, kavelbouw en aanbouwen",Snel en krimpvrij gesmeerd met optimale hechting en strakke vlakheid.
zandcement-dekvloer-heerlen-zone-1145,Heerlen (Zone 1145),Heerlen,Limburg,Regio Heerlen,A2,"nieuwbouwwijken, gezinswoningen en uitbouwen",Dankzij onze mobiele mengers pompen we kant-en-klare mortel direct naar de juiste laagdikte.
zandcement-dekvloer-heerlen-heerlerheide-zone-1146,Heerlen Heerlerheide (Zone 1146),Heerlen,Limburg,Regio Heerlen,A73,"historische panden, herenhuizen en renovaties",Wij adviseren hier onze droogversneller en Duremit vezels voor een snelle oplevering.
zandcement-dekvloer-heerlen-heerlerbaan-zone-1147,Heerlen Heerlerbaan (Zone 1147),Heerlen,Limburg,Regio Heerlen,A74,"bedrijfspanden, garages en utiliteitsbouw",Onze mixcombinaties verwerken zandcement moeiteloos in smalle straten en op hoogte.
zandcement-dekvloer-heerlen-hoensbroek-zone-1148,Heerlen Hoensbroek (Zone 1148),Heerlen,Limburg,Regio Heerlen,A76,"appartementencomplexen, hoogbouw en renovaties",Ideaal te combineren met vloerverwarming of extra verharder voor zware belasting.
zandcement-dekvloer-amsterdam-zone-1149,Amsterdam (Zone 1149),Amsterdam,Noord-Holland,Regio Amsterdam,A10,"nieuwbouwwijken, gezinswoningen en uitbouwen",Dankzij onze mobiele mengers pompen we kant-en-klare mortel direct naar de juiste laagdikte.
zandcement-dekvloer-amsterdam-zuid-zone-1150,Amsterdam Zuid (Zone 1150),Amsterdam,Noord-Holland,Regio Amsterdam,A9,"historische panden, herenhuizen en renovaties",Wij adviseren hier onze droogversneller en Duremit vezels voor een snelle oplevering.
zandcement-dekvloer-amsterdam-west-zone-1151,Amsterdam West (Zone 1151),Amsterdam,Noord-Holland,Regio Amsterdam,A7,"bedrijfspanden, garages en utiliteitsbouw",Onze mixcombinaties verwerken zandcement moeiteloos in smalle straten en op hoogte.
zandcement-dekvloer-amsterdam-noord-zone-1152,Amsterdam Noord (Zone 1152),Amsterdam,Noord-Holland,Regio Amsterdam,A8,"appartementencomplexen, hoogbouw en renovaties",Ideaal te combineren met vloerverwarming of extra verharder voor zware belasting.
zandcement-dekvloer-amsterdam-oost-zone-1153,Amsterdam Oost (Zone 1153),Amsterdam,Noord-Holland,Regio Amsterdam,N9,"vrijstaande woningen, kavelbouw en aanbouwen",Snel en krimpvrij gesmeerd met optimale hechting en strakke vlakheid.
zandcement-dekvloer-amsterdam-nieuw-west-zone-1154,Amsterdam Nieuw-West (Zone 1154),Amsterdam,Noord-Holland,Regio Amsterdam,N242,"nieuwbouwwijken, gezinswoningen en uitbouwen",Dankzij onze mobiele mengers pompen we kant-en-klare mortel direct naar de juiste laagdikte.
zandcement-dekvloer-amsterdam-zuidoost-zone-1155,Amsterdam Zuidoost (Zone 1155),Amsterdam,Noord-Holland,Regio Amsterdam,N201,"historische panden, herenhuizen en renovaties",Wij adviseren hier onze droogversneller en Duremit vezels voor een snelle oplevering.
zandcement-dekvloer-amsterdam-ijburg-zone-1156,Amsterdam IJburg (Zone 1156),Amsterdam,Noord-Holland,Regio Amsterdam,N247,"bedrijfspanden, garages en utiliteitsbouw",Onze mixcombinaties verwerken zandcement moeiteloos in smalle straten en op hoogte.
zandcement-dekvloer-amsterdam-buitenveldert-zone-1157,Amsterdam Buitenveldert (Zone 1157),Amsterdam,Noord-Holland,Regio Amsterdam,A200,"appartementencomplexen, hoogbouw en renovaties",Ideaal te combineren met vloerverwarming of extra verharder voor zware belasting.
zandcement-dekvloer-amsterdam-osdorp-zone-1158,Amsterdam Osdorp (Zone 1158),Amsterdam,Noord-Holland,Regio Amsterdam,A10,"vrijstaande woningen, kavelbouw en aanbouwen",Snel en krimpvrij gesmeerd met optimale hechting en strakke vlakheid.
zandcement-dekvloer-amsterdam-watergraafsmeer-zone-1159,Amsterdam Watergraafsmeer (Zone 1159),Amsterdam,Noord-Holland,Regio Amsterdam,A9,"nieuwbouwwijken, gezinswoningen en uitbouwen",Dankzij onze mobiele mengers pompen we kant-en-klare mortel direct naar de juiste laagdikte.
zandcement-dekvloer-amsterdam-de-pijp-zone-1160,Amsterdam De Pijp (Zone 1160),Amsterdam,Noord-Holland,Regio Amsterdam,A7,"historische panden, herenhuizen en renovaties",Wij adviseren hier onze droogversneller en Duremit vezels voor een snelle oplevering.
zandcement-dekvloer-amsterdam-jordaan-zone-1161,Amsterdam Jordaan (Zone 1161),Amsterdam,Noord-Holland,Regio Amsterdam,A8,"bedrijfspanden, garages en utiliteitsbouw",Onze mixcombinaties verwerken zandcement moeiteloos in smalle straten en op hoogte.
zandcement-dekvloer-amsterdam-slotervaart-zone-1162,Amsterdam Slotervaart (Zone 1162),Amsterdam,Noord-Holland,Regio Amsterdam,N9,"appartementencomplexen, hoogbouw en renovaties",Ideaal te combineren met vloerverwarming of extra verharder voor zware belasting.
zandcement-dekvloer-amsterdam-geuzenveld-zone-1163,Amsterdam Geuzenveld (Zone 1163),Amsterdam,Noord-Holland,Regio Amsterdam,N242,"vrijstaande woningen, kavelbouw en aanbouwen",Snel en krimpvrij gesmeerd met optimale hechting en strakke vlakheid.
zandcement-dekvloer-amsterdam-indische-buurt-zone-1164,Amsterdam Indische Buurt (Zone 1164),Amsterdam,Noord-Holland,Regio Amsterdam,N201,"nieuwbouwwijken, gezinswoningen en uitbouwen",Dankzij onze mobiele mengers pompen we kant-en-klare mortel direct naar de juiste laagdikte.
zandcement-dekvloer-haarlem-zone-1165,Haarlem (Zone 1165),Haarlem,Noord-Holland,Regio Haarlem,N247,"historische panden, herenhuizen en renovaties",Wij adviseren hier onze droogversneller en Duremit vezels voor een snelle oplevering.
zandcement-dekvloer-haarlem-noord-zone-1166,Haarlem Noord (Zone 1166),Haarlem,Noord-Holland,Regio Haarlem,A200,"bedrijfspanden, garages en utiliteitsbouw",Onze mixcombinaties verwerken zandcement moeiteloos in smalle straten en op hoogte.
zandcement-dekvloer-haarlem-schalkwijk-zone-1167,Haarlem Schalkwijk (Zone 1167),Haarlem,Noord-Holland,Regio Haarlem,A10,"appartementencomplexen, hoogbouw en renovaties",Ideaal te combineren met vloerverwarming of extra verharder voor zware belasting.
zandcement-dekvloer-haarlem-zijlwegkwartier-zone-1168,Haarlem Zijlwegkwartier (Zone 1168),Haarlem,Noord-Holland,Regio Haarlem,A9,"vrijstaande woningen, kavelbouw en aanbouwen",Snel en krimpvrij gesmeerd met optimale hechting en strakke vlakheid.
zandcement-dekvloer-haarlem-waarderpolder-zone-1169,Haarlem Waarderpolder (Zone 1169),Haarlem,Noord-Holland,Regio Haarlem,A7,"nieuwbouwwijken, gezinswoningen en uitbouwen",Dankzij onze mobiele mengers pompen we kant-en-klare mortel direct naar de juiste laagdikte.
zandcement-dekvloer-haarlem-bloemendaal-grens-zone-1170,Haarlem Bloemendaal-grens (Zone 1170),Haarlem,Noord-Holland,Regio Haarlem,A8,"historische panden, herenhuizen en renovaties",Wij adviseren hier onze droogversneller en Duremit vezels voor een snelle oplevering.
zandcement-dekvloer-haarlem-oude-amsterdamsebuurt-zone-1171,Haarlem Oude Amsterdamsebuurt (Zone 1171),Haarlem,Noord-Holland,Regio Haarlem,N9,"bedrijfspanden, garages en utiliteitsbouw",Onze mixcombinaties verwerken zandcement moeiteloos in smalle straten en op hoogte.
zandcement-dekvloer-haarlem-kleverpark-zone-1172,Haarlem Kleverpark (Zone 1172),Haarlem,Noord-Holland,Regio Haarlem,N242,"appartementencomplexen, hoogbouw en renovaties",Ideaal te combineren met vloerverwarming of extra verharder voor zware belasting.
zandcement-dekvloer-zaanstad-zaandam-zone-1173,Zaanstad Zaandam (Zone 1173),Zaanstad,Noord-Holland,Regio Zaanstad,N201,"vrijstaande woningen, kavelbouw en aanbouwen",Snel en krimpvrij gesmeerd met optimale hechting en strakke vlakheid.
zandcement-dekvloer-zaanstad-zaandijk-zone-1174,Zaanstad Zaandijk (Zone 1174),Zaanstad,Noord-Holland,Regio Zaanstad,N247,"nieuwbouwwijken, gezinswoningen en uitbouwen",Dankzij onze mobiele mengers pompen we kant-en-klare mortel direct naar de juiste laagdikte.
zandcement-dekvloer-zaanstad-krommenie-zone-1175,Zaanstad Krommenie (Zone 1175),Zaanstad,Noord-Holland,Regio Zaanstad,A200,"historische panden, herenhuizen en renovaties",Wij adviseren hier onze droogversneller en Duremit vezels voor een snelle oplevering.
zandcement-dekvloer-zaanstad-wormerveer-zone-1176,Zaanstad Wormerveer (Zone 1176),Zaanstad,Noord-Holland,Regio Zaanstad,A10,"bedrijfspanden, garages en utiliteitsbouw",Onze mixcombinaties verwerken zandcement moeiteloos in smalle straten en op hoogte.
zandcement-dekvloer-zaanstad-assendelft-zone-1177,Zaanstad Assendelft (Zone 1177),Zaanstad,Noord-Holland,Regio Zaanstad,A9,"appartementencomplexen, hoogbouw en renovaties",Ideaal te combineren met vloerverwarming of extra verharder voor zware belasting.
zandcement-dekvloer-zaanstad-koog-aan-de-zaan-zone-1178,Zaanstad Koog aan de Zaan (Zone 1178),Zaanstad,Noord-Holland,Regio Zaanstad,A7,"vrijstaande woningen, kavelbouw en aanbouwen",Snel en krimpvrij gesmeerd met optimale hechting en strakke vlakheid.
zandcement-dekvloer-zaanstad-westzaan-zone-1179,Zaanstad Westzaan (Zone 1179),Zaanstad,Noord-Holland,Regio Zaanstad,A8,"nieuwbouwwijken, gezinswoningen en uitbouwen",Dankzij onze mobiele mengers pompen we kant-en-klare mortel direct naar de juiste laagdikte.
zandcement-dekvloer-zaanstad-oostzaan-zone-1180,Zaanstad Oostzaan (Zone 1180),Zaanstad,Noord-Holland,Regio Zaanstad,N9,"historische panden, herenhuizen en renovaties",Wij adviseren hier onze droogversneller en Duremit vezels voor een snelle oplevering.
zandcement-dekvloer-haarlemmermeer-hoofddorp-zone-1181,Haarlemmermeer Hoofddorp (Zone 1181),Haarlemmermeer,Noord-Holland,Regio Haarlemmermeer,N242,"bedrijfspanden, garages en utiliteitsbouw",Onze mixcombinaties verwerken zandcement moeiteloos in smalle straten en op hoogte.
zandcement-dekvloer-haarlemmermeer-nieuw-vennep-zone-1182,Haarlemmermeer Nieuw-Vennep (Zone 1182),Haarlemmermeer,Noord-Holland,Regio Haarlemmermeer,N201,"appartementencomplexen, hoogbouw en renovaties",Ideaal te combineren met vloerverwarming of extra verharder voor zware belasting.
zandcement-dekvloer-haarlemmermeer-badhoevedorp-zone-1183,Haarlemmermeer Badhoevedorp (Zone 1183),Haarlemmermeer,Noord-Holland,Regio Haarlemmermeer,N247,"vrijstaande woningen, kavelbouw en aanbouwen",Snel en krimpvrij gesmeerd met optimale hechting en strakke vlakheid.
zandcement-dekvloer-haarlemmermeer-zwanenburg-zone-1184,Haarlemmermeer Zwanenburg (Zone 1184),Haarlemmermeer,Noord-Holland,Regio Haarlemmermeer,A200,"nieuwbouwwijken, gezinswoningen en uitbouwen",Dankzij onze mobiele mengers pompen we kant-en-klare mortel direct naar de juiste laagdikte.
zandcement-dekvloer-haarlemmermeer-vijfhuizen-zone-1185,Haarlemmermeer Vijfhuizen (Zone 1185),Haarlemmermeer,Noord-Holland,Regio Haarlemmermeer,A10,"historische panden, herenhuizen en renovaties",Wij adviseren hier onze droogversneller en Duremit vezels voor een snelle oplevering.
zandcement-dekvloer-haarlemmermeer-rijsenhout-zone-1186,Haarlemmermeer Rijsenhout (Zone 1186),Haarlemmermeer,Noord-Holland,Regio Haarlemmermeer,A9,"bedrijfspanden, garages en utiliteitsbouw",Onze mixcombinaties verwerken zandcement moeiteloos in smalle straten en op hoogte.
zandcement-dekvloer-haarlemmermeer-abbenes-zone-1187,Haarlemmermeer Abbenes (Zone 1187),Haarlemmermeer,Noord-Holland,Regio Haarlemmermeer,A7,"appartementencomplexen, hoogbouw en renovaties",Ideaal te combineren met vloerverwarming of extra verharder voor zware belasting.
zandcement-dekvloer-haarlemmermeer-lisserbroek-zone-1188,Haarlemmermeer Lisserbroek (Zone 1188),Haarlemmermeer,Noord-Holland,Regio Haarlemmermeer,A8,"vrijstaande woningen, kavelbouw en aanbouwen",Snel en krimpvrij gesmeerd met optimale hechting en strakke vlakheid.
zandcement-dekvloer-alkmaar-zone-1189,Alkmaar (Zone 1189),Alkmaar,Noord-Holland,Regio Alkmaar,N9,"nieuwbouwwijken, gezinswoningen en uitbouwen",Dankzij onze mobiele mengers pompen we kant-en-klare mortel direct naar de juiste laagdikte.
zandcement-dekvloer-alkmaar-overdie-zone-1190,Alkmaar Overdie (Zone 1190),Alkmaar,Noord-Holland,Regio Alkmaar,N242,"historische panden, herenhuizen en renovaties",Wij adviseren hier onze droogversneller en Duremit vezels voor een snelle oplevering.
zandcement-dekvloer-alkmaar-huiswaard-zone-1191,Alkmaar Huiswaard (Zone 1191),Alkmaar,Noord-Holland,Regio Alkmaar,N201,"bedrijfspanden, garages en utiliteitsbouw",Onze mixcombinaties verwerken zandcement moeiteloos in smalle straten en op hoogte.
zandcement-dekvloer-alkmaar-daalmeer-zone-1192,Alkmaar Daalmeer (Zone 1192),Alkmaar,Noord-Holland,Regio Alkmaar,N247,"appartementencomplexen, hoogbouw en renovaties",Ideaal te combineren met vloerverwarming of extra verharder voor zware belasting.
zandcement-dekvloer-alkmaar-de-mare-zone-1193,Alkmaar De Mare (Zone 1193),Alkmaar,Noord-Holland,Regio Alkmaar,A200,"vrijstaande woningen, kavelbouw en aanbouwen",Snel en krimpvrij gesmeerd met optimale hechting en strakke vlakheid.
zandcement-dekvloer-alkmaar-oudorp-zone-1194,Alkmaar Oudorp (Zone 1194),Alkmaar,Noord-Holland,Regio Alkmaar,A10,"nieuwbouwwijken, gezinswoningen en uitbouwen",Dankzij onze mobiele mengers pompen we kant-en-klare mortel direct naar de juiste laagdikte.
zandcement-dekvloer-alkmaar-koedijk-zone-1195,Alkmaar Koedijk (Zone 1195),Alkmaar,Noord-Holland,Regio Alkmaar,A9,"historische panden, herenhuizen en renovaties",Wij adviseren hier onze droogversneller en Duremit vezels voor een snelle oplevering.
zandcement-dekvloer-alkmaar-bergermeer-zone-1196,Alkmaar Bergermeer (Zone 1196),Alkmaar,Noord-Holland,Regio Alkmaar,A7,"bedrijfspanden, garages en utiliteitsbouw",Onze mixcombinaties verwerken zandcement moeiteloos in smalle straten en op hoogte.
zandcement-dekvloer-den-helder-zone-1197,Den Helder (Zone 1197),Den Helder,Noord-Holland,Regio Den Helder,A8,"appartementencomplexen, hoogbouw en renovaties",Ideaal te combineren met vloerverwarming of extra verharder voor zware belasting.
zandcement-dekvloer-den-helder-julianadorp-zone-1198,Den Helder Julianadorp (Zone 1198),Den Helder,Noord-Holland,Regio Den Helder,N9,"vrijstaande woningen, kavelbouw en aanbouwen",Snel en krimpvrij gesmeerd met optimale hechting en strakke vlakheid.
zandcement-dekvloer-den-helder-de-schooten-zone-1199,Den Helder De Schooten (Zone 1199),Den Helder,Noord-Holland,Regio Den Helder,N242,"nieuwbouwwijken, gezinswoningen en uitbouwen",Dankzij onze mobiele mengers pompen we kant-en-klare mortel direct naar de juiste laagdikte.
zandcement-dekvloer-den-helder-nieuw-den-helder-zone-1200,Den Helder Nieuw-Den Helder (Zone 1200),Den Helder,Noord-Holland,Regio Den Helder,N201,"historische panden, herenhuizen en renovaties",Wij adviseren hier onze droogversneller en Duremit vezels voor een snelle oplevering.
zandcement-dekvloer-den-helder-huisduinen-zone-1201,Den Helder Huisduinen (Zone 1201),Den Helder,Noord-Holland,Regio Den Helder,N247,"bedrijfspanden, garages en utiliteitsbouw",Onze mixcombinaties verwerken zandcement moeiteloos in smalle straten en op hoogte.
zandcement-dekvloer-den-helder-falga-zone-1202,Den Helder Falga (Zone 1202),Den Helder,Noord-Holland,Regio Den Helder,A200,"appartementencomplexen, hoogbouw en renovaties",Ideaal te combineren met vloerverwarming of extra verharder voor zware belasting.
zandcement-dekvloer-purmerend-zone-1203,Purmerend (Zone 1203),Purmerend,Noord-Holland,Regio Purmerend,A10,"vrijstaande woningen, kavelbouw en aanbouwen",Snel en krimpvrij gesmeerd met optimale hechting en strakke vlakheid.
zandcement-dekvloer-purmerend-overwhere-zone-1204,Purmerend Overwhere (Zone 1204),Purmerend,Noord-Holland,Regio Purmerend,A9,"nieuwbouwwijken, gezinswoningen en uitbouwen",Dankzij onze mobiele mengers pompen we kant-en-klare mortel direct naar de juiste laagdikte.
zandcement-dekvloer-purmerend-weidevenne-zone-1205,Purmerend Weidevenne (Zone 1205),Purmerend,Noord-Holland,Regio Purmerend,A7,"historische panden, herenhuizen en renovaties",Wij adviseren hier onze droogversneller en Duremit vezels voor een snelle oplevering.
zandcement-dekvloer-purmerend-purmer-noord-zone-1206,Purmerend Purmer-Noord (Zone 1206),Purmerend,Noord-Holland,Regio Purmerend,A8,"bedrijfspanden, garages en utiliteitsbouw",Onze mixcombinaties verwerken zandcement moeiteloos in smalle straten en op hoogte.
zandcement-dekvloer-purmerend-purmer-zuid-zone-1207,Purmerend Purmer-Zuid (Zone 1207),Purmerend,Noord-Holland,Regio Purmerend,N9,"appartementencomplexen, hoogbouw en renovaties",Ideaal te combineren met vloerverwarming of extra verharder voor zware belasting.
zandcement-dekvloer-purmerend-gors-zone-1208,Purmerend Gors (Zone 1208),Purmerend,Noord-Holland,Regio Purmerend,N242,"vrijstaande woningen, kavelbouw en aanbouwen",Snel en krimpvrij gesmeerd met optimale hechting en strakke vlakheid.
zandcement-dekvloer-purmerend-wheermolen-zone-1209,Purmerend Wheermolen (Zone 1209),Purmerend,Noord-Holland,Regio Purmerend,N201,"nieuwbouwwijken, gezinswoningen en uitbouwen",Dankzij onze mobiele mengers pompen we kant-en-klare mortel direct naar de juiste laagdikte.
zandcement-dekvloer-hilversum-zone-1210,Hilversum (Zone 1210),Hilversum,Noord-Holland,Regio Hilversum,N247,"historische panden, herenhuizen en renovaties",Wij adviseren hier onze droogversneller en Duremit vezels voor een snelle oplevering.
zandcement-dekvloer-hilversum-kerkelanden-zone-1211,Hilversum Kerkelanden (Zone 1211),Hilversum,Noord-Holland,Regio Hilversum,A200,"bedrijfspanden, garages en utiliteitsbouw",Onze mixcombinaties verwerken zandcement moeiteloos in smalle straten en op hoogte.
zandcement-dekvloer-hilversum-hilversumse-meent-zone-1212,Hilversum Hilversumse Meent (Zone 1212),Hilversum,Noord-Holland,Regio Hilversum,A10,"appartementencomplexen, hoogbouw en renovaties",Ideaal te combineren met vloerverwarming of extra verharder voor zware belasting.
zandcement-dekvloer-hilversum-riebeeckkwartier-zone-1213,Hilversum Riebeeckkwartier (Zone 1213),Hilversum,Noord-Holland,Regio Hilversum,A9,"vrijstaande woningen, kavelbouw en aanbouwen",Snel en krimpvrij gesmeerd met optimale hechting en strakke vlakheid.
zandcement-dekvloer-hilversum-oost-zone-1214,Hilversum Oost (Zone 1214),Hilversum,Noord-Holland,Regio Hilversum,A7,"nieuwbouwwijken, gezinswoningen en uitbouwen",Dankzij onze mobiele mengers pompen we kant-en-klare mortel direct naar de juiste laagdikte.
zandcement-dekvloer-hilversum-seinstraat-zone-1215,Hilversum Seinstraat (Zone 1215),Hilversum,Noord-Holland,Regio Hilversum,A8,"historische panden, herenhuizen en renovaties",Wij adviseren hier onze droogversneller en Duremit vezels voor een snelle oplevering.
zandcement-dekvloer-amstelveen-stadshart-zone-1216,Amstelveen Stadshart (Zone 1216),Amstelveen,Noord-Holland,Regio Amstelveen,N9,"bedrijfspanden, garages en utiliteitsbouw",Onze mixcombinaties verwerken zandcement moeiteloos in smalle straten en op hoogte.
zandcement-dekvloer-amstelveen-westwijk-zone-1217,Amstelveen Westwijk (Zone 1217),Amstelveen,Noord-Holland,Regio Amstelveen,N242,"appartementencomplexen, hoogbouw en renovaties",Ideaal te combineren met vloerverwarming of extra verharder voor zware belasting.
zandcement-dekvloer-amstelveen-bovenkerk-zone-1218,Amstelveen Bovenkerk (Zone 1218),Amstelveen,Noord-Holland,Regio Amstelveen,N201,"vrijstaande woningen, kavelbouw en aanbouwen",Snel en krimpvrij gesmeerd met optimale hechting en strakke vlakheid.
zandcement-dekvloer-amstelveen-randwijck-zone-1219,Amstelveen Randwijck (Zone 1219),Amstelveen,Noord-Holland,Regio Amstelveen,N247,"nieuwbouwwijken, gezinswoningen en uitbouwen",Dankzij onze mobiele mengers pompen we kant-en-klare mortel direct naar de juiste laagdikte.
zandcement-dekvloer-amstelveen-bankras-zone-1220,Amstelveen Bankras (Zone 1220),Amstelveen,Noord-Holland,Regio Amstelveen,A200,"historische panden, herenhuizen en renovaties",Wij adviseren hier onze droogversneller en Duremit vezels voor een snelle oplevering.
zandcement-dekvloer-amstelveen-elsrijk-zone-1221,Amstelveen Elsrijk (Zone 1221),Amstelveen,Noord-Holland,Regio Amstelveen,A10,"bedrijfspanden, garages en utiliteitsbouw",Onze mixcombinaties verwerken zandcement moeiteloos in smalle straten en op hoogte.
zandcement-dekvloer-hoorn-zone-1222,Hoorn (Zone 1222),Hoorn,Noord-Holland,Regio Hoorn,A9,"appartementencomplexen, hoogbouw en renovaties",Ideaal te combineren met vloerverwarming of extra verharder voor zware belasting.
zandcement-dekvloer-hoorn-risdam-zone-1223,Hoorn Risdam (Zone 1223),Hoorn,Noord-Holland,Regio Hoorn,A7,"vrijstaande woningen, kavelbouw en aanbouwen",Snel en krimpvrij gesmeerd met optimale hechting en strakke vlakheid.
zandcement-dekvloer-hoorn-kersenboogerd-zone-1224,Hoorn Kersenboogerd (Zone 1224),Hoorn,Noord-Holland,Regio Hoorn,A8,"nieuwbouwwijken, gezinswoningen en uitbouwen",Dankzij onze mobiele mengers pompen we kant-en-klare mortel direct naar de juiste laagdikte.
zandcement-dekvloer-hoorn-zwaag-zone-1225,Hoorn Zwaag (Zone 1225),Hoorn,Noord-Holland,Regio Hoorn,N9,"historische panden, herenhuizen en renovaties",Wij adviseren hier onze droogversneller en Duremit vezels voor een snelle oplevering.
zandcement-dekvloer-hoorn-blokker-zone-1226,Hoorn Blokker (Zone 1226),Hoorn,Noord-Holland,Regio Hoorn,N242,"bedrijfspanden, garages en utiliteitsbouw",Onze mixcombinaties verwerken zandcement moeiteloos in smalle straten en op hoogte.
zandcement-dekvloer-hoorn-grote-waal-zone-1227,Hoorn Grote Waal (Zone 1227),Hoorn,Noord-Holland,Regio Hoorn,N201,"appartementencomplexen, hoogbouw en renovaties",Ideaal te combineren met vloerverwarming of extra verharder voor zware belasting.
zandcement-dekvloer-heerhugowaard-zone-1228,Heerhugowaard (Zone 1228),Heerhugowaard,Noord-Holland,Regio Heerhugowaard,N247,"vrijstaande woningen, kavelbouw en aanbouwen",Snel en krimpvrij gesmeerd met optimale hechting en strakke vlakheid.
zandcement-dekvloer-heerhugowaard-de-noord-zone-1229,Heerhugowaard De Noord (Zone 1229),Heerhugowaard,Noord-Holland,Regio Heerhugowaard,A200,"nieuwbouwwijken, gezinswoningen en uitbouwen",Dankzij onze mobiele mengers pompen we kant-en-klare mortel direct naar de juiste laagdikte.
zandcement-dekvloer-heerhugowaard-butterhuizen-zone-1230,Heerhugowaard Butterhuizen (Zone 1230),Heerhugowaard,Noord-Holland,Regio Heerhugowaard,A10,"historische panden, herenhuizen en renovaties",Wij adviseren hier onze droogversneller en Duremit vezels voor een snelle oplevering.
zandcement-dekvloer-heerhugowaard-stad-van-de-zon-zone-1231,Heerhugowaard Stad van de Zon (Zone 1231),Heerhugowaard,Noord-Holland,Regio Heerhugowaard,A9,"bedrijfspanden, garages en utiliteitsbouw",Onze mixcombinaties verwerken zandcement moeiteloos in smalle straten en op hoogte.
zandcement-dekvloer-heerhugowaard-reigersdaal-zone-1232,Heerhugowaard Reigersdaal (Zone 1232),Heerhugowaard,Noord-Holland,Regio Heerhugowaard,A7,"appartementencomplexen, hoogbouw en renovaties",Ideaal te combineren met vloerverwarming of extra verharder voor zware belasting.
zandcement-dekvloer-heerhugowaard-oostertocht-zone-1233,Heerhugowaard Oostertocht (Zone 1233),Heerhugowaard,Noord-Holland,Regio Heerhugowaard,A8,"vrijstaande woningen, kavelbouw en aanbouwen",Snel en krimpvrij gesmeerd met optimale hechting en strakke vlakheid.
zandcement-dekvloer-schagen-schagen-stad-zone-1234,Schagen Schagen-stad (Zone 1234),Schagen,Noord-Holland,Regio Schagen,N9,"nieuwbouwwijken, gezinswoningen en uitbouwen",Dankzij onze mobiele mengers pompen we kant-en-klare mortel direct naar de juiste laagdikte.
zandcement-dekvloer-schagen-tuitjenhorn-zone-1235,Schagen Tuitjenhorn (Zone 1235),Schagen,Noord-Holland,Regio Schagen,N242,"historische panden, herenhuizen en renovaties",Wij adviseren hier onze droogversneller en Duremit vezels voor een snelle oplevering.
zandcement-dekvloer-schagen-warmenhuizen-zone-1236,Schagen Warmenhuizen (Zone 1236),Schagen,Noord-Holland,Regio Schagen,N201,"bedrijfspanden, garages en utiliteitsbouw",Onze mixcombinaties verwerken zandcement moeiteloos in smalle straten en op hoogte.
zandcement-dekvloer-schagen-dirkshorn-zone-1237,Schagen Dirkshorn (Zone 1237),Schagen,Noord-Holland,Regio Schagen,N247,"appartementencomplexen, hoogbouw en renovaties",Ideaal te combineren met vloerverwarming of extra verharder voor zware belasting.
zandcement-dekvloer-schagen-callantsoog-zone-1238,Schagen Callantsoog (Zone 1238),Schagen,Noord-Holland,Regio Schagen,A200,"vrijstaande woningen, kavelbouw en aanbouwen",Snel en krimpvrij gesmeerd met optimale hechting en strakke vlakheid.
zandcement-dekvloer-schagen-petten-zone-1239,Schagen Petten (Zone 1239),Schagen,Noord-Holland,Regio Schagen,A10,"nieuwbouwwijken, gezinswoningen en uitbouwen",Dankzij onze mobiele mengers pompen we kant-en-klare mortel direct naar de juiste laagdikte.
zandcement-dekvloer-schagen-waarland-zone-1240,Schagen Waarland (Zone 1240),Schagen,Noord-Holland,Regio Schagen,A9,"historische panden, herenhuizen en renovaties",Wij adviseren hier onze droogversneller en Duremit vezels voor een snelle oplevering.
zandcement-dekvloer-schagen-burgerbrug-zone-1241,Schagen Burgerbrug (Zone 1241),Schagen,Noord-Holland,Regio Schagen,A7,"bedrijfspanden, garages en utiliteitsbouw",Onze mixcombinaties verwerken zandcement moeiteloos in smalle straten en op hoogte.
zandcement-dekvloer-schagen-sint-maarten-zone-1242,Schagen Sint Maarten (Zone 1242),Schagen,Noord-Holland,Regio Schagen,A8,"appartementencomplexen, hoogbouw en renovaties",Ideaal te combineren met vloerverwarming of extra verharder voor zware belasting.
zandcement-dekvloer-schagen-sint-maartensbrug-zone-1243,Schagen Sint Maartensbrug (Zone 1243),Schagen,Noord-Holland,Regio Schagen,N9,"vrijstaande woningen, kavelbouw en aanbouwen",Snel en krimpvrij gesmeerd met optimale hechting en strakke vlakheid.
zandcement-dekvloer-schagen-schagerbrug-zone-1244,Schagen Schagerbrug (Zone 1244),Schagen,Noord-Holland,Regio Schagen,N242,"nieuwbouwwijken, gezinswoningen en uitbouwen",Dankzij onze mobiele mengers pompen we kant-en-klare mortel direct naar de juiste laagdikte.
zandcement-dekvloer-medemblik-medemblik-stad-zone-1245,Medemblik Medemblik-stad (Zone 1245),Medemblik,Noord-Holland,Regio Medemblik,N201,"historische panden, herenhuizen en renovaties",Wij adviseren hier onze droogversneller en Duremit vezels voor een snelle oplevering.
zandcement-dekvloer-medemblik-wervershoof-zone-1246,Medemblik Wervershoof (Zone 1246),Medemblik,Noord-Holland,Regio Medemblik,N247,"bedrijfspanden, garages en utiliteitsbouw",Onze mixcombinaties verwerken zandcement moeiteloos in smalle straten en op hoogte.
zandcement-dekvloer-medemblik-andijk-zone-1247,Medemblik Andijk (Zone 1247),Medemblik,Noord-Holland,Regio Medemblik,A200,"appartementencomplexen, hoogbouw en renovaties",Ideaal te combineren met vloerverwarming of extra verharder voor zware belasting.
zandcement-dekvloer-medemblik-wognum-zone-1248,Medemblik Wognum (Zone 1248),Medemblik,Noord-Holland,Regio Medemblik,A10,"vrijstaande woningen, kavelbouw en aanbouwen",Snel en krimpvrij gesmeerd met optimale hechting en strakke vlakheid.
zandcement-dekvloer-medemblik-midwoud-zone-1249,Medemblik Midwoud (Zone 1249),Medemblik,Noord-Holland,Regio Medemblik,A9,"nieuwbouwwijken, gezinswoningen en uitbouwen",Dankzij onze mobiele mengers pompen we kant-en-klare mortel direct naar de juiste laagdikte.
zandcement-dekvloer-medemblik-twisk-zone-1250,Medemblik Twisk (Zone 1250),Medemblik,Noord-Holland,Regio Medemblik,A7,"historische panden, herenhuizen en renovaties",Wij adviseren hier onze droogversneller en Duremit vezels voor een snelle oplevering.
zandcement-dekvloer-medemblik-abbekerk-zone-1251,Medemblik Abbekerk (Zone 1251),Medemblik,Noord-Holland,Regio Medemblik,A8,"bedrijfspanden, garages en utiliteitsbouw",Onze mixcombinaties verwerken zandcement moeiteloos in smalle straten en op hoogte.
zandcement-dekvloer-medemblik-nibbixwoud-zone-1252,Medemblik Nibbixwoud (Zone 1252),Medemblik,Noord-Holland,Regio Medemblik,N9,"appartementencomplexen, hoogbouw en renovaties",Ideaal te combineren met vloerverwarming of extra verharder voor zware belasting.
zandcement-dekvloer-medemblik-sijbekarspel-zone-1253,Medemblik Sijbekarspel (Zone 1253),Medemblik,Noord-Holland,Regio Medemblik,N242,"vrijstaande woningen, kavelbouw en aanbouwen",Snel en krimpvrij gesmeerd met optimale hechting en strakke vlakheid.
zandcement-dekvloer-enkhuizen-zone-1254,Enkhuizen (Zone 1254),Enkhuizen,Noord-Holland,Regio Enkhuizen,N201,"nieuwbouwwijken, gezinswoningen en uitbouwen",Dankzij onze mobiele mengers pompen we kant-en-klare mortel direct naar de juiste laagdikte.
zandcement-dekvloer-enkhuizen-oosterweeghje-zone-1255,Enkhuizen Oosterweeghje (Zone 1255),Enkhuizen,Noord-Holland,Regio Enkhuizen,N247,"historische panden, herenhuizen en renovaties",Wij adviseren hier onze droogversneller en Duremit vezels voor een snelle oplevering.
zandcement-dekvloer-enkhuizen-gommerwijk-zone-1256,Enkhuizen Gommerwijk (Zone 1256),Enkhuizen,Noord-Holland,Regio Enkhuizen,A200,"bedrijfspanden, garages en utiliteitsbouw",Onze mixcombinaties verwerken zandcement moeiteloos in smalle straten en op hoogte.
zandcement-dekvloer-enkhuizen-kadijken-zone-1257,Enkhuizen Kadijken (Zone 1257),Enkhuizen,Noord-Holland,Regio Enkhuizen,A10,"appartementencomplexen, hoogbouw en renovaties",Ideaal te combineren met vloerverwarming of extra verharder voor zware belasting.
zandcement-dekvloer-edam-volendam-volendam-zone-1258,Edam-Volendam Volendam (Zone 1258),Edam-Volendam,Noord-Holland,Regio Edam-Volendam,A9,"vrijstaande woningen, kavelbouw en aanbouwen",Snel en krimpvrij gesmeerd met optimale hechting en strakke vlakheid.
zandcement-dekvloer-edam-volendam-edam-zone-1259,Edam-Volendam Edam (Zone 1259),Edam-Volendam,Noord-Holland,Regio Edam-Volendam,A7,"nieuwbouwwijken, gezinswoningen en uitbouwen",Dankzij onze mobiele mengers pompen we kant-en-klare mortel direct naar de juiste laagdikte.
zandcement-dekvloer-edam-volendam-oosthuizen-zone-1260,Edam-Volendam Oosthuizen (Zone 1260),Edam-Volendam,Noord-Holland,Regio Edam-Volendam,A8,"historische panden, herenhuizen en renovaties",Wij adviseren hier onze droogversneller en Duremit vezels voor een snelle oplevering.
zandcement-dekvloer-edam-volendam-middellie-zone-1261,Edam-Volendam Middellie (Zone 1261),Edam-Volendam,Noord-Holland,Regio Edam-Volendam,N9,"bedrijfspanden, garages en utiliteitsbouw",Onze mixcombinaties verwerken zandcement moeiteloos in smalle straten en op hoogte.
zandcement-dekvloer-edam-volendam-beets-zone-1262,Edam-Volendam Beets (Zone 1262),Edam-Volendam,Noord-Holland,Regio Edam-Volendam,N242,"appartementencomplexen, hoogbouw en renovaties",Ideaal te combineren met vloerverwarming of extra verharder voor zware belasting.
zandcement-dekvloer-edam-volendam-kwadijk-zone-1263,Edam-Volendam Kwadijk (Zone 1263),Edam-Volendam,Noord-Holland,Regio Edam-Volendam,N201,"vrijstaande woningen, kavelbouw en aanbouwen",Snel en krimpvrij gesmeerd met optimale hechting en strakke vlakheid.
zandcement-dekvloer-waterland-monnickendam-zone-1264,Waterland Monnickendam (Zone 1264),Waterland,Noord-Holland,Regio Waterland,N247,"nieuwbouwwijken, gezinswoningen en uitbouwen",Dankzij onze mobiele mengers pompen we kant-en-klare mortel direct naar de juiste laagdikte.
zandcement-dekvloer-waterland-marken-zone-1265,Waterland Marken (Zone 1265),Waterland,Noord-Holland,Regio Waterland,A200,"historische panden, herenhuizen en renovaties",Wij adviseren hier onze droogversneller en Duremit vezels voor een snelle oplevering.
zandcement-dekvloer-waterland-broek-in-waterland-zone-1266,Waterland Broek in Waterland (Zone 1266),Waterland,Noord-Holland,Regio Waterland,A10,"bedrijfspanden, garages en utiliteitsbouw",Onze mixcombinaties verwerken zandcement moeiteloos in smalle straten en op hoogte.
zandcement-dekvloer-waterland-ilpendam-zone-1267,Waterland Ilpendam (Zone 1267),Waterland,Noord-Holland,Regio Waterland,A9,"appartementencomplexen, hoogbouw en renovaties",Ideaal te combineren met vloerverwarming of extra verharder voor zware belasting.
zandcement-dekvloer-waterland-katwoude-zone-1268,Waterland Katwoude (Zone 1268),Waterland,Noord-Holland,Regio Waterland,A7,"vrijstaande woningen, kavelbouw en aanbouwen",Snel en krimpvrij gesmeerd met optimale hechting en strakke vlakheid.
zandcement-dekvloer-wormerland-wormer-zone-1269,Wormerland Wormer (Zone 1269),Wormerland,Noord-Holland,Regio Wormerland,A8,"nieuwbouwwijken, gezinswoningen en uitbouwen",Dankzij onze mobiele mengers pompen we kant-en-klare mortel direct naar de juiste laagdikte.
zandcement-dekvloer-wormerland-jisp-zone-1270,Wormerland Jisp (Zone 1270),Wormerland,Noord-Holland,Regio Wormerland,N9,"historische panden, herenhuizen en renovaties",Wij adviseren hier onze droogversneller en Duremit vezels voor een snelle oplevering.
zandcement-dekvloer-wormerland-oostknollendam-zone-1271,Wormerland Oostknollendam (Zone 1271),Wormerland,Noord-Holland,Regio Wormerland,N242,"bedrijfspanden, garages en utiliteitsbouw",Onze mixcombinaties verwerken zandcement moeiteloos in smalle straten en op hoogte.
zandcement-dekvloer-wormerland-spijkerboor-zone-1272,Wormerland Spijkerboor (Zone 1272),Wormerland,Noord-Holland,Regio Wormerland,N201,"appartementencomplexen, hoogbouw en renovaties",Ideaal te combineren met vloerverwarming of extra verharder voor zware belasting.
zandcement-dekvloer-gooise-meren-bussum-zone-1273,Gooise Meren Bussum (Zone 1273),Gooise Meren,Noord-Holland,Regio Gooise Meren,N247,"vrijstaande woningen, kavelbouw en aanbouwen",Snel en krimpvrij gesmeerd met optimale hechting en strakke vlakheid.
zandcement-dekvloer-gooise-meren-naarden-zone-1274,Gooise Meren Naarden (Zone 1274),Gooise Meren,Noord-Holland,Regio Gooise Meren,A200,"nieuwbouwwijken, gezinswoningen en uitbouwen",Dankzij onze mobiele mengers pompen we kant-en-klare mortel direct naar de juiste laagdikte.
zandcement-dekvloer-gooise-meren-muiden-zone-1275,Gooise Meren Muiden (Zone 1275),Gooise Meren,Noord-Holland,Regio Gooise Meren,A10,"historische panden, herenhuizen en renovaties",Wij adviseren hier onze droogversneller en Duremit vezels voor een snelle oplevering.
zandcement-dekvloer-gooise-meren-muiderberg-zone-1276,Gooise Meren Muiderberg (Zone 1276),Gooise Meren,Noord-Holland,Regio Gooise Meren,A9,"bedrijfspanden, garages en utiliteitsbouw",Onze mixcombinaties verwerken zandcement moeiteloos in smalle straten en op hoogte.
zandcement-dekvloer-texel-den-burg-zone-1277,Texel Den Burg (Zone 1277),Texel,Noord-Holland,Regio Texel,A7,"appartementencomplexen, hoogbouw en renovaties",Ideaal te combineren met vloerverwarming of extra verharder voor zware belasting.
zandcement-dekvloer-texel-de-koog-zone-1278,Texel De Koog (Zone 1278),Texel,Noord-Holland,Regio Texel,A8,"vrijstaande woningen, kavelbouw en aanbouwen",Snel en krimpvrij gesmeerd met optimale hechting en strakke vlakheid.
zandcement-dekvloer-texel-oudeschild-zone-1279,Texel Oudeschild (Zone 1279),Texel,Noord-Holland,Regio Texel,N9,"nieuwbouwwijken, gezinswoningen en uitbouwen",Dankzij onze mobiele mengers pompen we kant-en-klare mortel direct naar de juiste laagdikte.
zandcement-dekvloer-texel-den-hoorn-zone-1280,Texel Den Hoorn (Zone 1280),Texel,Noord-Holland,Regio Texel,N242,"historische panden, herenhuizen en renovaties",Wij adviseren hier onze droogversneller en Duremit vezels voor een snelle oplevering.
zandcement-dekvloer-texel-de-cocksdorp-zone-1281,Texel De Cocksdorp (Zone 1281),Texel,Noord-Holland,Regio Texel,N201,"bedrijfspanden, garages en utiliteitsbouw",Onze mixcombinaties verwerken zandcement moeiteloos in smalle straten en op hoogte.
zandcement-dekvloer-texel-oosterend-zone-1282,Texel Oosterend (Zone 1282),Texel,Noord-Holland,Regio Texel,N247,"appartementencomplexen, hoogbouw en renovaties",Ideaal te combineren met vloerverwarming of extra verharder voor zware belasting.
zandcement-dekvloer-rotterdam-zone-1283,Rotterdam (Zone 1283),Rotterdam,Zuid-Holland,Regio Rotterdam,N210,"vrijstaande woningen, kavelbouw en aanbouwen",Snel en krimpvrij gesmeerd met optimale hechting en strakke vlakheid.
zandcement-dekvloer-rotterdam-feijenoord-zone-1284,Rotterdam Feijenoord (Zone 1284),Rotterdam,Zuid-Holland,Regio Rotterdam,A12,"nieuwbouwwijken, gezinswoningen en uitbouwen",Dankzij onze mobiele mengers pompen we kant-en-klare mortel direct naar de juiste laagdikte.
zandcement-dekvloer-rotterdam-kralingen-zone-1285,Rotterdam Kralingen (Zone 1285),Rotterdam,Zuid-Holland,Regio Rotterdam,A13,"historische panden, herenhuizen en renovaties",Wij adviseren hier onze droogversneller en Duremit vezels voor een snelle oplevering.
zandcement-dekvloer-rotterdam-noord-zone-1286,Rotterdam Noord (Zone 1286),Rotterdam,Zuid-Holland,Regio Rotterdam,A15,"bedrijfspanden, garages en utiliteitsbouw",Onze mixcombinaties verwerken zandcement moeiteloos in smalle straten en op hoogte.
zandcement-dekvloer-rotterdam-delfshaven-zone-1287,Rotterdam Delfshaven (Zone 1287),Rotterdam,Zuid-Holland,Regio Rotterdam,A16,"appartementencomplexen, hoogbouw en renovaties",Ideaal te combineren met vloerverwarming of extra verharder voor zware belasting.
zandcement-dekvloer-rotterdam-ijsselmonde-zone-1288,Rotterdam IJsselmonde (Zone 1288),Rotterdam,Zuid-Holland,Regio Rotterdam,A20,"vrijstaande woningen, kavelbouw en aanbouwen",Snel en krimpvrij gesmeerd met optimale hechting en strakke vlakheid.
zandcement-dekvloer-rotterdam-prins-alexander-zone-1289,Rotterdam Prins Alexander (Zone 1289),Rotterdam,Zuid-Holland,Regio Rotterdam,A4,"nieuwbouwwijken, gezinswoningen en uitbouwen",Dankzij onze mobiele mengers pompen we kant-en-klare mortel direct naar de juiste laagdikte.
zandcement-dekvloer-rotterdam-charlois-zone-1290,Rotterdam Charlois (Zone 1290),Rotterdam,Zuid-Holland,Regio Rotterdam,N11,"historische panden, herenhuizen en renovaties",Wij adviseren hier onze droogversneller en Duremit vezels voor een snelle oplevering.
zandcement-dekvloer-rotterdam-overschie-zone-1291,Rotterdam Overschie (Zone 1291),Rotterdam,Zuid-Holland,Regio Rotterdam,N206,"bedrijfspanden, garages en utiliteitsbouw",Onze mixcombinaties verwerken zandcement moeiteloos in smalle straten en op hoogte.
zandcement-dekvloer-rotterdam-hoogvliet-zone-1292,Rotterdam Hoogvliet (Zone 1292),Rotterdam,Zuid-Holland,Regio Rotterdam,N210,"appartementencomplexen, hoogbouw en renovaties",Ideaal te combineren met vloerverwarming of extra verharder voor zware belasting.
zandcement-dekvloer-rotterdam-nesselande-zone-1293,Rotterdam Nesselande (Zone 1293),Rotterdam,Zuid-Holland,Regio Rotterdam,A12,"vrijstaande woningen, kavelbouw en aanbouwen",Snel en krimpvrij gesmeerd met optimale hechting en strakke vlakheid.
zandcement-dekvloer-rotterdam-pernis-zone-1294,Rotterdam Pernis (Zone 1294),Rotterdam,Zuid-Holland,Regio Rotterdam,A13,"nieuwbouwwijken, gezinswoningen en uitbouwen",Dankzij onze mobiele mengers pompen we kant-en-klare mortel direct naar de juiste laagdikte.
zandcement-dekvloer-rotterdam-kombuis-zone-1295,Rotterdam Kombuis (Zone 1295),Rotterdam,Zuid-Holland,Regio Rotterdam,A15,"historische panden, herenhuizen en renovaties",Wij adviseren hier onze droogversneller en Duremit vezels voor een snelle oplevering.
zandcement-dekvloer-rotterdam-ommoord-zone-1296,Rotterdam Ommoord (Zone 1296),Rotterdam,Zuid-Holland,Regio Rotterdam,A16,"bedrijfspanden, garages en utiliteitsbouw",Onze mixcombinaties verwerken zandcement moeiteloos in smalle straten en op hoogte.
zandcement-dekvloer-rotterdam-zevenkamp-zone-1297,Rotterdam Zevenkamp (Zone 1297),Rotterdam,Zuid-Holland,Regio Rotterdam,A20,"appartementencomplexen, hoogbouw en renovaties",Ideaal te combineren met vloerverwarming of extra verharder voor zware belasting.
zandcement-dekvloer-den-haag-zone-1298,Den Haag (Zone 1298),Den Haag,Zuid-Holland,Regio Den Haag,A4,"vrijstaande woningen, kavelbouw en aanbouwen",Snel en krimpvrij gesmeerd met optimale hechting en strakke vlakheid.
zandcement-dekvloer-den-haag-scheveningen-zone-1299,Den Haag Scheveningen (Zone 1299),Den Haag,Zuid-Holland,Regio Den Haag,N11,"nieuwbouwwijken, gezinswoningen en uitbouwen",Dankzij onze mobiele mengers pompen we kant-en-klare mortel direct naar de juiste laagdikte.
zandcement-dekvloer-den-haag-escamp-zone-1300,Den Haag Escamp (Zone 1300),Den Haag,Zuid-Holland,Regio Den Haag,N206,"historische panden, herenhuizen en renovaties",Wij adviseren hier onze droogversneller en Duremit vezels voor een snelle oplevering.
zandcement-dekvloer-den-haag-laak-zone-1301,Den Haag Laak (Zone 1301),Den Haag,Zuid-Holland,Regio Den Haag,N210,"bedrijfspanden, garages en utiliteitsbouw",Onze mixcombinaties verwerken zandcement moeiteloos in smalle straten en op hoogte.
zandcement-dekvloer-den-haag-leidschenveen-ypenburg-zone-1302,Den Haag Leidschenveen-Ypenburg (Zone 1302),Den Haag,Zuid-Holland,Regio Den Haag,A12,"appartementencomplexen, hoogbouw en renovaties",Ideaal te combineren met vloerverwarming of extra verharder voor zware belasting.
zandcement-dekvloer-den-haag-loosduinen-zone-1303,Den Haag Loosduinen (Zone 1303),Den Haag,Zuid-Holland,Regio Den Haag,A13,"vrijstaande woningen, kavelbouw en aanbouwen",Snel en krimpvrij gesmeerd met optimale hechting en strakke vlakheid.
zandcement-dekvloer-den-haag-haagse-hout-zone-1304,Den Haag Haagse Hout (Zone 1304),Den Haag,Zuid-Holland,Regio Den Haag,A15,"nieuwbouwwijken, gezinswoningen en uitbouwen",Dankzij onze mobiele mengers pompen we kant-en-klare mortel direct naar de juiste laagdikte.
zandcement-dekvloer-den-haag-segbroek-zone-1305,Den Haag Segbroek (Zone 1305),Den Haag,Zuid-Holland,Regio Den Haag,A16,"historische panden, herenhuizen en renovaties",Wij adviseren hier onze droogversneller en Duremit vezels voor een snelle oplevering.
zandcement-dekvloer-den-haag-kijkduin-zone-1306,Den Haag Kijkduin (Zone 1306),Den Haag,Zuid-Holland,Regio Den Haag,A20,"bedrijfspanden, garages en utiliteitsbouw",Onze mixcombinaties verwerken zandcement moeiteloos in smalle straten en op hoogte.
zandcement-dekvloer-den-haag-wateringse-veld-zone-1307,Den Haag Wateringse Veld (Zone 1307),Den Haag,Zuid-Holland,Regio Den Haag,A4,"appartementencomplexen, hoogbouw en renovaties",Ideaal te combineren met vloerverwarming of extra verharder voor zware belasting.
zandcement-dekvloer-den-haag-benoordenhout-zone-1308,Den Haag Benoordenhout (Zone 1308),Den Haag,Zuid-Holland,Regio Den Haag,N11,"vrijstaande woningen, kavelbouw en aanbouwen",Snel en krimpvrij gesmeerd met optimale hechting en strakke vlakheid.
zandcement-dekvloer-zoetermeer-zone-1309,Zoetermeer (Zone 1309),Zoetermeer,Zuid-Holland,Regio Zoetermeer,N206,"nieuwbouwwijken, gezinswoningen en uitbouwen",Dankzij onze mobiele mengers pompen we kant-en-klare mortel direct naar de juiste laagdikte.
zandcement-dekvloer-zoetermeer-oosterheem-zone-1310,Zoetermeer Oosterheem (Zone 1310),Zoetermeer,Zuid-Holland,Regio Zoetermeer,N210,"historische panden, herenhuizen en renovaties",Wij adviseren hier onze droogversneller en Duremit vezels voor een snelle oplevering.
zandcement-dekvloer-zoetermeer-buytenwegh-zone-1311,Zoetermeer Buytenwegh (Zone 1311),Zoetermeer,Zuid-Holland,Regio Zoetermeer,A12,"bedrijfspanden, garages en utiliteitsbouw",Onze mixcombinaties verwerken zandcement moeiteloos in smalle straten en op hoogte.
zandcement-dekvloer-zoetermeer-seghwaert-zone-1312,Zoetermeer Seghwaert (Zone 1312),Zoetermeer,Zuid-Holland,Regio Zoetermeer,A13,"appartementencomplexen, hoogbouw en renovaties",Ideaal te combineren met vloerverwarming of extra verharder voor zware belasting.
zandcement-dekvloer-zoetermeer-rokkeveen-zone-1313,Zoetermeer Rokkeveen (Zone 1313),Zoetermeer,Zuid-Holland,Regio Zoetermeer,A15,"vrijstaande woningen, kavelbouw en aanbouwen",Snel en krimpvrij gesmeerd met optimale hechting en strakke vlakheid.
zandcement-dekvloer-zoetermeer-meerzicht-zone-1314,Zoetermeer Meerzicht (Zone 1314),Zoetermeer,Zuid-Holland,Regio Zoetermeer,A16,"nieuwbouwwijken, gezinswoningen en uitbouwen",Dankzij onze mobiele mengers pompen we kant-en-klare mortel direct naar de juiste laagdikte.
zandcement-dekvloer-zoetermeer-driemanspolder-zone-1315,Zoetermeer Driemanspolder (Zone 1315),Zoetermeer,Zuid-Holland,Regio Zoetermeer,A20,"historische panden, herenhuizen en renovaties",Wij adviseren hier onze droogversneller en Duremit vezels voor een snelle oplevering.
zandcement-dekvloer-zoetermeer-palenstein-zone-1316,Zoetermeer Palenstein (Zone 1316),Zoetermeer,Zuid-Holland,Regio Zoetermeer,A4,"bedrijfspanden, garages en utiliteitsbouw",Onze mixcombinaties verwerken zandcement moeiteloos in smalle straten en op hoogte.
zandcement-dekvloer-zoetermeer-noordhove-zone-1317,Zoetermeer Noordhove (Zone 1317),Zoetermeer,Zuid-Holland,Regio Zoetermeer,N11,"appartementencomplexen, hoogbouw en renovaties",Ideaal te combineren met vloerverwarming of extra verharder voor zware belasting.
zandcement-dekvloer-dordrecht-zone-1318,Dordrecht (Zone 1318),Dordrecht,Zuid-Holland,Regio Dordrecht,N206,"vrijstaande woningen, kavelbouw en aanbouwen",Snel en krimpvrij gesmeerd met optimale hechting en strakke vlakheid.
zandcement-dekvloer-dordrecht-stadspolders-zone-1319,Dordrecht Stadspolders (Zone 1319),Dordrecht,Zuid-Holland,Regio Dordrecht,N210,"nieuwbouwwijken, gezinswoningen en uitbouwen",Dankzij onze mobiele mengers pompen we kant-en-klare mortel direct naar de juiste laagdikte.
zandcement-dekvloer-dordrecht-sterrenburg-zone-1320,Dordrecht Sterrenburg (Zone 1320),Dordrecht,Zuid-Holland,Regio Dordrecht,A12,"historische panden, herenhuizen en renovaties",Wij adviseren hier onze droogversneller en Duremit vezels voor een snelle oplevering.
zandcement-dekvloer-dordrecht-wielwijk-zone-1321,Dordrecht Wielwijk (Zone 1321),Dordrecht,Zuid-Holland,Regio Dordrecht,A13,"bedrijfspanden, garages en utiliteitsbouw",Onze mixcombinaties verwerken zandcement moeiteloos in smalle straten en op hoogte.
zandcement-dekvloer-dordrecht-krispijn-zone-1322,Dordrecht Krispijn (Zone 1322),Dordrecht,Zuid-Holland,Regio Dordrecht,A15,"appartementencomplexen, hoogbouw en renovaties",Ideaal te combineren met vloerverwarming of extra verharder voor zware belasting.
zandcement-dekvloer-dordrecht-dubbeldam-zone-1323,Dordrecht Dubbeldam (Zone 1323),Dordrecht,Zuid-Holland,Regio Dordrecht,A16,"vrijstaande woningen, kavelbouw en aanbouwen",Snel en krimpvrij gesmeerd met optimale hechting en strakke vlakheid.
zandcement-dekvloer-dordrecht-crabbehof-zone-1324,Dordrecht Crabbehof (Zone 1324),Dordrecht,Zuid-Holland,Regio Dordrecht,A20,"nieuwbouwwijken, gezinswoningen en uitbouwen",Dankzij onze mobiele mengers pompen we kant-en-klare mortel direct naar de juiste laagdikte.
zandcement-dekvloer-leiden-zone-1325,Leiden (Zone 1325),Leiden,Zuid-Holland,Regio Leiden,A4,"historische panden, herenhuizen en renovaties",Wij adviseren hier onze droogversneller en Duremit vezels voor een snelle oplevering.
zandcement-dekvloer-leiden-stevenshof-zone-1326,Leiden Stevenshof (Zone 1326),Leiden,Zuid-Holland,Regio Leiden,N11,"bedrijfspanden, garages en utiliteitsbouw",Onze mixcombinaties verwerken zandcement moeiteloos in smalle straten en op hoogte.
zandcement-dekvloer-leiden-merenwijk-zone-1327,Leiden Merenwijk (Zone 1327),Leiden,Zuid-Holland,Regio Leiden,N206,"appartementencomplexen, hoogbouw en renovaties",Ideaal te combineren met vloerverwarming of extra verharder voor zware belasting.
zandcement-dekvloer-leiden-roomburg-zone-1328,Leiden Roomburg (Zone 1328),Leiden,Zuid-Holland,Regio Leiden,N210,"vrijstaande woningen, kavelbouw en aanbouwen",Snel en krimpvrij gesmeerd met optimale hechting en strakke vlakheid.
zandcement-dekvloer-leiden-morsdistrict-zone-1329,Leiden Morsdistrict (Zone 1329),Leiden,Zuid-Holland,Regio Leiden,A12,"nieuwbouwwijken, gezinswoningen en uitbouwen",Dankzij onze mobiele mengers pompen we kant-en-klare mortel direct naar de juiste laagdikte.
zandcement-dekvloer-leiden-boerhaavedistrict-zone-1330,Leiden Boerhaavedistrict (Zone 1330),Leiden,Zuid-Holland,Regio Leiden,A13,"historische panden, herenhuizen en renovaties",Wij adviseren hier onze droogversneller en Duremit vezels voor een snelle oplevering.
zandcement-dekvloer-leiden-lammenschans-zone-1331,Leiden Lammenschans (Zone 1331),Leiden,Zuid-Holland,Regio Leiden,A15,"bedrijfspanden, garages en utiliteitsbouw",Onze mixcombinaties verwerken zandcement moeiteloos in smalle straten en op hoogte.
zandcement-dekvloer-delft-zone-1332,Delft (Zone 1332),Delft,Zuid-Holland,Regio Delft,A16,"appartementencomplexen, hoogbouw en renovaties",Ideaal te combineren met vloerverwarming of extra verharder voor zware belasting.
zandcement-dekvloer-delft-tanthof-zone-1333,Delft Tanthof (Zone 1333),Delft,Zuid-Holland,Regio Delft,A20,"vrijstaande woningen, kavelbouw en aanbouwen",Snel en krimpvrij gesmeerd met optimale hechting en strakke vlakheid.
zandcement-dekvloer-delft-voorhof-zone-1334,Delft Voorhof (Zone 1334),Delft,Zuid-Holland,Regio Delft,A4,"nieuwbouwwijken, gezinswoningen en uitbouwen",Dankzij onze mobiele mengers pompen we kant-en-klare mortel direct naar de juiste laagdikte.
zandcement-dekvloer-delft-buitenhof-zone-1335,Delft Buitenhof (Zone 1335),Delft,Zuid-Holland,Regio Delft,N11,"historische panden, herenhuizen en renovaties",Wij adviseren hier onze droogversneller en Duremit vezels voor een snelle oplevering.
zandcement-dekvloer-delft-wippolder-zone-1336,Delft Wippolder (Zone 1336),Delft,Zuid-Holland,Regio Delft,N206,"bedrijfspanden, garages en utiliteitsbouw",Onze mixcombinaties verwerken zandcement moeiteloos in smalle straten en op hoogte.
zandcement-dekvloer-delft-hof-van-delft-zone-1337,Delft Hof van Delft (Zone 1337),Delft,Zuid-Holland,Regio Delft,N210,"appartementencomplexen, hoogbouw en renovaties",Ideaal te combineren met vloerverwarming of extra verharder voor zware belasting.
zandcement-dekvloer-westland-naaldwijk-zone-1338,Westland Naaldwijk (Zone 1338),Westland,Zuid-Holland,Regio Westland,A12,"vrijstaande woningen, kavelbouw en aanbouwen",Snel en krimpvrij gesmeerd met optimale hechting en strakke vlakheid.
zandcement-dekvloer-westland-monster-zone-1339,Westland Monster (Zone 1339),Westland,Zuid-Holland,Regio Westland,A13,"nieuwbouwwijken, gezinswoningen en uitbouwen",Dankzij onze mobiele mengers pompen we kant-en-klare mortel direct naar de juiste laagdikte.
zandcement-dekvloer-westland-wateringen-zone-1340,Westland Wateringen (Zone 1340),Westland,Zuid-Holland,Regio Westland,A15,"historische panden, herenhuizen en renovaties",Wij adviseren hier onze droogversneller en Duremit vezels voor een snelle oplevering.
zandcement-dekvloer-westland-gravenzande-zone-1341,Westland Gravenzande (Zone 1341),Westland,Zuid-Holland,Regio Westland,A16,"bedrijfspanden, garages en utiliteitsbouw",Onze mixcombinaties verwerken zandcement moeiteloos in smalle straten en op hoogte.
zandcement-dekvloer-westland-de-lier-zone-1342,Westland De Lier (Zone 1342),Westland,Zuid-Holland,Regio Westland,A20,"appartementencomplexen, hoogbouw en renovaties",Ideaal te combineren met vloerverwarming of extra verharder voor zware belasting.
zandcement-dekvloer-westland-honselersdijk-zone-1343,Westland Honselersdijk (Zone 1343),Westland,Zuid-Holland,Regio Westland,A4,"vrijstaande woningen, kavelbouw en aanbouwen",Snel en krimpvrij gesmeerd met optimale hechting en strakke vlakheid.
zandcement-dekvloer-westland-poeldijk-zone-1344,Westland Poeldijk (Zone 1344),Westland,Zuid-Holland,Regio Westland,N11,"nieuwbouwwijken, gezinswoningen en uitbouwen",Dankzij onze mobiele mengers pompen we kant-en-klare mortel direct naar de juiste laagdikte.
zandcement-dekvloer-westland-kintscheul-zone-1345,Westland Kintscheul (Zone 1345),Westland,Zuid-Holland,Regio Westland,N206,"historische panden, herenhuizen en renovaties",Wij adviseren hier onze droogversneller en Duremit vezels voor een snelle oplevering.
zandcement-dekvloer-westland-ter-heijde-zone-1346,Westland Ter Heijde (Zone 1346),Westland,Zuid-Holland,Regio Westland,N210,"bedrijfspanden, garages en utiliteitsbouw",Onze mixcombinaties verwerken zandcement moeiteloos in smalle straten en op hoogte.
zandcement-dekvloer-alphen-aan-den-rijn-zone-1347,Alphen aan den Rijn (Zone 1347),Alphen aan den Rijn,Zuid-Holland,Regio Alphen aan den Rijn,A12,"appartementencomplexen, hoogbouw en renovaties",Ideaal te combineren met vloerverwarming of extra verharder voor zware belasting.
zandcement-dekvloer-alphen-aan-den-rijn-ridderveld-zone-1348,Alphen aan den Rijn Ridderveld (Zone 1348),Alphen aan den Rijn,Zuid-Holland,Regio Alphen aan den Rijn,A13,"vrijstaande woningen, kavelbouw en aanbouwen",Snel en krimpvrij gesmeerd met optimale hechting en strakke vlakheid.
zandcement-dekvloer-alphen-aan-den-rijn-kerk-en-zanen-zone-1349,Alphen aan den Rijn Kerk en Zanen (Zone 1349),Alphen aan den Rijn,Zuid-Holland,Regio Alphen aan den Rijn,A15,"nieuwbouwwijken, gezinswoningen en uitbouwen",Dankzij onze mobiele mengers pompen we kant-en-klare mortel direct naar de juiste laagdikte.
zandcement-dekvloer-alphen-aan-den-rijn-boskoop-zone-1350,Alphen aan den Rijn Boskoop (Zone 1350),Alphen aan den Rijn,Zuid-Holland,Regio Alphen aan den Rijn,A16,"historische panden, herenhuizen en renovaties",Wij adviseren hier onze droogversneller en Duremit vezels voor een snelle oplevering.
zandcement-dekvloer-alphen-aan-den-rijn-rijnwoude-zone-1351,Alphen aan den Rijn Rijnwoude (Zone 1351),Alphen aan den Rijn,Zuid-Holland,Regio Alphen aan den Rijn,A20,"bedrijfspanden, garages en utiliteitsbouw",Onze mixcombinaties verwerken zandcement moeiteloos in smalle straten en op hoogte.
zandcement-dekvloer-alphen-aan-den-rijn-hazerswoude-dorp-zone-1352,Alphen aan den Rijn Hazerswoude-Dorp (Zone 1352),Alphen aan den Rijn,Zuid-Holland,Regio Alphen aan den Rijn,A4,"appartementencomplexen, hoogbouw en renovaties",Ideaal te combineren met vloerverwarming of extra verharder voor zware belasting.
zandcement-dekvloer-alphen-aan-den-rijn-hazerswoude-rijndijk-zone-1353,Alphen aan den Rijn Hazerswoude-Rijndijk (Zone 1353),Alphen aan den Rijn,Zuid-Holland,Regio Alphen aan den Rijn,N11,"vrijstaande woningen, kavelbouw en aanbouwen",Snel en krimpvrij gesmeerd met optimale hechting en strakke vlakheid.
zandcement-dekvloer-alphen-aan-den-rijn-koudekerk-aan-den-rijn-zone-1354,Alphen aan den Rijn Koudekerk aan den Rijn (Zone 1354),Alphen aan den Rijn,Zuid-Holland,Regio Alphen aan den Rijn,N206,"nieuwbouwwijken, gezinswoningen en uitbouwen",Dankzij onze mobiele mengers pompen we kant-en-klare mortel direct naar de juiste laagdikte.
zandcement-dekvloer-gouda-zone-1355,Gouda (Zone 1355),Gouda,Zuid-Holland,Regio Gouda,N210,"historische panden, herenhuizen en renovaties",Wij adviseren hier onze droogversneller en Duremit vezels voor een snelle oplevering.
zandcement-dekvloer-gouda-bloemendaal-zone-1356,Gouda Bloemendaal (Zone 1356),Gouda,Zuid-Holland,Regio Gouda,A12,"bedrijfspanden, garages en utiliteitsbouw",Onze mixcombinaties verwerken zandcement moeiteloos in smalle straten en op hoogte.
zandcement-dekvloer-gouda-goverwelle-zone-1357,Gouda Goverwelle (Zone 1357),Gouda,Zuid-Holland,Regio Gouda,A13,"appartementencomplexen, hoogbouw en renovaties",Ideaal te combineren met vloerverwarming of extra verharder voor zware belasting.
zandcement-dekvloer-gouda-westergouwe-zone-1358,Gouda Westergouwe (Zone 1358),Gouda,Zuid-Holland,Regio Gouda,A15,"vrijstaande woningen, kavelbouw en aanbouwen",Snel en krimpvrij gesmeerd met optimale hechting en strakke vlakheid.
zandcement-dekvloer-gouda-korte-akkeren-zone-1359,Gouda Korte Akkeren (Zone 1359),Gouda,Zuid-Holland,Regio Gouda,A16,"nieuwbouwwijken, gezinswoningen en uitbouwen",Dankzij onze mobiele mengers pompen we kant-en-klare mortel direct naar de juiste laagdikte.
zandcement-dekvloer-nissewaard-spijkenisse-zone-1360,Nissewaard Spijkenisse (Zone 1360),Nissewaard,Zuid-Holland,Regio Nissewaard,A20,"historische panden, herenhuizen en renovaties",Wij adviseren hier onze droogversneller en Duremit vezels voor een snelle oplevering.
zandcement-dekvloer-nissewaard-geervliet-zone-1361,Nissewaard Geervliet (Zone 1361),Nissewaard,Zuid-Holland,Regio Nissewaard,A4,"bedrijfspanden, garages en utiliteitsbouw",Onze mixcombinaties verwerken zandcement moeiteloos in smalle straten en op hoogte.
zandcement-dekvloer-nissewaard-heenvliet-zone-1362,Nissewaard Heenvliet (Zone 1362),Nissewaard,Zuid-Holland,Regio Nissewaard,N11,"appartementencomplexen, hoogbouw en renovaties",Ideaal te combineren met vloerverwarming of extra verharder voor zware belasting.
zandcement-dekvloer-nissewaard-abbenbroek-zone-1363,Nissewaard Abbenbroek (Zone 1363),Nissewaard,Zuid-Holland,Regio Nissewaard,N206,"vrijstaande woningen, kavelbouw en aanbouwen",Snel en krimpvrij gesmeerd met optimale hechting en strakke vlakheid.
zandcement-dekvloer-nissewaard-zuidland-zone-1364,Nissewaard Zuidland (Zone 1364),Nissewaard,Zuid-Holland,Regio Nissewaard,N210,"nieuwbouwwijken, gezinswoningen en uitbouwen",Dankzij onze mobiele mengers pompen we kant-en-klare mortel direct naar de juiste laagdikte.
zandcement-dekvloer-nissewaard-simonshaven-zone-1365,Nissewaard Simonshaven (Zone 1365),Nissewaard,Zuid-Holland,Regio Nissewaard,A12,"historische panden, herenhuizen en renovaties",Wij adviseren hier onze droogversneller en Duremit vezels voor een snelle oplevering.
zandcement-dekvloer-schiedam-zone-1366,Schiedam (Zone 1366),Schiedam,Zuid-Holland,Regio Schiedam,A13,"bedrijfspanden, garages en utiliteitsbouw",Onze mixcombinaties verwerken zandcement moeiteloos in smalle straten en op hoogte.
zandcement-dekvloer-schiedam-nieuwland-zone-1367,Schiedam Nieuwland (Zone 1367),Schiedam,Zuid-Holland,Regio Schiedam,A15,"appartementencomplexen, hoogbouw en renovaties",Ideaal te combineren met vloerverwarming of extra verharder voor zware belasting.
zandcement-dekvloer-schiedam-groenoord-zone-1368,Schiedam Groenoord (Zone 1368),Schiedam,Zuid-Holland,Regio Schiedam,A16,"vrijstaande woningen, kavelbouw en aanbouwen",Snel en krimpvrij gesmeerd met optimale hechting en strakke vlakheid.
zandcement-dekvloer-schiedam-kethel-zone-1369,Schiedam Kethel (Zone 1369),Schiedam,Zuid-Holland,Regio Schiedam,A20,"nieuwbouwwijken, gezinswoningen en uitbouwen",Dankzij onze mobiele mengers pompen we kant-en-klare mortel direct naar de juiste laagdikte.
zandcement-dekvloer-schiedam-gorzen-zone-1370,Schiedam Gorzen (Zone 1370),Schiedam,Zuid-Holland,Regio Schiedam,A4,"historische panden, herenhuizen en renovaties",Wij adviseren hier onze droogversneller en Duremit vezels voor een snelle oplevering.
zandcement-dekvloer-vlaardingen-zone-1371,Vlaardingen (Zone 1371),Vlaardingen,Zuid-Holland,Regio Vlaardingen,N11,"bedrijfspanden, garages en utiliteitsbouw",Onze mixcombinaties verwerken zandcement moeiteloos in smalle straten en op hoogte.
zandcement-dekvloer-vlaardingen-holy-zone-1372,Vlaardingen Holy (Zone 1372),Vlaardingen,Zuid-Holland,Regio Vlaardingen,N206,"appartementencomplexen, hoogbouw en renovaties",Ideaal te combineren met vloerverwarming of extra verharder voor zware belasting.
zandcement-dekvloer-vlaardingen-babberspolder-zone-1373,Vlaardingen Babberspolder (Zone 1373),Vlaardingen,Zuid-Holland,Regio Vlaardingen,N210,"vrijstaande woningen, kavelbouw en aanbouwen",Snel en krimpvrij gesmeerd met optimale hechting en strakke vlakheid.
zandcement-dekvloer-vlaardingen-westwijk-zone-1374,Vlaardingen Westwijk (Zone 1374),Vlaardingen,Zuid-Holland,Regio Vlaardingen,A12,"nieuwbouwwijken, gezinswoningen en uitbouwen",Dankzij onze mobiele mengers pompen we kant-en-klare mortel direct naar de juiste laagdikte.
zandcement-dekvloer-vlaardingen-ambacht-zone-1375,Vlaardingen Ambacht (Zone 1375),Vlaardingen,Zuid-Holland,Regio Vlaardingen,A13,"historische panden, herenhuizen en renovaties",Wij adviseren hier onze droogversneller en Duremit vezels voor een snelle oplevering.
zandcement-dekvloer-katwijk-katwijk-aan-zee-zone-1376,Katwijk Katwijk aan Zee (Zone 1376),Katwijk,Zuid-Holland,Regio Katwijk,A15,"bedrijfspanden, garages en utiliteitsbouw",Onze mixcombinaties verwerken zandcement moeiteloos in smalle straten en op hoogte.
zandcement-dekvloer-katwijk-katwijk-aan-de-rijn-zone-1377,Katwijk Katwijk aan de Rijn (Zone 1377),Katwijk,Zuid-Holland,Regio Katwijk,A16,"appartementencomplexen, hoogbouw en renovaties",Ideaal te combineren met vloerverwarming of extra verharder voor zware belasting.
zandcement-dekvloer-katwijk-rijnsburg-zone-1378,Katwijk Rijnsburg (Zone 1378),Katwijk,Zuid-Holland,Regio Katwijk,A20,"vrijstaande woningen, kavelbouw en aanbouwen",Snel en krimpvrij gesmeerd met optimale hechting en strakke vlakheid.
zandcement-dekvloer-katwijk-valkenburg-zone-1379,Katwijk Valkenburg (Zone 1379),Katwijk,Zuid-Holland,Regio Katwijk,A4,"nieuwbouwwijken, gezinswoningen en uitbouwen",Dankzij onze mobiele mengers pompen we kant-en-klare mortel direct naar de juiste laagdikte.
zandcement-dekvloer-krimpenerwaard-schoonhoven-zone-1380,Krimpenerwaard Schoonhoven (Zone 1380),Krimpenerwaard,Zuid-Holland,Regio Krimpenerwaard,N11,"historische panden, herenhuizen en renovaties",Wij adviseren hier onze droogversneller en Duremit vezels voor een snelle oplevering.
zandcement-dekvloer-krimpenerwaard-bergambacht-zone-1381,Krimpenerwaard Bergambacht (Zone 1381),Krimpenerwaard,Zuid-Holland,Regio Krimpenerwaard,N206,"bedrijfspanden, garages en utiliteitsbouw",Onze mixcombinaties verwerken zandcement moeiteloos in smalle straten en op hoogte.
zandcement-dekvloer-krimpenerwaard-lekkerkerk-zone-1382,Krimpenerwaard Lekkerkerk (Zone 1382),Krimpenerwaard,Zuid-Holland,Regio Krimpenerwaard,N210,"appartementencomplexen, hoogbouw en renovaties",Ideaal te combineren met vloerverwarming of extra verharder voor zware belasting.
zandcement-dekvloer-krimpenerwaard-streefkerk-zone-1383,Krimpenerwaard Streefkerk (Zone 1383),Krimpenerwaard,Zuid-Holland,Regio Krimpenerwaard,A12,"vrijstaande woningen, kavelbouw en aanbouwen",Snel en krimpvrij gesmeerd met optimale hechting en strakke vlakheid.
zandcement-dekvloer-krimpenerwaard-haastrecht-zone-1384,Krimpenerwaard Haastrecht (Zone 1384),Krimpenerwaard,Zuid-Holland,Regio Krimpenerwaard,A13,"nieuwbouwwijken, gezinswoningen en uitbouwen",Dankzij onze mobiele mengers pompen we kant-en-klare mortel direct naar de juiste laagdikte.
zandcement-dekvloer-krimpenerwaard-ammerstol-zone-1385,Krimpenerwaard Ammerstol (Zone 1385),Krimpenerwaard,Zuid-Holland,Regio Krimpenerwaard,A15,"historische panden, herenhuizen en renovaties",Wij adviseren hier onze droogversneller en Duremit vezels voor een snelle oplevering.
zandcement-dekvloer-krimpenerwaard-gouderak-zone-1386,Krimpenerwaard Gouderak (Zone 1386),Krimpenerwaard,Zuid-Holland,Regio Krimpenerwaard,A16,"bedrijfspanden, garages en utiliteitsbouw",Onze mixcombinaties verwerken zandcement moeiteloos in smalle straten en op hoogte.
zandcement-dekvloer-hoeksche-waard-oud-beijerland-zone-1387,Hoeksche Waard Oud-Beijerland (Zone 1387),Hoeksche Waard,Zuid-Holland,Regio Hoeksche Waard,A20,"appartementencomplexen, hoogbouw en renovaties",Ideaal te combineren met vloerverwarming of extra verharder voor zware belasting.
zandcement-dekvloer-hoeksche-waard-gravendeel-zone-1388,Hoeksche Waard Gravendeel (Zone 1388),Hoeksche Waard,Zuid-Holland,Regio Hoeksche Waard,A4,"vrijstaande woningen, kavelbouw en aanbouwen",Snel en krimpvrij gesmeerd met optimale hechting en strakke vlakheid.
zandcement-dekvloer-hoeksche-waard-puttershoek-zone-1389,Hoeksche Waard Puttershoek (Zone 1389),Hoeksche Waard,Zuid-Holland,Regio Hoeksche Waard,N11,"nieuwbouwwijken, gezinswoningen en uitbouwen",Dankzij onze mobiele mengers pompen we kant-en-klare mortel direct naar de juiste laagdikte.
zandcement-dekvloer-hoeksche-waard-strijen-zone-1390,Hoeksche Waard Strijen (Zone 1390),Hoeksche Waard,Zuid-Holland,Regio Hoeksche Waard,N206,"historische panden, herenhuizen en renovaties",Wij adviseren hier onze droogversneller en Duremit vezels voor een snelle oplevering.
zandcement-dekvloer-hoeksche-waard-numansdorp-zone-1391,Hoeksche Waard Numansdorp (Zone 1391),Hoeksche Waard,Zuid-Holland,Regio Hoeksche Waard,N210,"bedrijfspanden, garages en utiliteitsbouw",Onze mixcombinaties verwerken zandcement moeiteloos in smalle straten en op hoogte.
zandcement-dekvloer-hoeksche-waard-mijnsheerenland-zone-1392,Hoeksche Waard Mijnsheerenland (Zone 1392),Hoeksche Waard,Zuid-Holland,Regio Hoeksche Waard,A12,"appartementencomplexen, hoogbouw en renovaties",Ideaal te combineren met vloerverwarming of extra verharder voor zware belasting.
zandcement-dekvloer-hoeksche-waard-piershil-zone-1393,Hoeksche Waard Piershil (Zone 1393),Hoeksche Waard,Zuid-Holland,Regio Hoeksche Waard,A13,"vrijstaande woningen, kavelbouw en aanbouwen",Snel en krimpvrij gesmeerd met optimale hechting en strakke vlakheid.
zandcement-dekvloer-goeree-overflakkee-middelharnis-zone-1394,Goeree-Overflakkee Middelharnis (Zone 1394),Goeree-Overflakkee,Zuid-Holland,Regio Goeree-Overflakkee,A15,"nieuwbouwwijken, gezinswoningen en uitbouwen",Dankzij onze mobiele mengers pompen we kant-en-klare mortel direct naar de juiste laagdikte.
zandcement-dekvloer-goeree-overflakkee-sommelsdijk-zone-1395,Goeree-Overflakkee Sommelsdijk (Zone 1395),Goeree-Overflakkee,Zuid-Holland,Regio Goeree-Overflakkee,A16,"historische panden, herenhuizen en renovaties",Wij adviseren hier onze droogversneller en Duremit vezels voor een snelle oplevering.
zandcement-dekvloer-goeree-overflakkee-ouddorp-zone-1396,Goeree-Overflakkee Ouddorp (Zone 1396),Goeree-Overflakkee,Zuid-Holland,Regio Goeree-Overflakkee,A20,"bedrijfspanden, garages en utiliteitsbouw",Onze mixcombinaties verwerken zandcement moeiteloos in smalle straten en op hoogte.
zandcement-dekvloer-goeree-overflakkee-dirksland-zone-1397,Goeree-Overflakkee Dirksland (Zone 1397),Goeree-Overflakkee,Zuid-Holland,Regio Goeree-Overflakkee,A4,"appartementencomplexen, hoogbouw en renovaties",Ideaal te combineren met vloerverwarming of extra verharder voor zware belasting.
zandcement-dekvloer-goeree-overflakkee-oude-tonge-zone-1398,Goeree-Overflakkee Oude-Tonge (Zone 1398),Goeree-Overflakkee,Zuid-Holland,Regio Goeree-Overflakkee,N11,"vrijstaande woningen, kavelbouw en aanbouwen",Snel en krimpvrij gesmeerd met optimale hechting en strakke vlakheid.
zandcement-dekvloer-goeree-overflakkee-stellendam-zone-1399,Goeree-Overflakkee Stellendam (Zone 1399),Goeree-Overflakkee,Zuid-Holland,Regio Goeree-Overflakkee,N206,"nieuwbouwwijken, gezinswoningen en uitbouwen",Dankzij onze mobiele mengers pompen we kant-en-klare mortel direct naar de juiste laagdikte.
zandcement-dekvloer-goeree-overflakkee-herkingen-zone-1400,Goeree-Overflakkee Herkingen (Zone 1400),Goeree-Overflakkee,Zuid-Holland,Regio Goeree-Overflakkee,N210,"historische panden, herenhuizen en renovaties",Wij adviseren hier onze droogversneller en Duremit vezels voor een snelle oplevering.
zandcement-dekvloer-utrecht-zone-1401,Utrecht (Zone 1401),Utrecht,Utrecht,Regio Utrecht,A28,"bedrijfspanden, garages en utiliteitsbouw",Onze mixcombinaties verwerken zandcement moeiteloos in smalle straten en op hoogte.
zandcement-dekvloer-utrecht-leidsche-rijn-zone-1402,Utrecht Leidsche Rijn (Zone 1402),Utrecht,Utrecht,Regio Utrecht,N201,"appartementencomplexen, hoogbouw en renovaties",Ideaal te combineren met vloerverwarming of extra verharder voor zware belasting.
zandcement-dekvloer-utrecht-overvecht-zone-1403,Utrecht Overvecht (Zone 1403),Utrecht,Utrecht,Regio Utrecht,N228,"vrijstaande woningen, kavelbouw en aanbouwen",Snel en krimpvrij gesmeerd met optimale hechting en strakke vlakheid.
zandcement-dekvloer-utrecht-lombok-zone-1404,Utrecht Lombok (Zone 1404),Utrecht,Utrecht,Regio Utrecht,N230,"nieuwbouwwijken, gezinswoningen en uitbouwen",Dankzij onze mobiele mengers pompen we kant-en-klare mortel direct naar de juiste laagdikte.
zandcement-dekvloer-utrecht-oog-in-al-zone-1405,Utrecht Oog in Al (Zone 1405),Utrecht,Utrecht,Regio Utrecht,A1,"historische panden, herenhuizen en renovaties",Wij adviseren hier onze droogversneller en Duremit vezels voor een snelle oplevering.
zandcement-dekvloer-utrecht-zuilen-zone-1406,Utrecht Zuilen (Zone 1406),Utrecht,Utrecht,Regio Utrecht,A2,"bedrijfspanden, garages en utiliteitsbouw",Onze mixcombinaties verwerken zandcement moeiteloos in smalle straten en op hoogte.
zandcement-dekvloer-utrecht-kanaleneiland-zone-1407,Utrecht Kanaleneiland (Zone 1407),Utrecht,Utrecht,Regio Utrecht,A12,"appartementencomplexen, hoogbouw en renovaties",Ideaal te combineren met vloerverwarming of extra verharder voor zware belasting.
zandcement-dekvloer-utrecht-wittevrouwen-zone-1408,Utrecht Wittevrouwen (Zone 1408),Utrecht,Utrecht,Regio Utrecht,A27,"vrijstaande woningen, kavelbouw en aanbouwen",Snel en krimpvrij gesmeerd met optimale hechting en strakke vlakheid.
zandcement-dekvloer-utrecht-tuindorp-zone-1409,Utrecht Tuindorp (Zone 1409),Utrecht,Utrecht,Regio Utrecht,A28,"nieuwbouwwijken, gezinswoningen en uitbouwen",Dankzij onze mobiele mengers pompen we kant-en-klare mortel direct naar de juiste laagdikte.
zandcement-dekvloer-utrecht-lunetten-zone-1410,Utrecht Lunetten (Zone 1410),Utrecht,Utrecht,Regio Utrecht,N201,"historische panden, herenhuizen en renovaties",Wij adviseren hier onze droogversneller en Duremit vezels voor een snelle oplevering.
zandcement-dekvloer-utrecht-vleuten-zone-1411,Utrecht Vleuten (Zone 1411),Utrecht,Utrecht,Regio Utrecht,N228,"bedrijfspanden, garages en utiliteitsbouw",Onze mixcombinaties verwerken zandcement moeiteloos in smalle straten en op hoogte.
zandcement-dekvloer-utrecht-de-meern-zone-1412,Utrecht De Meern (Zone 1412),Utrecht,Utrecht,Regio Utrecht,N230,"appartementencomplexen, hoogbouw en renovaties",Ideaal te combineren met vloerverwarming of extra verharder voor zware belasting.
zandcement-dekvloer-utrecht-hoograven-zone-1413,Utrecht Hoograven (Zone 1413),Utrecht,Utrecht,Regio Utrecht,A1,"vrijstaande woningen, kavelbouw en aanbouwen",Snel en krimpvrij gesmeerd met optimale hechting en strakke vlakheid.
zandcement-dekvloer-amersfoort-zone-1414,Amersfoort (Zone 1414),Amersfoort,Utrecht,Regio Amersfoort,A2,"nieuwbouwwijken, gezinswoningen en uitbouwen",Dankzij onze mobiele mengers pompen we kant-en-klare mortel direct naar de juiste laagdikte.
zandcement-dekvloer-amersfoort-vathorst-zone-1415,Amersfoort Vathorst (Zone 1415),Amersfoort,Utrecht,Regio Amersfoort,A12,"historische panden, herenhuizen en renovaties",Wij adviseren hier onze droogversneller en Duremit vezels voor een snelle oplevering.
zandcement-dekvloer-amersfoort-kattenbroek-zone-1416,Amersfoort Kattenbroek (Zone 1416),Amersfoort,Utrecht,Regio Amersfoort,A27,"bedrijfspanden, garages en utiliteitsbouw",Onze mixcombinaties verwerken zandcement moeiteloos in smalle straten en op hoogte.
zandcement-dekvloer-amersfoort-nieuwland-zone-1417,Amersfoort Nieuwland (Zone 1417),Amersfoort,Utrecht,Regio Amersfoort,A28,"appartementencomplexen, hoogbouw en renovaties",Ideaal te combineren met vloerverwarming of extra verharder voor zware belasting.
zandcement-dekvloer-amersfoort-sothorst-zone-1418,Amersfoort Sothorst (Zone 1418),Amersfoort,Utrecht,Regio Amersfoort,N201,"vrijstaande woningen, kavelbouw en aanbouwen",Snel en krimpvrij gesmeerd met optimale hechting en strakke vlakheid.
zandcement-dekvloer-amersfoort-schothorst-zone-1419,Amersfoort Schothorst (Zone 1419),Amersfoort,Utrecht,Regio Amersfoort,N228,"nieuwbouwwijken, gezinswoningen en uitbouwen",Dankzij onze mobiele mengers pompen we kant-en-klare mortel direct naar de juiste laagdikte.
zandcement-dekvloer-amersfoort-soesterkwartier-zone-1420,Amersfoort Soesterkwartier (Zone 1420),Amersfoort,Utrecht,Regio Amersfoort,N230,"historische panden, herenhuizen en renovaties",Wij adviseren hier onze droogversneller en Duremit vezels voor een snelle oplevering.
zandcement-dekvloer-amersfoort-hoogland-zone-1421,Amersfoort Hoogland (Zone 1421),Amersfoort,Utrecht,Regio Amersfoort,A1,"bedrijfspanden, garages en utiliteitsbouw",Onze mixcombinaties verwerken zandcement moeiteloos in smalle straten en op hoogte.
zandcement-dekvloer-amersfoort-hooglanderveen-zone-1422,Amersfoort Hooglanderveen (Zone 1422),Amersfoort,Utrecht,Regio Amersfoort,A2,"appartementencomplexen, hoogbouw en renovaties",Ideaal te combineren met vloerverwarming of extra verharder voor zware belasting.
zandcement-dekvloer-veenendaal-zone-1423,Veenendaal (Zone 1423),Veenendaal,Utrecht,Regio Veenendaal,A12,"vrijstaande woningen, kavelbouw en aanbouwen",Snel en krimpvrij gesmeerd met optimale hechting en strakke vlakheid.
zandcement-dekvloer-veenendaal-west-zone-1424,Veenendaal West (Zone 1424),Veenendaal,Utrecht,Regio Veenendaal,A27,"nieuwbouwwijken, gezinswoningen en uitbouwen",Dankzij onze mobiele mengers pompen we kant-en-klare mortel direct naar de juiste laagdikte.
zandcement-dekvloer-veenendaal-oost-zone-1425,Veenendaal Oost (Zone 1425),Veenendaal,Utrecht,Regio Veenendaal,A28,"historische panden, herenhuizen en renovaties",Wij adviseren hier onze droogversneller en Duremit vezels voor een snelle oplevering.
zandcement-dekvloer-veenendaal-zuid-zone-1426,Veenendaal Zuid (Zone 1426),Veenendaal,Utrecht,Regio Veenendaal,N201,"bedrijfspanden, garages en utiliteitsbouw",Onze mixcombinaties verwerken zandcement moeiteloos in smalle straten en op hoogte.
zandcement-dekvloer-veenendaal-nieuw-geldderland-zone-1427,Veenendaal Nieuw-Geldderland (Zone 1427),Veenendaal,Utrecht,Regio Veenendaal,N228,"appartementencomplexen, hoogbouw en renovaties",Ideaal te combineren met vloerverwarming of extra verharder voor zware belasting.
zandcement-dekvloer-zeist-zone-1428,Zeist (Zone 1428),Zeist,Utrecht,Regio Zeist,N230,"vrijstaande woningen, kavelbouw en aanbouwen",Snel en krimpvrij gesmeerd met optimale hechting en strakke vlakheid.
zandcement-dekvloer-zeist-den-dolder-zone-1429,Zeist Den Dolder (Zone 1429),Zeist,Utrecht,Regio Zeist,A1,"nieuwbouwwijken, gezinswoningen en uitbouwen",Dankzij onze mobiele mengers pompen we kant-en-klare mortel direct naar de juiste laagdikte.
zandcement-dekvloer-zeist-bosch-en-duin-zone-1430,Zeist Bosch en Duin (Zone 1430),Zeist,Utrecht,Regio Zeist,A2,"historische panden, herenhuizen en renovaties",Wij adviseren hier onze droogversneller en Duremit vezels voor een snelle oplevering.
zandcement-dekvloer-zeist-austerlitz-zone-1431,Zeist Austerlitz (Zone 1431),Zeist,Utrecht,Regio Zeist,A12,"bedrijfspanden, garages en utiliteitsbouw",Onze mixcombinaties verwerken zandcement moeiteloos in smalle straten en op hoogte.
zandcement-dekvloer-zeist-huis-ter-heide-zone-1432,Zeist Huis ter Heide (Zone 1432),Zeist,Utrecht,Regio Zeist,A27,"appartementencomplexen, hoogbouw en renovaties",Ideaal te combineren met vloerverwarming of extra verharder voor zware belasting.
zandcement-dekvloer-nieuwegein-zone-1433,Nieuwegein (Zone 1433),Nieuwegein,Utrecht,Regio Nieuwegein,A28,"vrijstaande woningen, kavelbouw en aanbouwen",Snel en krimpvrij gesmeerd met optimale hechting en strakke vlakheid.
zandcement-dekvloer-nieuwegein-fokkesteeg-zone-1434,Nieuwegein Fokkesteeg (Zone 1434),Nieuwegein,Utrecht,Regio Nieuwegein,N201,"nieuwbouwwijken, gezinswoningen en uitbouwen",Dankzij onze mobiele mengers pompen we kant-en-klare mortel direct naar de juiste laagdikte.
zandcement-dekvloer-nieuwegein-breeschoten-zone-1435,Nieuwegein Breeschoten (Zone 1435),Nieuwegein,Utrecht,Regio Nieuwegein,N228,"historische panden, herenhuizen en renovaties",Wij adviseren hier onze droogversneller en Duremit vezels voor een snelle oplevering.
zandcement-dekvloer-nieuwegein-galecop-zone-1436,Nieuwegein Galecop (Zone 1436),Nieuwegein,Utrecht,Regio Nieuwegein,N230,"bedrijfspanden, garages en utiliteitsbouw",Onze mixcombinaties verwerken zandcement moeiteloos in smalle straten en op hoogte.
zandcement-dekvloer-nieuwegein-batenburg-zone-1437,Nieuwegein Batenburg (Zone 1437),Nieuwegein,Utrecht,Regio Nieuwegein,A1,"appartementencomplexen, hoogbouw en renovaties",Ideaal te combineren met vloerverwarming of extra verharder voor zware belasting.
zandcement-dekvloer-nieuwegein-jutphaas-zone-1438,Nieuwegein Jutphaas (Zone 1438),Nieuwegein,Utrecht,Regio Nieuwegein,A2,"vrijstaande woningen, kavelbouw en aanbouwen",Snel en krimpvrij gesmeerd met optimale hechting en strakke vlakheid.
zandcement-dekvloer-woerden-zone-1439,Woerden (Zone 1439),Woerden,Utrecht,Regio Woerden,A12,"nieuwbouwwijken, gezinswoningen en uitbouwen",Dankzij onze mobiele mengers pompen we kant-en-klare mortel direct naar de juiste laagdikte.
zandcement-dekvloer-woerden-snel-en-polanen-zone-1440,Woerden Snel en Polanen (Zone 1440),Woerden,Utrecht,Regio Woerden,A27,"historische panden, herenhuizen en renovaties",Wij adviseren hier onze droogversneller en Duremit vezels voor een snelle oplevering.
zandcement-dekvloer-woerden-harmelen-zone-1441,Woerden Harmelen (Zone 1441),Woerden,Utrecht,Regio Woerden,A28,"bedrijfspanden, garages en utiliteitsbouw",Onze mixcombinaties verwerken zandcement moeiteloos in smalle straten en op hoogte.
zandcement-dekvloer-woerden-kamerik-zone-1442,Woerden Kamerik (Zone 1442),Woerden,Utrecht,Regio Woerden,N201,"appartementencomplexen, hoogbouw en renovaties",Ideaal te combineren met vloerverwarming of extra verharder voor zware belasting.
zandcement-dekvloer-woerden-zegveld-zone-1443,Woerden Zegveld (Zone 1443),Woerden,Utrecht,Regio Woerden,N228,"vrijstaande woningen, kavelbouw en aanbouwen",Snel en krimpvrij gesmeerd met optimale hechting en strakke vlakheid.
zandcement-dekvloer-houten-zone-1444,Houten (Zone 1444),Houten,Utrecht,Regio Houten,N230,"nieuwbouwwijken, gezinswoningen en uitbouwen",Dankzij onze mobiele mengers pompen we kant-en-klare mortel direct naar de juiste laagdikte.
zandcement-dekvloer-houten-schonauwen-zone-1445,Houten Schonauwen (Zone 1445),Houten,Utrecht,Regio Houten,A1,"historische panden, herenhuizen en renovaties",Wij adviseren hier onze droogversneller en Duremit vezels voor een snelle oplevering.
zandcement-dekvloer-houten-castellum-zone-1446,Houten Castellum (Zone 1446),Houten,Utrecht,Regio Houten,A2,"bedrijfspanden, garages en utiliteitsbouw",Onze mixcombinaties verwerken zandcement moeiteloos in smalle straten en op hoogte.
zandcement-dekvloer-houten-tull-en-t-waal-zone-1447,Houten Tull en t Waal (Zone 1447),Houten,Utrecht,Regio Houten,A12,"appartementencomplexen, hoogbouw en renovaties",Ideaal te combineren met vloerverwarming of extra verharder voor zware belasting.
zandcement-dekvloer-houten-t-goy-zone-1448,Houten t Goy (Zone 1448),Houten,Utrecht,Regio Houten,A27,"vrijstaande woningen, kavelbouw en aanbouwen",Snel en krimpvrij gesmeerd met optimale hechting en strakke vlakheid.
zandcement-dekvloer-stichtse-vecht-maarssen-zone-1449,Stichtse Vecht Maarssen (Zone 1449),Stichtse Vecht,Utrecht,Regio Stichtse Vecht,A28,"nieuwbouwwijken, gezinswoningen en uitbouwen",Dankzij onze mobiele mengers pompen we kant-en-klare mortel direct naar de juiste laagdikte.
zandcement-dekvloer-stichtse-vecht-breukelen-zone-1450,Stichtse Vecht Breukelen (Zone 1450),Stichtse Vecht,Utrecht,Regio Stichtse Vecht,N201,"historische panden, herenhuizen en renovaties",Wij adviseren hier onze droogversneller en Duremit vezels voor een snelle oplevering.
zandcement-dekvloer-stichtse-vecht-loenen-aan-de-vecht-zone-1451,Stichtse Vecht Loenen aan de Vecht (Zone 1451),Stichtse Vecht,Utrecht,Regio Stichtse Vecht,N228,"bedrijfspanden, garages en utiliteitsbouw",Onze mixcombinaties verwerken zandcement moeiteloos in smalle straten en op hoogte.
zandcement-dekvloer-stichtse-vecht-kockengen-zone-1452,Stichtse Vecht Kockengen (Zone 1452),Stichtse Vecht,Utrecht,Regio Stichtse Vecht,N230,"appartementencomplexen, hoogbouw en renovaties",Ideaal te combineren met vloerverwarming of extra verharder voor zware belasting.
zandcement-dekvloer-stichtse-vecht-nieuwer-ter-aa-zone-1453,Stichtse Vecht Nieuwer ter Aa (Zone 1453),Stichtse Vecht,Utrecht,Regio Stichtse Vecht,A1,"vrijstaande woningen, kavelbouw en aanbouwen",Snel en krimpvrij gesmeerd met optimale hechting en strakke vlakheid.
zandcement-dekvloer-stichtse-vecht-nieuwersluis-zone-1454,Stichtse Vecht Nieuwersluis (Zone 1454),Stichtse Vecht,Utrecht,Regio Stichtse Vecht,A2,"nieuwbouwwijken, gezinswoningen en uitbouwen",Dankzij onze mobiele mengers pompen we kant-en-klare mortel direct naar de juiste laagdikte.
zandcement-dekvloer-de-bilt-zone-1455,De Bilt (Zone 1455),De Bilt,Utrecht,Regio De Bilt,A12,"historische panden, herenhuizen en renovaties",Wij adviseren hier onze droogversneller en Duremit vezels voor een snelle oplevering.
zandcement-dekvloer-de-bilt-bilthoven-zone-1456,De Bilt Bilthoven (Zone 1456),De Bilt,Utrecht,Regio De Bilt,A27,"bedrijfspanden, garages en utiliteitsbouw",Onze mixcombinaties verwerken zandcement moeiteloos in smalle straten en op hoogte.
zandcement-dekvloer-de-bilt-maartensdijk-zone-1457,De Bilt Maartensdijk (Zone 1457),De Bilt,Utrecht,Regio De Bilt,A28,"appartementencomplexen, hoogbouw en renovaties",Ideaal te combineren met vloerverwarming of extra verharder voor zware belasting.
zandcement-dekvloer-de-bilt-westbroek-zone-1458,De Bilt Westbroek (Zone 1458),De Bilt,Utrecht,Regio De Bilt,N201,"vrijstaande woningen, kavelbouw en aanbouwen",Snel en krimpvrij gesmeerd met optimale hechting en strakke vlakheid.
zandcement-dekvloer-utrechtse-heuvelrug-doorn-zone-1459,Utrechtse Heuvelrug Doorn (Zone 1459),Utrechtse Heuvelrug,Utrecht,Regio Utrechtse Heuvelrug,N228,"nieuwbouwwijken, gezinswoningen en uitbouwen",Dankzij onze mobiele mengers pompen we kant-en-klare mortel direct naar de juiste laagdikte.
zandcement-dekvloer-utrechtse-heuvelrug-driebergen-rijsenburg-zone-1460,Utrechtse Heuvelrug Driebergen-Rijsenburg (Zone 1460),Utrechtse Heuvelrug,Utrecht,Regio Utrechtse Heuvelrug,N230,"historische panden, herenhuizen en renovaties",Wij adviseren hier onze droogversneller en Duremit vezels voor een snelle oplevering.
zandcement-dekvloer-utrechtse-heuvelrug-leersum-zone-1461,Utrechtse Heuvelrug Leersum (Zone 1461),Utrechtse Heuvelrug,Utrecht,Regio Utrechtse Heuvelrug,A1,"bedrijfspanden, garages en utiliteitsbouw",Onze mixcombinaties verwerken zandcement moeiteloos in smalle straten en op hoogte.
zandcement-dekvloer-utrechtse-heuvelrug-amerongen-zone-1462,Utrechtse Heuvelrug Amerongen (Zone 1462),Utrechtse Heuvelrug,Utrecht,Regio Utrechtse Heuvelrug,A2,"appartementencomplexen, hoogbouw en renovaties",Ideaal te combineren met vloerverwarming of extra verharder voor zware belasting.
zandcement-dekvloer-utrechtse-heuvelrug-maarn-zone-1463,Utrechtse Heuvelrug Maarn (Zone 1463),Utrechtse Heuvelrug,Utrecht,Regio Utrechtse Heuvelrug,A12,"vrijstaande woningen, kavelbouw en aanbouwen",Snel en krimpvrij gesmeerd met optimale hechting en strakke vlakheid.
zandcement-dekvloer-utrechtse-heuvelrug-overberg-zone-1464,Utrechtse Heuvelrug Overberg (Zone 1464),Utrechtse Heuvelrug,Utrecht,Regio Utrechtse Heuvelrug,A27,"nieuwbouwwijken, gezinswoningen en uitbouwen",Dankzij onze mobiele mengers pompen we kant-en-klare mortel direct naar de juiste laagdikte.
zandcement-dekvloer-eindhoven-zone-1465,Eindhoven (Zone 1465),Eindhoven,Noord-Brabant,Regio Eindhoven,A16,"historische panden, herenhuizen en renovaties",Wij adviseren hier onze droogversneller en Duremit vezels voor een snelle oplevering.
zandcement-dekvloer-eindhoven-strijp-s-zone-1466,Eindhoven Strijp-S (Zone 1466),Eindhoven,Noord-Brabant,Regio Eindhoven,A50,"bedrijfspanden, garages en utiliteitsbouw",Onze mixcombinaties verwerken zandcement moeiteloos in smalle straten en op hoogte.
zandcement-dekvloer-eindhoven-woensel-zone-1467,Eindhoven Woensel (Zone 1467),Eindhoven,Noord-Brabant,Regio Eindhoven,A58,"appartementencomplexen, hoogbouw en renovaties",Ideaal te combineren met vloerverwarming of extra verharder voor zware belasting.
zandcement-dekvloer-eindhoven-gestel-zone-1468,Eindhoven Gestel (Zone 1468),Eindhoven,Noord-Brabant,Regio Eindhoven,A59,"vrijstaande woningen, kavelbouw en aanbouwen",Snel en krimpvrij gesmeerd met optimale hechting en strakke vlakheid.
zandcement-dekvloer-eindhoven-stratum-zone-1469,Eindhoven Stratum (Zone 1469),Eindhoven,Noord-Brabant,Regio Eindhoven,A67,"nieuwbouwwijken, gezinswoningen en uitbouwen",Dankzij onze mobiele mengers pompen we kant-en-klare mortel direct naar de juiste laagdikte.
zandcement-dekvloer-eindhoven-tongelre-zone-1470,Eindhoven Tongelre (Zone 1470),Eindhoven,Noord-Brabant,Regio Eindhoven,N279,"historische panden, herenhuizen en renovaties",Wij adviseren hier onze droogversneller en Duremit vezels voor een snelle oplevering.
zandcement-dekvloer-eindhoven-meerhoven-zone-1471,Eindhoven Meerhoven (Zone 1471),Eindhoven,Noord-Brabant,Regio Eindhoven,A2,"bedrijfspanden, garages en utiliteitsbouw",Onze mixcombinaties verwerken zandcement moeiteloos in smalle straten en op hoogte.
zandcement-dekvloer-tilburg-zone-1472,Tilburg (Zone 1472),Tilburg,Noord-Brabant,Regio Tilburg,A16,"appartementencomplexen, hoogbouw en renovaties",Ideaal te combineren met vloerverwarming of extra verharder voor zware belasting.
zandcement-dekvloer-tilburg-reeshof-zone-1473,Tilburg Reeshof (Zone 1473),Tilburg,Noord-Brabant,Regio Tilburg,A50,"vrijstaande woningen, kavelbouw en aanbouwen",Snel en krimpvrij gesmeerd met optimale hechting en strakke vlakheid.
zandcement-dekvloer-tilburg-noord-zone-1474,Tilburg Noord (Zone 1474),Tilburg,Noord-Brabant,Regio Tilburg,A58,"nieuwbouwwijken, gezinswoningen en uitbouwen",Dankzij onze mobiele mengers pompen we kant-en-klare mortel direct naar de juiste laagdikte.
zandcement-dekvloer-tilburg-oud-zuid-zone-1475,Tilburg Oud-Zuid (Zone 1475),Tilburg,Noord-Brabant,Regio Tilburg,A59,"historische panden, herenhuizen en renovaties",Wij adviseren hier onze droogversneller en Duremit vezels voor een snelle oplevering.
zandcement-dekvloer-tilburg-west-zone-1476,Tilburg West (Zone 1476),Tilburg,Noord-Brabant,Regio Tilburg,A67,"bedrijfspanden, garages en utiliteitsbouw",Onze mixcombinaties verwerken zandcement moeiteloos in smalle straten en op hoogte.
zandcement-dekvloer-tilburg-berkel-enschot-zone-1477,Tilburg Berkel-Enschot (Zone 1477),Tilburg,Noord-Brabant,Regio Tilburg,N279,"appartementencomplexen, hoogbouw en renovaties",Ideaal te combineren met vloerverwarming of extra verharder voor zware belasting.
zandcement-dekvloer-tilburg-udenhout-zone-1478,Tilburg Udenhout (Zone 1478),Tilburg,Noord-Brabant,Regio Tilburg,A2,"vrijstaande woningen, kavelbouw en aanbouwen",Snel en krimpvrij gesmeerd met optimale hechting en strakke vlakheid.
zandcement-dekvloer-breda-zone-1479,Breda (Zone 1479),Breda,Noord-Brabant,Regio Breda,A16,"nieuwbouwwijken, gezinswoningen en uitbouwen",Dankzij onze mobiele mengers pompen we kant-en-klare mortel direct naar de juiste laagdikte.
zandcement-dekvloer-breda-haagse-beemden-zone-1480,Breda Haagse Beemden (Zone 1480),Breda,Noord-Brabant,Regio Breda,A50,"historische panden, herenhuizen en renovaties",Wij adviseren hier onze droogversneller en Duremit vezels voor een snelle oplevering.
zandcement-dekvloer-breda-ginneken-zone-1481,Breda Ginneken (Zone 1481),Breda,Noord-Brabant,Regio Breda,A58,"bedrijfspanden, garages en utiliteitsbouw",Onze mixcombinaties verwerken zandcement moeiteloos in smalle straten en op hoogte.
zandcement-dekvloer-breda-bavel-zone-1482,Breda Bavel (Zone 1482),Breda,Noord-Brabant,Regio Breda,A59,"appartementencomplexen, hoogbouw en renovaties",Ideaal te combineren met vloerverwarming of extra verharder voor zware belasting.
zandcement-dekvloer-breda-prinsenbeek-zone-1483,Breda Prinsenbeek (Zone 1483),Breda,Noord-Brabant,Regio Breda,A67,"vrijstaande woningen, kavelbouw en aanbouwen",Snel en krimpvrij gesmeerd met optimale hechting en strakke vlakheid.
zandcement-dekvloer-breda-ulvenhout-zone-1484,Breda Ulvenhout (Zone 1484),Breda,Noord-Brabant,Regio Breda,N279,"nieuwbouwwijken, gezinswoningen en uitbouwen",Dankzij onze mobiele mengers pompen we kant-en-klare mortel direct naar de juiste laagdikte.
zandcement-dekvloer-breda-teteringen-zone-1485,Breda Teteringen (Zone 1485),Breda,Noord-Brabant,Regio Breda,A2,"historische panden, herenhuizen en renovaties",Wij adviseren hier onze droogversneller en Duremit vezels voor een snelle oplevering.
zandcement-dekvloer-s-hertogenbosch-zone-1486,s-Hertogenbosch (Zone 1486),s-Hertogenbosch,Noord-Brabant,Regio s-Hertogenbosch,A16,"bedrijfspanden, garages en utiliteitsbouw",Onze mixcombinaties verwerken zandcement moeiteloos in smalle straten en op hoogte.
zandcement-dekvloer-s-hertogenbosch-rosmalen-zone-1487,s-Hertogenbosch Rosmalen (Zone 1487),s-Hertogenbosch,Noord-Brabant,Regio s-Hertogenbosch,A50,"appartementencomplexen, hoogbouw en renovaties",Ideaal te combineren met vloerverwarming of extra verharder voor zware belasting.
zandcement-dekvloer-s-hertogenbosch-empel-zone-1488,s-Hertogenbosch Empel (Zone 1488),s-Hertogenbosch,Noord-Brabant,Regio s-Hertogenbosch,A58,"vrijstaande woningen, kavelbouw en aanbouwen",Snel en krimpvrij gesmeerd met optimale hechting en strakke vlakheid.
zandcement-dekvloer-s-hertogenbosch-engelen-zone-1489,s-Hertogenbosch Engelen (Zone 1489),s-Hertogenbosch,Noord-Brabant,Regio s-Hertogenbosch,A59,"nieuwbouwwijken, gezinswoningen en uitbouwen",Dankzij onze mobiele mengers pompen we kant-en-klare mortel direct naar de juiste laagdikte.
zandcement-dekvloer-s-hertogenbosch-maaspoort-zone-1490,s-Hertogenbosch Maaspoort (Zone 1490),s-Hertogenbosch,Noord-Brabant,Regio s-Hertogenbosch,A67,"historische panden, herenhuizen en renovaties",Wij adviseren hier onze droogversneller en Duremit vezels voor een snelle oplevering.
zandcement-dekvloer-s-hertogenbosch-muntel-zone-1491,s-Hertogenbosch Muntel (Zone 1491),s-Hertogenbosch,Noord-Brabant,Regio s-Hertogenbosch,N279,"bedrijfspanden, garages en utiliteitsbouw",Onze mixcombinaties verwerken zandcement moeiteloos in smalle straten en op hoogte.
zandcement-dekvloer-s-hertogenbosch-west-zone-1492,s-Hertogenbosch West (Zone 1492),s-Hertogenbosch,Noord-Brabant,Regio s-Hertogenbosch,A2,"appartementencomplexen, hoogbouw en renovaties",Ideaal te combineren met vloerverwarming of extra verharder voor zware belasting.
zandcement-dekvloer-helmond-zone-1493,Helmond (Zone 1493),Helmond,Noord-Brabant,Regio Helmond,A16,"vrijstaande woningen, kavelbouw en aanbouwen",Snel en krimpvrij gesmeerd met optimale hechting en strakke vlakheid.
zandcement-dekvloer-helmond-brandevoort-zone-1494,Helmond Brandevoort (Zone 1494),Helmond,Noord-Brabant,Regio Helmond,A50,"nieuwbouwwijken, gezinswoningen en uitbouwen",Dankzij onze mobiele mengers pompen we kant-en-klare mortel direct naar de juiste laagdikte.
zandcement-dekvloer-helmond-stiphout-zone-1495,Helmond Stiphout (Zone 1495),Helmond,Noord-Brabant,Regio Helmond,A58,"historische panden, herenhuizen en renovaties",Wij adviseren hier onze droogversneller en Duremit vezels voor een snelle oplevering.
zandcement-dekvloer-helmond-mierlo-hout-zone-1496,Helmond Mierlo-Hout (Zone 1496),Helmond,Noord-Brabant,Regio Helmond,A59,"bedrijfspanden, garages en utiliteitsbouw",Onze mixcombinaties verwerken zandcement moeiteloos in smalle straten en op hoogte.
zandcement-dekvloer-helmond-rijpelberg-zone-1497,Helmond Rijpelberg (Zone 1497),Helmond,Noord-Brabant,Regio Helmond,A67,"appartementencomplexen, hoogbouw en renovaties",Ideaal te combineren met vloerverwarming of extra verharder voor zware belasting.
zandcement-dekvloer-helmond-brouwhuis-zone-1498,Helmond Brouwhuis (Zone 1498),Helmond,Noord-Brabant,Regio Helmond,N279,"vrijstaande woningen, kavelbouw en aanbouwen",Snel en krimpvrij gesmeerd met optimale hechting en strakke vlakheid.
zandcement-dekvloer-roosendaal-zone-1499,Roosendaal (Zone 1499),Roosendaal,Noord-Brabant,Regio Roosendaal,A2,"nieuwbouwwijken, gezinswoningen en uitbouwen",Dankzij onze mobiele mengers pompen we kant-en-klare mortel direct naar de juiste laagdikte.
zandcement-dekvloer-roosendaal-kortendijk-zone-1500,Roosendaal Kortendijk (Zone 1500),Roosendaal,Noord-Brabant,Regio Roosendaal,A16,"historische panden, herenhuizen en renovaties",Wij adviseren hier onze droogversneller en Duremit vezels voor een snelle oplevering.
zandcement-dekvloer-roosendaal-langdonk-zone-1501,Roosendaal Langdonk (Zone 1501),Roosendaal,Noord-Brabant,Regio Roosendaal,A50,"bedrijfspanden, garages en utiliteitsbouw",Onze mixcombinaties verwerken zandcement moeiteloos in smalle straten en op hoogte.
zandcement-dekvloer-roosendaal-tolberg-zone-1502,Roosendaal Tolberg (Zone 1502),Roosendaal,Noord-Brabant,Regio Roosendaal,A58,"appartementencomplexen, hoogbouw en renovaties",Ideaal te combineren met vloerverwarming of extra verharder voor zware belasting.
zandcement-dekvloer-roosendaal-wouw-zone-1503,Roosendaal Wouw (Zone 1503),Roosendaal,Noord-Brabant,Regio Roosendaal,A59,"vrijstaande woningen, kavelbouw en aanbouwen",Snel en krimpvrij gesmeerd met optimale hechting en strakke vlakheid.
zandcement-dekvloer-roosendaal-nispen-zone-1504,Roosendaal Nispen (Zone 1504),Roosendaal,Noord-Brabant,Regio Roosendaal,A67,"nieuwbouwwijken, gezinswoningen en uitbouwen",Dankzij onze mobiele mengers pompen we kant-en-klare mortel direct naar de juiste laagdikte.
zandcement-dekvloer-bergen-op-zoom-zone-1505,Bergen op Zoom (Zone 1505),Bergen op Zoom,Noord-Brabant,Regio Bergen op Zoom,N279,"historische panden, herenhuizen en renovaties",Wij adviseren hier onze droogversneller en Duremit vezels voor een snelle oplevering.
zandcement-dekvloer-bergen-op-zoom-meerenakker-zone-1506,Bergen op Zoom Meerenakker (Zone 1506),Bergen op Zoom,Noord-Brabant,Regio Bergen op Zoom,A2,"bedrijfspanden, garages en utiliteitsbouw",Onze mixcombinaties verwerken zandcement moeiteloos in smalle straten en op hoogte.
zandcement-dekvloer-bergen-op-zoom-gageldonk-zone-1507,Bergen op Zoom Gageldonk (Zone 1507),Bergen op Zoom,Noord-Brabant,Regio Bergen op Zoom,A16,"appartementencomplexen, hoogbouw en renovaties",Ideaal te combineren met vloerverwarming of extra verharder voor zware belasting.
zandcement-dekvloer-bergen-op-zoom-halsteren-zone-1508,Bergen op Zoom Halsteren (Zone 1508),Bergen op Zoom,Noord-Brabant,Regio Bergen op Zoom,A50,"vrijstaande woningen, kavelbouw en aanbouwen",Snel en krimpvrij gesmeerd met optimale hechting en strakke vlakheid.
zandcement-dekvloer-bergen-op-zoom-lepelstraat-zone-1509,Bergen op Zoom Lepelstraat (Zone 1509),Bergen op Zoom,Noord-Brabant,Regio Bergen op Zoom,A58,"nieuwbouwwijken, gezinswoningen en uitbouwen",Dankzij onze mobiele mengers pompen we kant-en-klare mortel direct naar de juiste laagdikte.
zandcement-dekvloer-oss-zone-1510,Oss (Zone 1510),Oss,Noord-Brabant,Regio Oss,A59,"historische panden, herenhuizen en renovaties",Wij adviseren hier onze droogversneller en Duremit vezels voor een snelle oplevering.
zandcement-dekvloer-oss-ussen-zone-1511,Oss Ussen (Zone 1511),Oss,Noord-Brabant,Regio Oss,A67,"bedrijfspanden, garages en utiliteitsbouw",Onze mixcombinaties verwerken zandcement moeiteloos in smalle straten en op hoogte.
zandcement-dekvloer-oss-ruwaard-zone-1512,Oss Ruwaard (Zone 1512),Oss,Noord-Brabant,Regio Oss,N279,"appartementencomplexen, hoogbouw en renovaties",Ideaal te combineren met vloerverwarming of extra verharder voor zware belasting.
zandcement-dekvloer-oss-berghem-zone-1513,Oss Berghem (Zone 1513),Oss,Noord-Brabant,Regio Oss,A2,"vrijstaande woningen, kavelbouw en aanbouwen",Snel en krimpvrij gesmeerd met optimale hechting en strakke vlakheid.
zandcement-dekvloer-oss-geffen-zone-1514,Oss Geffen (Zone 1514),Oss,Noord-Brabant,Regio Oss,A16,"nieuwbouwwijken, gezinswoningen en uitbouwen",Dankzij onze mobiele mengers pompen we kant-en-klare mortel direct naar de juiste laagdikte.
zandcement-dekvloer-oss-lith-zone-1515,Oss Lith (Zone 1515),Oss,Noord-Brabant,Regio Oss,A50,"historische panden, herenhuizen en renovaties",Wij adviseren hier onze droogversneller en Duremit vezels voor een snelle oplevering.
zandcement-dekvloer-oss-ravenstein-zone-1516,Oss Ravenstein (Zone 1516),Oss,Noord-Brabant,Regio Oss,A58,"bedrijfspanden, garages en utiliteitsbouw",Onze mixcombinaties verwerken zandcement moeiteloos in smalle straten en op hoogte.
zandcement-dekvloer-meierijstad-veghel-zone-1517,Meierijstad Veghel (Zone 1517),Meierijstad,Noord-Brabant,Regio Meierijstad,A59,"appartementencomplexen, hoogbouw en renovaties",Ideaal te combineren met vloerverwarming of extra verharder voor zware belasting.
zandcement-dekvloer-meierijstad-schijndel-zone-1518,Meierijstad Schijndel (Zone 1518),Meierijstad,Noord-Brabant,Regio Meierijstad,A67,"vrijstaande woningen, kavelbouw en aanbouwen",Snel en krimpvrij gesmeerd met optimale hechting en strakke vlakheid.
zandcement-dekvloer-meierijstad-sint-oedenrode-zone-1519,Meierijstad Sint-Oedenrode (Zone 1519),Meierijstad,Noord-Brabant,Regio Meierijstad,N279,"nieuwbouwwijken, gezinswoningen en uitbouwen",Dankzij onze mobiele mengers pompen we kant-en-klare mortel direct naar de juiste laagdikte.
zandcement-dekvloer-meierijstad-erp-zone-1520,Meierijstad Erp (Zone 1520),Meierijstad,Noord-Brabant,Regio Meierijstad,A2,"historische panden, herenhuizen en renovaties",Wij adviseren hier onze droogversneller en Duremit vezels voor een snelle oplevering.
zandcement-dekvloer-meierijstad-eerde-zone-1521,Meierijstad Eerde (Zone 1521),Meierijstad,Noord-Brabant,Regio Meierijstad,A16,"bedrijfspanden, garages en utiliteitsbouw",Onze mixcombinaties verwerken zandcement moeiteloos in smalle straten en op hoogte.
zandcement-dekvloer-meierijstad-zijtaart-zone-1522,Meierijstad Zijtaart (Zone 1522),Meierijstad,Noord-Brabant,Regio Meierijstad,A50,"appartementencomplexen, hoogbouw en renovaties",Ideaal te combineren met vloerverwarming of extra verharder voor zware belasting.
zandcement-dekvloer-maashorst-uden-zone-1523,Maashorst Uden (Zone 1523),Maashorst,Noord-Brabant,Regio Maashorst,A58,"vrijstaande woningen, kavelbouw en aanbouwen",Snel en krimpvrij gesmeerd met optimale hechting en strakke vlakheid.
zandcement-dekvloer-maashorst-volkel-zone-1524,Maashorst Volkel (Zone 1524),Maashorst,Noord-Brabant,Regio Maashorst,A59,"nieuwbouwwijken, gezinswoningen en uitbouwen",Dankzij onze mobiele mengers pompen we kant-en-klare mortel direct naar de juiste laagdikte.
zandcement-dekvloer-maashorst-odiliapeel-zone-1525,Maashorst Odiliapeel (Zone 1525),Maashorst,Noord-Brabant,Regio Maashorst,A67,"historische panden, herenhuizen en renovaties",Wij adviseren hier onze droogversneller en Duremit vezels voor een snelle oplevering.
zandcement-dekvloer-maashorst-zeeland-zone-1526,Maashorst Zeeland (Zone 1526),Maashorst,Noord-Brabant,Regio Maashorst,N279,"bedrijfspanden, garages en utiliteitsbouw",Onze mixcombinaties verwerken zandcement moeiteloos in smalle straten en op hoogte.
zandcement-dekvloer-maashorst-reek-zone-1527,Maashorst Reek (Zone 1527),Maashorst,Noord-Brabant,Regio Maashorst,A2,"appartementencomplexen, hoogbouw en renovaties",Ideaal te combineren met vloerverwarming of extra verharder voor zware belasting.
zandcement-dekvloer-nijmegen-zone-1528,Nijmegen (Zone 1528),Nijmegen,Gelderland,Regio Nijmegen,A12,"vrijstaande woningen, kavelbouw en aanbouwen",Snel en krimpvrij gesmeerd met optimale hechting en strakke vlakheid.
zandcement-dekvloer-nijmegen-dukenburg-zone-1529,Nijmegen Dukenburg (Zone 1529),Nijmegen,Gelderland,Regio Nijmegen,A15,"nieuwbouwwijken, gezinswoningen en uitbouwen",Dankzij onze mobiele mengers pompen we kant-en-klare mortel direct naar de juiste laagdikte.
zandcement-dekvloer-nijmegen-lindenholt-zone-1530,Nijmegen Lindenholt (Zone 1530),Nijmegen,Gelderland,Regio Nijmegen,A18,"historische panden, herenhuizen en renovaties",Wij adviseren hier onze droogversneller en Duremit vezels voor een snelle oplevering.
zandcement-dekvloer-nijmegen-nijmegen-noord-zone-1531,Nijmegen Nijmegen-Noord (Zone 1531),Nijmegen,Gelderland,Regio Nijmegen,A50,"bedrijfspanden, garages en utiliteitsbouw",Onze mixcombinaties verwerken zandcement moeiteloos in smalle straten en op hoogte.
zandcement-dekvloer-nijmegen-oosterhout-zone-1532,Nijmegen Oosterhout (Zone 1532),Nijmegen,Gelderland,Regio Nijmegen,A73,"appartementencomplexen, hoogbouw en renovaties",Ideaal te combineren met vloerverwarming of extra verharder voor zware belasting.
zandcement-dekvloer-nijmegen-hatert-zone-1533,Nijmegen Hatert (Zone 1533),Nijmegen,Gelderland,Regio Nijmegen,N325,"vrijstaande woningen, kavelbouw en aanbouwen",Snel en krimpvrij gesmeerd met optimale hechting en strakke vlakheid.
zandcement-dekvloer-nijmegen-goffert-zone-1534,Nijmegen Goffert (Zone 1534),Nijmegen,Gelderland,Regio Nijmegen,A1,"nieuwbouwwijken, gezinswoningen en uitbouwen",Dankzij onze mobiele mengers pompen we kant-en-klare mortel direct naar de juiste laagdikte.
zandcement-dekvloer-arnhem-zone-1535,Arnhem (Zone 1535),Arnhem,Gelderland,Regio Arnhem,A12,"historische panden, herenhuizen en renovaties",Wij adviseren hier onze droogversneller en Duremit vezels voor een snelle oplevering.
zandcement-dekvloer-arnhem-presikhaaf-zone-1536,Arnhem Presikhaaf (Zone 1536),Arnhem,Gelderland,Regio Arnhem,A15,"bedrijfspanden, garages en utiliteitsbouw",Onze mixcombinaties verwerken zandcement moeiteloos in smalle straten en op hoogte.
zandcement-dekvloer-arnhem-elden-zone-1537,Arnhem Elden (Zone 1537),Arnhem,Gelderland,Regio Arnhem,A18,"appartementencomplexen, hoogbouw en renovaties",Ideaal te combineren met vloerverwarming of extra verharder voor zware belasting.
zandcement-dekvloer-arnhem-schuytgraaf-zone-1538,Arnhem Schuytgraaf (Zone 1538),Arnhem,Gelderland,Regio Arnhem,A50,"vrijstaande woningen, kavelbouw en aanbouwen",Snel en krimpvrij gesmeerd met optimale hechting en strakke vlakheid.
zandcement-dekvloer-arnhem-klarendal-zone-1539,Arnhem Klarendal (Zone 1539),Arnhem,Gelderland,Regio Arnhem,A73,"nieuwbouwwijken, gezinswoningen en uitbouwen",Dankzij onze mobiele mengers pompen we kant-en-klare mortel direct naar de juiste laagdikte.
zandcement-dekvloer-arnhem-velp-grens-zone-1540,Arnhem Velp-grens (Zone 1540),Arnhem,Gelderland,Regio Arnhem,N325,"historische panden, herenhuizen en renovaties",Wij adviseren hier onze droogversneller en Duremit vezels voor een snelle oplevering.
zandcement-dekvloer-arnhem-sonsbeek-zone-1541,Arnhem Sonsbeek (Zone 1541),Arnhem,Gelderland,Regio Arnhem,A1,"bedrijfspanden, garages en utiliteitsbouw",Onze mixcombinaties verwerken zandcement moeiteloos in smalle straten en op hoogte.
zandcement-dekvloer-apeldoorn-zone-1542,Apeldoorn (Zone 1542),Apeldoorn,Gelderland,Regio Apeldoorn,A12,"appartementencomplexen, hoogbouw en renovaties",Ideaal te combineren met vloerverwarming of extra verharder voor zware belasting.
zandcement-dekvloer-apeldoorn-maten-zone-1543,Apeldoorn Maten (Zone 1543),Apeldoorn,Gelderland,Regio Apeldoorn,A15,"vrijstaande woningen, kavelbouw en aanbouwen",Snel en krimpvrij gesmeerd met optimale hechting en strakke vlakheid.
zandcement-dekvloer-apeldoorn-zevenhuizen-zone-1544,Apeldoorn Zevenhuizen (Zone 1544),Apeldoorn,Gelderland,Regio Apeldoorn,A18,"nieuwbouwwijken, gezinswoningen en uitbouwen",Dankzij onze mobiele mengers pompen we kant-en-klare mortel direct naar de juiste laagdikte.
zandcement-dekvloer-apeldoorn-osseveld-zone-1545,Apeldoorn Osseveld (Zone 1545),Apeldoorn,Gelderland,Regio Apeldoorn,A50,"historische panden, herenhuizen en renovaties",Wij adviseren hier onze droogversneller en Duremit vezels voor een snelle oplevering.
zandcement-dekvloer-apeldoorn-uddel-zone-1546,Apeldoorn Uddel (Zone 1546),Apeldoorn,Gelderland,Regio Apeldoorn,A73,"bedrijfspanden, garages en utiliteitsbouw",Onze mixcombinaties verwerken zandcement moeiteloos in smalle straten en op hoogte.
zandcement-dekvloer-apeldoorn-hoenderloo-zone-1547,Apeldoorn Hoenderloo (Zone 1547),Apeldoorn,Gelderland,Regio Apeldoorn,N325,"appartementencomplexen, hoogbouw en renovaties",Ideaal te combineren met vloerverwarming of extra verharder voor zware belasting.
zandcement-dekvloer-apeldoorn-beekbergen-zone-1548,Apeldoorn Beekbergen (Zone 1548),Apeldoorn,Gelderland,Regio Apeldoorn,A1,"vrijstaande woningen, kavelbouw en aanbouwen",Snel en krimpvrij gesmeerd met optimale hechting en strakke vlakheid.
zandcement-dekvloer-apeldoorn-loenen-zone-1549,Apeldoorn Loenen (Zone 1549),Apeldoorn,Gelderland,Regio Apeldoorn,A12,"nieuwbouwwijken, gezinswoningen en uitbouwen",Dankzij onze mobiele mengers pompen we kant-en-klare mortel direct naar de juiste laagdikte.
zandcement-dekvloer-ede-zone-1550,Ede (Zone 1550),Ede,Gelderland,Regio Ede,A15,"historische panden, herenhuizen en renovaties",Wij adviseren hier onze droogversneller en Duremit vezels voor een snelle oplevering.
zandcement-dekvloer-ede-veldhuizen-zone-1551,Ede Veldhuizen (Zone 1551),Ede,Gelderland,Regio Ede,A18,"bedrijfspanden, garages en utiliteitsbouw",Onze mixcombinaties verwerken zandcement moeiteloos in smalle straten en op hoogte.
zandcement-dekvloer-ede-rietkampen-zone-1552,Ede Rietkampen (Zone 1552),Ede,Gelderland,Regio Ede,A50,"appartementencomplexen, hoogbouw en renovaties",Ideaal te combineren met vloerverwarming of extra verharder voor zware belasting.
zandcement-dekvloer-ede-bennekom-zone-1553,Ede Bennekom (Zone 1553),Ede,Gelderland,Regio Ede,A73,"vrijstaande woningen, kavelbouw en aanbouwen",Snel en krimpvrij gesmeerd met optimale hechting en strakke vlakheid.
zandcement-dekvloer-ede-lunteren-zone-1554,Ede Lunteren (Zone 1554),Ede,Gelderland,Regio Ede,N325,"nieuwbouwwijken, gezinswoningen en uitbouwen",Dankzij onze mobiele mengers pompen we kant-en-klare mortel direct naar de juiste laagdikte.
zandcement-dekvloer-ede-ederveen-zone-1555,Ede Ederveen (Zone 1555),Ede,Gelderland,Regio Ede,A1,"historische panden, herenhuizen en renovaties",Wij adviseren hier onze droogversneller en Duremit vezels voor een snelle oplevering.
zandcement-dekvloer-ede-harskamp-zone-1556,Ede Harskamp (Zone 1556),Ede,Gelderland,Regio Ede,A12,"bedrijfspanden, garages en utiliteitsbouw",Onze mixcombinaties verwerken zandcement moeiteloos in smalle straten en op hoogte.
zandcement-dekvloer-ede-otterlo-zone-1557,Ede Otterlo (Zone 1557),Ede,Gelderland,Regio Ede,A15,"appartementencomplexen, hoogbouw en renovaties",Ideaal te combineren met vloerverwarming of extra verharder voor zware belasting.
zandcement-dekvloer-doetinchem-zone-1558,Doetinchem (Zone 1558),Doetinchem,Gelderland,Regio Doetinchem,A18,"vrijstaande woningen, kavelbouw en aanbouwen",Snel en krimpvrij gesmeerd met optimale hechting en strakke vlakheid.
zandcement-dekvloer-doetinchem-de-huet-zone-1559,Doetinchem De Huet (Zone 1559),Doetinchem,Gelderland,Regio Doetinchem,A50,"nieuwbouwwijken, gezinswoningen en uitbouwen",Dankzij onze mobiele mengers pompen we kant-en-klare mortel direct naar de juiste laagdikte.
zandcement-dekvloer-doetinchem-overstegen-zone-1560,Doetinchem Overstegen (Zone 1560),Doetinchem,Gelderland,Regio Doetinchem,A73,"historische panden, herenhuizen en renovaties",Wij adviseren hier onze droogversneller en Duremit vezels voor een snelle oplevering.
zandcement-dekvloer-doetinchem-wehl-zone-1561,Doetinchem Wehl (Zone 1561),Doetinchem,Gelderland,Regio Doetinchem,N325,"bedrijfspanden, garages en utiliteitsbouw",Onze mixcombinaties verwerken zandcement moeiteloos in smalle straten en op hoogte.
zandcement-dekvloer-doetinchem-gaanderen-zone-1562,Doetinchem Gaanderen (Zone 1562),Doetinchem,Gelderland,Regio Doetinchem,A1,"appartementencomplexen, hoogbouw en renovaties",Ideaal te combineren met vloerverwarming of extra verharder voor zware belasting.
zandcement-dekvloer-barneveld-barneveld-dorp-zone-1563,Barneveld Barneveld-dorp (Zone 1563),Barneveld,Gelderland,Regio Barneveld,A12,"vrijstaande woningen, kavelbouw en aanbouwen",Snel en krimpvrij gesmeerd met optimale hechting en strakke vlakheid.
zandcement-dekvloer-barneveld-voorthuizen-zone-1564,Barneveld Voorthuizen (Zone 1564),Barneveld,Gelderland,Regio Barneveld,A15,"nieuwbouwwijken, gezinswoningen en uitbouwen",Dankzij onze mobiele mengers pompen we kant-en-klare mortel direct naar de juiste laagdikte.
zandcement-dekvloer-barneveld-kootwijk-zone-1565,Barneveld Kootwijk (Zone 1565),Barneveld,Gelderland,Regio Barneveld,A18,"historische panden, herenhuizen en renovaties",Wij adviseren hier onze droogversneller en Duremit vezels voor een snelle oplevering.
zandcement-dekvloer-barneveld-garderen-zone-1566,Barneveld Garderen (Zone 1566),Barneveld,Gelderland,Regio Barneveld,A50,"bedrijfspanden, garages en utiliteitsbouw",Onze mixcombinaties verwerken zandcement moeiteloos in smalle straten en op hoogte.
zandcement-dekvloer-barneveld-stroe-zone-1567,Barneveld Stroe (Zone 1567),Barneveld,Gelderland,Regio Barneveld,A73,"appartementencomplexen, hoogbouw en renovaties",Ideaal te combineren met vloerverwarming of extra verharder voor zware belasting.
zandcement-dekvloer-barneveld-terschuur-zone-1568,Barneveld Terschuur (Zone 1568),Barneveld,Gelderland,Regio Barneveld,N325,"vrijstaande woningen, kavelbouw en aanbouwen",Snel en krimpvrij gesmeerd met optimale hechting en strakke vlakheid.
zandcement-dekvloer-barneveld-zwartebroek-zone-1569,Barneveld Zwartebroek (Zone 1569),Barneveld,Gelderland,Regio Barneveld,A1,"nieuwbouwwijken, gezinswoningen en uitbouwen",Dankzij onze mobiele mengers pompen we kant-en-klare mortel direct naar de juiste laagdikte.
zandcement-dekvloer-overbetuwe-elst-zone-1570,Overbetuwe Elst (Zone 1570),Overbetuwe,Gelderland,Regio Overbetuwe,A12,"historische panden, herenhuizen en renovaties",Wij adviseren hier onze droogversneller en Duremit vezels voor een snelle oplevering.
zandcement-dekvloer-overbetuwe-zetten-zone-1571,Overbetuwe Zetten (Zone 1571),Overbetuwe,Gelderland,Regio Overbetuwe,A15,"bedrijfspanden, garages en utiliteitsbouw",Onze mixcombinaties verwerken zandcement moeiteloos in smalle straten en op hoogte.
zandcement-dekvloer-overbetuwe-driel-zone-1572,Overbetuwe Driel (Zone 1572),Overbetuwe,Gelderland,Regio Overbetuwe,A18,"appartementencomplexen, hoogbouw en renovaties",Ideaal te combineren met vloerverwarming of extra verharder voor zware belasting.
zandcement-dekvloer-overbetuwe-heteren-zone-1573,Overbetuwe Heteren (Zone 1573),Overbetuwe,Gelderland,Regio Overbetuwe,A50,"vrijstaande woningen, kavelbouw en aanbouwen",Snel en krimpvrij gesmeerd met optimale hechting en strakke vlakheid.
zandcement-dekvloer-overbetuwe-andelst-zone-1574,Overbetuwe Andelst (Zone 1574),Overbetuwe,Gelderland,Regio Overbetuwe,A73,"nieuwbouwwijken, gezinswoningen en uitbouwen",Dankzij onze mobiele mengers pompen we kant-en-klare mortel direct naar de juiste laagdikte.
zandcement-dekvloer-overbetuwe-valburg-zone-1575,Overbetuwe Valburg (Zone 1575),Overbetuwe,Gelderland,Regio Overbetuwe,N325,"historische panden, herenhuizen en renovaties",Wij adviseren hier onze droogversneller en Duremit vezels voor een snelle oplevering.
zandcement-dekvloer-lingewaard-bemmel-zone-1576,Lingewaard Bemmel (Zone 1576),Lingewaard,Gelderland,Regio Lingewaard,A1,"bedrijfspanden, garages en utiliteitsbouw",Onze mixcombinaties verwerken zandcement moeiteloos in smalle straten en op hoogte.
zandcement-dekvloer-lingewaard-huissen-zone-1577,Lingewaard Huissen (Zone 1577),Lingewaard,Gelderland,Regio Lingewaard,A12,"appartementencomplexen, hoogbouw en renovaties",Ideaal te combineren met vloerverwarming of extra verharder voor zware belasting.
zandcement-dekvloer-lingewaard-gendt-zone-1578,Lingewaard Gendt (Zone 1578),Lingewaard,Gelderland,Regio Lingewaard,A15,"vrijstaande woningen, kavelbouw en aanbouwen",Snel en krimpvrij gesmeerd met optimale hechting en strakke vlakheid.
zandcement-dekvloer-lingewaard-angeren-zone-1579,Lingewaard Angeren (Zone 1579),Lingewaard,Gelderland,Regio Lingewaard,A18,"nieuwbouwwijken, gezinswoningen en uitbouwen",Dankzij onze mobiele mengers pompen we kant-en-klare mortel direct naar de juiste laagdikte.
zandcement-dekvloer-lingewaard-doornenburg-zone-1580,Lingewaard Doornenburg (Zone 1580),Lingewaard,Gelderland,Regio Lingewaard,A50,"historische panden, herenhuizen en renovaties",Wij adviseren hier onze droogversneller en Duremit vezels voor een snelle oplevering.
zandcement-dekvloer-zwolle-zone-1581,Zwolle (Zone 1581),Zwolle,Overijssel,Regio Zwolle,A1,"bedrijfspanden, garages en utiliteitsbouw",Onze mixcombinaties verwerken zandcement moeiteloos in smalle straten en op hoogte.
zandcement-dekvloer-zwolle-stadshagen-zone-1582,Zwolle Stadshagen (Zone 1582),Zwolle,Overijssel,Regio Zwolle,A28,"appartementencomplexen, hoogbouw en renovaties",Ideaal te combineren met vloerverwarming of extra verharder voor zware belasting.
zandcement-dekvloer-zwolle-aa-landen-zone-1583,Zwolle Aa-landen (Zone 1583),Zwolle,Overijssel,Regio Zwolle,A35,"vrijstaande woningen, kavelbouw en aanbouwen",Snel en krimpvrij gesmeerd met optimale hechting en strakke vlakheid.
zandcement-dekvloer-zwolle-holtenbroek-zone-1584,Zwolle Holtenbroek (Zone 1584),Zwolle,Overijssel,Regio Zwolle,N35,"nieuwbouwwijken, gezinswoningen en uitbouwen",Dankzij onze mobiele mengers pompen we kant-en-klare mortel direct naar de juiste laagdikte.
zandcement-dekvloer-zwolle-berkum-zone-1585,Zwolle Berkum (Zone 1585),Zwolle,Overijssel,Regio Zwolle,N34,"historische panden, herenhuizen en renovaties",Wij adviseren hier onze droogversneller en Duremit vezels voor een snelle oplevering.
zandcement-dekvloer-zwolle-zwolle-zuid-zone-1586,Zwolle Zwolle-Zuid (Zone 1586),Zwolle,Overijssel,Regio Zwolle,N50,"bedrijfspanden, garages en utiliteitsbouw",Onze mixcombinaties verwerken zandcement moeiteloos in smalle straten en op hoogte.
zandcement-dekvloer-zwolle-assendorp-zone-1587,Zwolle Assendorp (Zone 1587),Zwolle,Overijssel,Regio Zwolle,A1,"appartementencomplexen, hoogbouw en renovaties",Ideaal te combineren met vloerverwarming of extra verharder voor zware belasting.
zandcement-dekvloer-enschede-zone-1588,Enschede (Zone 1588),Enschede,Overijssel,Regio Enschede,A28,"vrijstaande woningen, kavelbouw en aanbouwen",Snel en krimpvrij gesmeerd met optimale hechting en strakke vlakheid.
zandcement-dekvloer-enschede-stadsveld-zone-1589,Enschede Stadsveld (Zone 1589),Enschede,Overijssel,Regio Enschede,A35,"nieuwbouwwijken, gezinswoningen en uitbouwen",Dankzij onze mobiele mengers pompen we kant-en-klare mortel direct naar de juiste laagdikte.
zandcement-dekvloer-enschede-twekkelerveld-zone-1590,Enschede Twekkelerveld (Zone 1590),Enschede,Overijssel,Regio Enschede,N35,"historische panden, herenhuizen en renovaties",Wij adviseren hier onze droogversneller en Duremit vezels voor een snelle oplevering.
zandcement-dekvloer-enschede-glanerbrug-zone-1591,Enschede Glanerbrug (Zone 1591),Enschede,Overijssel,Regio Enschede,N34,"bedrijfspanden, garages en utiliteitsbouw",Onze mixcombinaties verwerken zandcement moeiteloos in smalle straten en op hoogte.
zandcement-dekvloer-enschede-lonneker-zone-1592,Enschede Lonneker (Zone 1592),Enschede,Overijssel,Regio Enschede,N50,"appartementencomplexen, hoogbouw en renovaties",Ideaal te combineren met vloerverwarming of extra verharder voor zware belasting.
zandcement-dekvloer-enschede-helmerhoek-zone-1593,Enschede Helmerhoek (Zone 1593),Enschede,Overijssel,Regio Enschede,A1,"vrijstaande woningen, kavelbouw en aanbouwen",Snel en krimpvrij gesmeerd met optimale hechting en strakke vlakheid.
zandcement-dekvloer-hengelo-zone-1594,Hengelo (Zone 1594),Hengelo,Overijssel,Regio Hengelo,A28,"nieuwbouwwijken, gezinswoningen en uitbouwen",Dankzij onze mobiele mengers pompen we kant-en-klare mortel direct naar de juiste laagdikte.
zandcement-dekvloer-hengelo-hasseler-es-zone-1595,Hengelo Hasseler Es (Zone 1595),Hengelo,Overijssel,Regio Hengelo,A35,"historische panden, herenhuizen en renovaties",Wij adviseren hier onze droogversneller en Duremit vezels voor een snelle oplevering.
zandcement-dekvloer-hengelo-slangenbeek-zone-1596,Hengelo Slangenbeek (Zone 1596),Hengelo,Overijssel,Regio Hengelo,N35,"bedrijfspanden, garages en utiliteitsbouw",Onze mixcombinaties verwerken zandcement moeiteloos in smalle straten en op hoogte.
zandcement-dekvloer-hengelo-groot-driene-zone-1597,Hengelo Groot Driene (Zone 1597),Hengelo,Overijssel,Regio Hengelo,N34,"appartementencomplexen, hoogbouw en renovaties",Ideaal te combineren met vloerverwarming of extra verharder voor zware belasting.
zandcement-dekvloer-hengelo-woolde-zone-1598,Hengelo Woolde (Zone 1598),Hengelo,Overijssel,Regio Hengelo,N50,"vrijstaande woningen, kavelbouw en aanbouwen",Snel en krimpvrij gesmeerd met optimale hechting en strakke vlakheid.
zandcement-dekvloer-hengelo-beckum-zone-1599,Hengelo Beckum (Zone 1599),Hengelo,Overijssel,Regio Hengelo,A1,"nieuwbouwwijken, gezinswoningen en uitbouwen",Dankzij onze mobiele mengers pompen we kant-en-klare mortel direct naar de juiste laagdikte.
zandcement-dekvloer-deventer-zone-1600,Deventer (Zone 1600),Deventer,Overijssel,Regio Deventer,A28,"historische panden, herenhuizen en renovaties",Wij adviseren hier onze droogversneller en Duremit vezels voor een snelle oplevering.
zandcement-dekvloer-deventer-colmschate-zone-1601,Deventer Colmschate (Zone 1601),Deventer,Overijssel,Regio Deventer,A35,"bedrijfspanden, garages en utiliteitsbouw",Onze mixcombinaties verwerken zandcement moeiteloos in smalle straten en op hoogte.
zandcement-dekvloer-deventer-keizerslanden-zone-1602,Deventer Keizerslanden (Zone 1602),Deventer,Overijssel,Regio Deventer,N35,"appartementencomplexen, hoogbouw en renovaties",Ideaal te combineren met vloerverwarming of extra verharder voor zware belasting.
zandcement-dekvloer-deventer-zandweerd-zone-1603,Deventer Zandweerd (Zone 1603),Deventer,Overijssel,Regio Deventer,N34,"vrijstaande woningen, kavelbouw en aanbouwen",Snel en krimpvrij gesmeerd met optimale hechting en strakke vlakheid.
zandcement-dekvloer-deventer-schalkhaar-zone-1604,Deventer Schalkhaar (Zone 1604),Deventer,Overijssel,Regio Deventer,N50,"nieuwbouwwijken, gezinswoningen en uitbouwen",Dankzij onze mobiele mengers pompen we kant-en-klare mortel direct naar de juiste laagdikte.
zandcement-dekvloer-deventer-diepenveen-zone-1605,Deventer Diepenveen (Zone 1605),Deventer,Overijssel,Regio Deventer,A1,"historische panden, herenhuizen en renovaties",Wij adviseren hier onze droogversneller en Duremit vezels voor een snelle oplevering.
zandcement-dekvloer-almelo-zone-1606,Almelo (Zone 1606),Almelo,Overijssel,Regio Almelo,A28,"bedrijfspanden, garages en utiliteitsbouw",Onze mixcombinaties verwerken zandcement moeiteloos in smalle straten en op hoogte.
zandcement-dekvloer-almelo-windmolenbroek-zone-1607,Almelo Windmolenbroek (Zone 1607),Almelo,Overijssel,Regio Almelo,A35,"appartementencomplexen, hoogbouw en renovaties",Ideaal te combineren met vloerverwarming of extra verharder voor zware belasting.
zandcement-dekvloer-almelo-schelfhorst-zone-1608,Almelo Schelfhorst (Zone 1608),Almelo,Overijssel,Regio Almelo,N35,"vrijstaande woningen, kavelbouw en aanbouwen",Snel en krimpvrij gesmeerd met optimale hechting en strakke vlakheid.
zandcement-dekvloer-almelo-aadorp-zone-1609,Almelo Aadorp (Zone 1609),Almelo,Overijssel,Regio Almelo,N34,"nieuwbouwwijken, gezinswoningen en uitbouwen",Dankzij onze mobiele mengers pompen we kant-en-klare mortel direct naar de juiste laagdikte.
zandcement-dekvloer-almelo-bornerbroek-zone-1610,Almelo Bornerbroek (Zone 1610),Almelo,Overijssel,Regio Almelo,N50,"historische panden, herenhuizen en renovaties",Wij adviseren hier onze droogversneller en Duremit vezels voor een snelle oplevering.
zandcement-dekvloer-groningen-zone-1611,Groningen (Zone 1611),Groningen,Groningen,Regio Groningen,N33,"bedrijfspanden, garages en utiliteitsbouw",Onze mixcombinaties verwerken zandcement moeiteloos in smalle straten en op hoogte.
zandcement-dekvloer-groningen-vinkhuizen-zone-1612,Groningen Vinkhuizen (Zone 1612),Groningen,Groningen,Regio Groningen,N46,"appartementencomplexen, hoogbouw en renovaties",Ideaal te combineren met vloerverwarming of extra verharder voor zware belasting.
zandcement-dekvloer-groningen-beijum-zone-1613,Groningen Beijum (Zone 1613),Groningen,Groningen,Regio Groningen,N360,"vrijstaande woningen, kavelbouw en aanbouwen",Snel en krimpvrij gesmeerd met optimale hechting en strakke vlakheid.
zandcement-dekvloer-groningen-lewenborg-zone-1614,Groningen Lewenborg (Zone 1614),Groningen,Groningen,Regio Groningen,A7,"nieuwbouwwijken, gezinswoningen en uitbouwen",Dankzij onze mobiele mengers pompen we kant-en-klare mortel direct naar de juiste laagdikte.
zandcement-dekvloer-groningen-helpman-zone-1615,Groningen Helpman (Zone 1615),Groningen,Groningen,Regio Groningen,A28,"historische panden, herenhuizen en renovaties",Wij adviseren hier onze droogversneller en Duremit vezels voor een snelle oplevering.
zandcement-dekvloer-groningen-korrewegwijk-zone-1616,Groningen Korrewegwijk (Zone 1616),Groningen,Groningen,Regio Groningen,N33,"bedrijfspanden, garages en utiliteitsbouw",Onze mixcombinaties verwerken zandcement moeiteloos in smalle straten en op hoogte.
zandcement-dekvloer-groningen-paddepoel-zone-1617,Groningen Paddepoel (Zone 1617),Groningen,Groningen,Regio Groningen,N46,"appartementencomplexen, hoogbouw en renovaties",Ideaal te combineren met vloerverwarming of extra verharder voor zware belasting.
zandcement-dekvloer-groningen-meerstad-zone-1618,Groningen Meerstad (Zone 1618),Groningen,Groningen,Regio Groningen,N360,"vrijstaande woningen, kavelbouw en aanbouwen",Snel en krimpvrij gesmeerd met optimale hechting en strakke vlakheid.
zandcement-dekvloer-groningen-haren-zone-1619,Groningen Haren (Zone 1619),Groningen,Groningen,Regio Groningen,A7,"nieuwbouwwijken, gezinswoningen en uitbouwen",Dankzij onze mobiele mengers pompen we kant-en-klare mortel direct naar de juiste laagdikte.
zandcement-dekvloer-groningen-ten-boer-zone-1620,Groningen Ten Boer (Zone 1620),Groningen,Groningen,Regio Groningen,A28,"historische panden, herenhuizen en renovaties",Wij adviseren hier onze droogversneller en Duremit vezels voor een snelle oplevering.
zandcement-dekvloer-eemsdelta-appingedam-zone-1621,Eemsdelta Appingedam (Zone 1621),Eemsdelta,Groningen,Regio Eemsdelta,N33,"bedrijfspanden, garages en utiliteitsbouw",Onze mixcombinaties verwerken zandcement moeiteloos in smalle straten en op hoogte.
zandcement-dekvloer-eemsdelta-delfzijl-zone-1622,Eemsdelta Delfzijl (Zone 1622),Eemsdelta,Groningen,Regio Eemsdelta,N46,"appartementencomplexen, hoogbouw en renovaties",Ideaal te combineren met vloerverwarming of extra verharder voor zware belasting.
zandcement-dekvloer-eemsdelta-loppersum-zone-1623,Eemsdelta Loppersum (Zone 1623),Eemsdelta,Groningen,Regio Eemsdelta,N360,"vrijstaande woningen, kavelbouw en aanbouwen",Snel en krimpvrij gesmeerd met optimale hechting en strakke vlakheid.
zandcement-dekvloer-eemsdelta-middelstum-zone-1624,Eemsdelta Middelstum (Zone 1624),Eemsdelta,Groningen,Regio Eemsdelta,A7,"nieuwbouwwijken, gezinswoningen en uitbouwen",Dankzij onze mobiele mengers pompen we kant-en-klare mortel direct naar de juiste laagdikte.
zandcement-dekvloer-eemsdelta-spijk-zone-1625,Eemsdelta Spijk (Zone 1625),Eemsdelta,Groningen,Regio Eemsdelta,A28,"historische panden, herenhuizen en renovaties",Wij adviseren hier onze droogversneller en Duremit vezels voor een snelle oplevering.
zandcement-dekvloer-eemsdelta-woldendorp-zone-1626,Eemsdelta Woldendorp (Zone 1626),Eemsdelta,Groningen,Regio Eemsdelta,N33,"bedrijfspanden, garages en utiliteitsbouw",Onze mixcombinaties verwerken zandcement moeiteloos in smalle straten en op hoogte.
zandcement-dekvloer-het-hogeland-bedum-zone-1627,Het Hogeland Bedum (Zone 1627),Het Hogeland,Groningen,Regio Het Hogeland,N46,"appartementencomplexen, hoogbouw en renovaties",Ideaal te combineren met vloerverwarming of extra verharder voor zware belasting.
zandcement-dekvloer-het-hogeland-winsum-zone-1628,Het Hogeland Winsum (Zone 1628),Het Hogeland,Groningen,Regio Het Hogeland,N360,"vrijstaande woningen, kavelbouw en aanbouwen",Snel en krimpvrij gesmeerd met optimale hechting en strakke vlakheid.
zandcement-dekvloer-het-hogeland-uithuizen-zone-1629,Het Hogeland Uithuizen (Zone 1629),Het Hogeland,Groningen,Regio Het Hogeland,A7,"nieuwbouwwijken, gezinswoningen en uitbouwen",Dankzij onze mobiele mengers pompen we kant-en-klare mortel direct naar de juiste laagdikte.
zandcement-dekvloer-het-hogeland-uithuizermeeden-zone-1630,Het Hogeland Uithuizermeeden (Zone 1630),Het Hogeland,Groningen,Regio Het Hogeland,A28,"historische panden, herenhuizen en renovaties",Wij adviseren hier onze droogversneller en Duremit vezels voor een snelle oplevering.
zandcement-dekvloer-het-hogeland-leens-zone-1631,Het Hogeland Leens (Zone 1631),Het Hogeland,Groningen,Regio Het Hogeland,N33,"bedrijfspanden, garages en utiliteitsbouw",Onze mixcombinaties verwerken zandcement moeiteloos in smalle straten en op hoogte.
zandcement-dekvloer-het-hogeland-baflo-zone-1632,Het Hogeland Baflo (Zone 1632),Het Hogeland,Groningen,Regio Het Hogeland,N46,"appartementencomplexen, hoogbouw en renovaties",Ideaal te combineren met vloerverwarming of extra verharder voor zware belasting.
zandcement-dekvloer-het-hogeland-eenrum-zone-1633,Het Hogeland Eenrum (Zone 1633),Het Hogeland,Groningen,Regio Het Hogeland,N360,"vrijstaande woningen, kavelbouw en aanbouwen",Snel en krimpvrij gesmeerd met optimale hechting en strakke vlakheid.
zandcement-dekvloer-leeuwarden-zone-1634,Leeuwarden (Zone 1634),Leeuwarden,Friesland,Regio Leeuwarden,A7,"nieuwbouwwijken, gezinswoningen en uitbouwen",Dankzij onze mobiele mengers pompen we kant-en-klare mortel direct naar de juiste laagdikte.
zandcement-dekvloer-leeuwarden-bilgaard-zone-1635,Leeuwarden Bilgaard (Zone 1635),Leeuwarden,Friesland,Regio Leeuwarden,A31,"historische panden, herenhuizen en renovaties",Wij adviseren hier onze droogversneller en Duremit vezels voor een snelle oplevering.
zandcement-dekvloer-leeuwarden-camminghaburen-zone-1636,Leeuwarden Camminghaburen (Zone 1636),Leeuwarden,Friesland,Regio Leeuwarden,A32,"bedrijfspanden, garages en utiliteitsbouw",Onze mixcombinaties verwerken zandcement moeiteloos in smalle straten en op hoogte.
zandcement-dekvloer-leeuwarden-zuiderburen-zone-1637,Leeuwarden Zuiderburen (Zone 1637),Leeuwarden,Friesland,Regio Leeuwarden,N355,"appartementencomplexen, hoogbouw en renovaties",Ideaal te combineren met vloerverwarming of extra verharder voor zware belasting.
zandcement-dekvloer-leeuwarden-techum-zone-1638,Leeuwarden Techum (Zone 1638),Leeuwarden,Friesland,Regio Leeuwarden,N381,"vrijstaande woningen, kavelbouw en aanbouwen",Snel en krimpvrij gesmeerd met optimale hechting en strakke vlakheid.
zandcement-dekvloer-leeuwarden-grou-zone-1639,Leeuwarden Grou (Zone 1639),Leeuwarden,Friesland,Regio Leeuwarden,A7,"nieuwbouwwijken, gezinswoningen en uitbouwen",Dankzij onze mobiele mengers pompen we kant-en-klare mortel direct naar de juiste laagdikte.
zandcement-dekvloer-leeuwarden-goutum-zone-1640,Leeuwarden Goutum (Zone 1640),Leeuwarden,Friesland,Regio Leeuwarden,A31,"historische panden, herenhuizen en renovaties",Wij adviseren hier onze droogversneller en Duremit vezels voor een snelle oplevering.
zandcement-dekvloer-leeuwarden-stiens-zone-1641,Leeuwarden Stiens (Zone 1641),Leeuwarden,Friesland,Regio Leeuwarden,A32,"bedrijfspanden, garages en utiliteitsbouw",Onze mixcombinaties verwerken zandcement moeiteloos in smalle straten en op hoogte.
zandcement-dekvloer-sudwest-fryslan-sneek-zone-1642,Sudwest-Fryslan Sneek (Zone 1642),Sudwest-Fryslan,Friesland,Regio Sudwest-Fryslan,N355,"appartementencomplexen, hoogbouw en renovaties",Ideaal te combineren met vloerverwarming of extra verharder voor zware belasting.
zandcement-dekvloer-sudwest-fryslan-bolsward-zone-1643,Sudwest-Fryslan Bolsward (Zone 1643),Sudwest-Fryslan,Friesland,Regio Sudwest-Fryslan,N381,"vrijstaande woningen, kavelbouw en aanbouwen",Snel en krimpvrij gesmeerd met optimale hechting en strakke vlakheid.
zandcement-dekvloer-sudwest-fryslan-workum-zone-1644,Sudwest-Fryslan Workum (Zone 1644),Sudwest-Fryslan,Friesland,Regio Sudwest-Fryslan,A7,"nieuwbouwwijken, gezinswoningen en uitbouwen",Dankzij onze mobiele mengers pompen we kant-en-klare mortel direct naar de juiste laagdikte.
zandcement-dekvloer-sudwest-fryslan-hindeloopen-zone-1645,Sudwest-Fryslan Hindeloopen (Zone 1645),Sudwest-Fryslan,Friesland,Regio Sudwest-Fryslan,A31,"historische panden, herenhuizen en renovaties",Wij adviseren hier onze droogversneller en Duremit vezels voor een snelle oplevering.
zandcement-dekvloer-sudwest-fryslan-ijlst-zone-1646,Sudwest-Fryslan IJlst (Zone 1646),Sudwest-Fryslan,Friesland,Regio Sudwest-Fryslan,A32,"bedrijfspanden, garages en utiliteitsbouw",Onze mixcombinaties verwerken zandcement moeiteloos in smalle straten en op hoogte.
zandcement-dekvloer-sudwest-fryslan-makkum-zone-1647,Sudwest-Fryslan Makkum (Zone 1647),Sudwest-Fryslan,Friesland,Regio Sudwest-Fryslan,N355,"appartementencomplexen, hoogbouw en renovaties",Ideaal te combineren met vloerverwarming of extra verharder voor zware belasting.
zandcement-dekvloer-sudwest-fryslan-wommels-zone-1648,Sudwest-Fryslan Wommels (Zone 1648),Sudwest-Fryslan,Friesland,Regio Sudwest-Fryslan,N381,"vrijstaande woningen, kavelbouw en aanbouwen",Snel en krimpvrij gesmeerd met optimale hechting en strakke vlakheid.
zandcement-dekvloer-sudwest-fryslan-scharnegoutum-zone-1649,Sudwest-Fryslan Scharnegoutum (Zone 1649),Sudwest-Fryslan,Friesland,Regio Sudwest-Fryslan,A7,"nieuwbouwwijken, gezinswoningen en uitbouwen",Dankzij onze mobiele mengers pompen we kant-en-klare mortel direct naar de juiste laagdikte.
zandcement-dekvloer-de-fryske-marren-joure-zone-1650,De Fryske Marren Joure (Zone 1650),De Fryske Marren,Friesland,Regio De Fryske Marren,A31,"historische panden, herenhuizen en renovaties",Wij adviseren hier onze droogversneller en Duremit vezels voor een snelle oplevering.
zandcement-dekvloer-de-fryske-marren-lemmer-zone-1651,De Fryske Marren Lemmer (Zone 1651),De Fryske Marren,Friesland,Regio De Fryske Marren,A32,"bedrijfspanden, garages en utiliteitsbouw",Onze mixcombinaties verwerken zandcement moeiteloos in smalle straten en op hoogte.
zandcement-dekvloer-de-fryske-marren-balk-zone-1652,De Fryske Marren Balk (Zone 1652),De Fryske Marren,Friesland,Regio De Fryske Marren,N355,"appartementencomplexen, hoogbouw en renovaties",Ideaal te combineren met vloerverwarming of extra verharder voor zware belasting.
zandcement-dekvloer-de-fryske-marren-sint-nicolaasga-zone-1653,De Fryske Marren Sint Nicolaasga (Zone 1653),De Fryske Marren,Friesland,Regio De Fryske Marren,N381,"vrijstaande woningen, kavelbouw en aanbouwen",Snel en krimpvrij gesmeerd met optimale hechting en strakke vlakheid.
zandcement-dekvloer-de-fryske-marren-oudehaske-zone-1654,De Fryske Marren Oudehaske (Zone 1654),De Fryske Marren,Friesland,Regio De Fryske Marren,A7,"nieuwbouwwijken, gezinswoningen en uitbouwen",Dankzij onze mobiele mengers pompen we kant-en-klare mortel direct naar de juiste laagdikte.
zandcement-dekvloer-assen-zone-1655,Assen (Zone 1655),Assen,Drenthe,Regio Assen,A37,"historische panden, herenhuizen en renovaties",Wij adviseren hier onze droogversneller en Duremit vezels voor een snelle oplevering.
zandcement-dekvloer-assen-kloosterveen-zone-1656,Assen Kloosterveen (Zone 1656),Assen,Drenthe,Regio Assen,N34,"bedrijfspanden, garages en utiliteitsbouw",Onze mixcombinaties verwerken zandcement moeiteloos in smalle straten en op hoogte.
zandcement-dekvloer-assen-marsdijk-zone-1657,Assen Marsdijk (Zone 1657),Assen,Drenthe,Regio Assen,N33,"appartementencomplexen, hoogbouw en renovaties",Ideaal te combineren met vloerverwarming of extra verharder voor zware belasting.
zandcement-dekvloer-assen-peelo-zone-1658,Assen Peelo (Zone 1658),Assen,Drenthe,Regio Assen,N381,"vrijstaande woningen, kavelbouw en aanbouwen",Snel en krimpvrij gesmeerd met optimale hechting en strakke vlakheid.
zandcement-dekvloer-assen-pittelo-zone-1659,Assen Pittelo (Zone 1659),Assen,Drenthe,Regio Assen,A28,"nieuwbouwwijken, gezinswoningen en uitbouwen",Dankzij onze mobiele mengers pompen we kant-en-klare mortel direct naar de juiste laagdikte.
zandcement-dekvloer-emmen-zone-1660,Emmen (Zone 1660),Emmen,Drenthe,Regio Emmen,A37,"historische panden, herenhuizen en renovaties",Wij adviseren hier onze droogversneller en Duremit vezels voor een snelle oplevering.
zandcement-dekvloer-emmen-bargeres-zone-1661,Emmen Bargeres (Zone 1661),Emmen,Drenthe,Regio Emmen,N34,"bedrijfspanden, garages en utiliteitsbouw",Onze mixcombinaties verwerken zandcement moeiteloos in smalle straten en op hoogte.
zandcement-dekvloer-emmen-emmer-compascuum-zone-1662,Emmen Emmer-Compascuum (Zone 1662),Emmen,Drenthe,Regio Emmen,N33,"appartementencomplexen, hoogbouw en renovaties",Ideaal te combineren met vloerverwarming of extra verharder voor zware belasting.
zandcement-dekvloer-emmen-klazienaveen-zone-1663,Emmen Klazienaveen (Zone 1663),Emmen,Drenthe,Regio Emmen,N381,"vrijstaande woningen, kavelbouw en aanbouwen",Snel en krimpvrij gesmeerd met optimale hechting en strakke vlakheid.
zandcement-dekvloer-emmen-nieuw-amsterdam-zone-1664,Emmen Nieuw-Amsterdam (Zone 1664),Emmen,Drenthe,Regio Emmen,A28,"nieuwbouwwijken, gezinswoningen en uitbouwen",Dankzij onze mobiele mengers pompen we kant-en-klare mortel direct naar de juiste laagdikte.
zandcement-dekvloer-emmen-schoonebeek-zone-1665,Emmen Schoonebeek (Zone 1665),Emmen,Drenthe,Regio Emmen,A37,"historische panden, herenhuizen en renovaties",Wij adviseren hier onze droogversneller en Duremit vezels voor een snelle oplevering.
zandcement-dekvloer-hoogeveen-zone-1666,Hoogeveen (Zone 1666),Hoogeveen,Drenthe,Regio Hoogeveen,N34,"bedrijfspanden, garages en utiliteitsbouw",Onze mixcombinaties verwerken zandcement moeiteloos in smalle straten en op hoogte.
zandcement-dekvloer-hoogeveen-kattendijk-zone-1667,Hoogeveen Kattendijk (Zone 1667),Hoogeveen,Drenthe,Regio Hoogeveen,N33,"appartementencomplexen, hoogbouw en renovaties",Ideaal te combineren met vloerverwarming of extra verharder voor zware belasting.
zandcement-dekvloer-hoogeveen-erflanden-zone-1668,Hoogeveen Erflanden (Zone 1668),Hoogeveen,Drenthe,Regio Hoogeveen,N381,"vrijstaande woningen, kavelbouw en aanbouwen",Snel en krimpvrij gesmeerd met optimale hechting en strakke vlakheid.
zandcement-dekvloer-hoogeveen-hollandscheveld-zone-1669,Hoogeveen Hollandscheveld (Zone 1669),Hoogeveen,Drenthe,Regio Hoogeveen,A28,"nieuwbouwwijken, gezinswoningen en uitbouwen",Dankzij onze mobiele mengers pompen we kant-en-klare mortel direct naar de juiste laagdikte.
zandcement-dekvloer-hoogeveen-elim-zone-1670,Hoogeveen Elim (Zone 1670),Hoogeveen,Drenthe,Regio Hoogeveen,A37,"historische panden, herenhuizen en renovaties",Wij adviseren hier onze droogversneller en Duremit vezels voor een snelle oplevering.
zandcement-dekvloer-hoogeveen-noordscheschut-zone-1671,Hoogeveen Noordscheschut (Zone 1671),Hoogeveen,Drenthe,Regio Hoogeveen,N34,"bedrijfspanden, garages en utiliteitsbouw",Onze mixcombinaties verwerken zandcement moeiteloos in smalle straten en op hoogte.
zandcement-dekvloer-almere-zone-1672,Almere (Zone 1672),Almere,Flevoland,Regio Almere,N305,"appartementencomplexen, hoogbouw en renovaties",Ideaal te combineren met vloerverwarming of extra verharder voor zware belasting.
zandcement-dekvloer-almere-buiten-zone-1673,Almere Buiten (Zone 1673),Almere,Flevoland,Regio Almere,N307,"vrijstaande woningen, kavelbouw en aanbouwen",Snel en krimpvrij gesmeerd met optimale hechting en strakke vlakheid.
zandcement-dekvloer-almere-haven-zone-1674,Almere Haven (Zone 1674),Almere,Flevoland,Regio Almere,A6,"nieuwbouwwijken, gezinswoningen en uitbouwen",Dankzij onze mobiele mengers pompen we kant-en-klare mortel direct naar de juiste laagdikte.
zandcement-dekvloer-almere-poort-zone-1675,Almere Poort (Zone 1675),Almere,Flevoland,Regio Almere,A27,"historische panden, herenhuizen en renovaties",Wij adviseren hier onze droogversneller en Duremit vezels voor een snelle oplevering.
zandcement-dekvloer-almere-hout-zone-1676,Almere Hout (Zone 1676),Almere,Flevoland,Regio Almere,N302,"bedrijfspanden, garages en utiliteitsbouw",Onze mixcombinaties verwerken zandcement moeiteloos in smalle straten en op hoogte.
zandcement-dekvloer-almere-pampus-zone-1677,Almere Pampus (Zone 1677),Almere,Flevoland,Regio Almere,N305,"appartementencomplexen, hoogbouw en renovaties",Ideaal te combineren met vloerverwarming of extra verharder voor zware belasting.
zandcement-dekvloer-almere-nobelhorst-zone-1678,Almere Nobelhorst (Zone 1678),Almere,Flevoland,Regio Almere,N307,"vrijstaande woningen, kavelbouw en aanbouwen",Snel en krimpvrij gesmeerd met optimale hechting en strakke vlakheid.
zandcement-dekvloer-lelystad-zone-1679,Lelystad (Zone 1679),Lelystad,Flevoland,Regio Lelystad,A6,"nieuwbouwwijken, gezinswoningen en uitbouwen",Dankzij onze mobiele mengers pompen we kant-en-klare mortel direct naar de juiste laagdikte.
zandcement-dekvloer-lelystad-waterwijk-zone-1680,Lelystad Waterwijk (Zone 1680),Lelystad,Flevoland,Regio Lelystad,A27,"historische panden, herenhuizen en renovaties",Wij adviseren hier onze droogversneller en Duremit vezels voor een snelle oplevering.
zandcement-dekvloer-lelystad-landerijen-zone-1681,Lelystad Landerijen (Zone 1681),Lelystad,Flevoland,Regio Lelystad,N302,"bedrijfspanden, garages en utiliteitsbouw",Onze mixcombinaties verwerken zandcement moeiteloos in smalle straten en op hoogte.
zandcement-dekvloer-lelystad-warande-zone-1682,Lelystad Warande (Zone 1682),Lelystad,Flevoland,Regio Lelystad,N305,"appartementencomplexen, hoogbouw en renovaties",Ideaal te combineren met vloerverwarming of extra verharder voor zware belasting.
zandcement-dekvloer-lelystad-atolwijk-zone-1683,Lelystad Atolwijk (Zone 1683),Lelystad,Flevoland,Regio Lelystad,N307,"vrijstaande woningen, kavelbouw en aanbouwen",Snel en krimpvrij gesmeerd met optimale hechting en strakke vlakheid.
zandcement-dekvloer-dronten-dronten-stad-zone-1684,Dronten Dronten-stad (Zone 1684),Dronten,Flevoland,Regio Dronten,A6,"nieuwbouwwijken, gezinswoningen en uitbouwen",Dankzij onze mobiele mengers pompen we kant-en-klare mortel direct naar de juiste laagdikte.
zandcement-dekvloer-dronten-biddinghuizen-zone-1685,Dronten Biddinghuizen (Zone 1685),Dronten,Flevoland,Regio Dronten,A27,"historische panden, herenhuizen en renovaties",Wij adviseren hier onze droogversneller en Duremit vezels voor een snelle oplevering.
zandcement-dekvloer-dronten-swifterbant-zone-1686,Dronten Swifterbant (Zone 1686),Dronten,Flevoland,Regio Dronten,N302,"bedrijfspanden, garages en utiliteitsbouw",Onze mixcombinaties verwerken zandcement moeiteloos in smalle straten en op hoogte.
zandcement-dekvloer-middelburg-zone-1687,Middelburg (Zone 1687),Middelburg,Zeeland,Regio Middelburg,N59,"appartementencomplexen, hoogbouw en renovaties",Ideaal te combineren met vloerverwarming of extra verharder voor zware belasting.
zandcement-dekvloer-middelburg-dauwendaele-zone-1688,Middelburg Dauwendaele (Zone 1688),Middelburg,Zeeland,Regio Middelburg,N62,"vrijstaande woningen, kavelbouw en aanbouwen",Snel en krimpvrij gesmeerd met optimale hechting en strakke vlakheid.
zandcement-dekvloer-middelburg-klarenbeek-zone-1689,Middelburg Klarenbeek (Zone 1689),Middelburg,Zeeland,Regio Middelburg,A58,"nieuwbouwwijken, gezinswoningen en uitbouwen",Dankzij onze mobiele mengers pompen we kant-en-klare mortel direct naar de juiste laagdikte.
zandcement-dekvloer-middelburg-sint-laurens-zone-1690,Middelburg Sint Laurens (Zone 1690),Middelburg,Zeeland,Regio Middelburg,N57,"historische panden, herenhuizen en renovaties",Wij adviseren hier onze droogversneller en Duremit vezels voor een snelle oplevering.
zandcement-dekvloer-middelburg-arnemuiden-zone-1691,Middelburg Arnemuiden (Zone 1691),Middelburg,Zeeland,Regio Middelburg,N59,"bedrijfspanden, garages en utiliteitsbouw",Onze mixcombinaties verwerken zandcement moeiteloos in smalle straten en op hoogte.
zandcement-dekvloer-vlissingen-zone-1692,Vlissingen (Zone 1692),Vlissingen,Zeeland,Regio Vlissingen,N62,"appartementencomplexen, hoogbouw en renovaties",Ideaal te combineren met vloerverwarming of extra verharder voor zware belasting.
zandcement-dekvloer-vlissingen-paeauwenburg-zone-1693,Vlissingen Paeauwenburg (Zone 1693),Vlissingen,Zeeland,Regio Vlissingen,A58,"vrijstaande woningen, kavelbouw en aanbouwen",Snel en krimpvrij gesmeerd met optimale hechting en strakke vlakheid.
zandcement-dekvloer-vlissingen-oost-souburg-zone-1694,Vlissingen Oost-Souburg (Zone 1694),Vlissingen,Zeeland,Regio Vlissingen,N57,"nieuwbouwwijken, gezinswoningen en uitbouwen",Dankzij onze mobiele mengers pompen we kant-en-klare mortel direct naar de juiste laagdikte.
zandcement-dekvloer-vlissingen-ritthem-zone-1695,Vlissingen Ritthem (Zone 1695),Vlissingen,Zeeland,Regio Vlissingen,N59,"historische panden, herenhuizen en renovaties",Wij adviseren hier onze droogversneller en Duremit vezels voor een snelle oplevering.
zandcement-dekvloer-goes-zone-1696,Goes (Zone 1696),Goes,Zeeland,Regio Goes,N62,"bedrijfspanden, garages en utiliteitsbouw",Onze mixcombinaties verwerken zandcement moeiteloos in smalle straten en op hoogte.
zandcement-dekvloer-goes-goese-meer-zone-1697,Goes Goese Meer (Zone 1697),Goes,Zeeland,Regio Goes,A58,"appartementencomplexen, hoogbouw en renovaties",Ideaal te combineren met vloerverwarming of extra verharder voor zware belasting.
zandcement-dekvloer-goes-mannee-zone-1698,Goes Mannee (Zone 1698),Goes,Zeeland,Regio Goes,N57,"vrijstaande woningen, kavelbouw en aanbouwen",Snel en krimpvrij gesmeerd met optimale hechting en strakke vlakheid.
zandcement-dekvloer-goes-kloetinge-zone-1699,Goes Kloetinge (Zone 1699),Goes,Zeeland,Regio Goes,N59,"nieuwbouwwijken, gezinswoningen en uitbouwen",Dankzij onze mobiele mengers pompen we kant-en-klare mortel direct naar de juiste laagdikte.
zandcement-dekvloer-goes-wolphaartsdijk-zone-1700,Goes Wolphaartsdijk (Zone 1700),Goes,Zeeland,Regio Goes,N62,"historische panden, herenhuizen en renovaties",Wij adviseren hier onze droogversneller en Duremit vezels voor een snelle oplevering.
zandcement-dekvloer-maastricht-zone-1701,Maastricht (Zone 1701),Maastricht,Limburg,Regio Maastricht,A74,"bedrijfspanden, garages en utiliteitsbouw",Onze mixcombinaties verwerken zandcement moeiteloos in smalle straten en op hoogte.
zandcement-dekvloer-maastricht-wyck-zone-1702,Maastricht Wyck (Zone 1702),Maastricht,Limburg,Regio Maastricht,A76,"appartementencomplexen, hoogbouw en renovaties",Ideaal te combineren met vloerverwarming of extra verharder voor zware belasting.
zandcement-dekvloer-maastricht-ceramique-zone-1703,Maastricht Ceramique (Zone 1703),Maastricht,Limburg,Regio Maastricht,A79,"vrijstaande woningen, kavelbouw en aanbouwen",Snel en krimpvrij gesmeerd met optimale hechting en strakke vlakheid.
zandcement-dekvloer-maastricht-brusselsepoort-zone-1704,Maastricht Brusselsepoort (Zone 1704),Maastricht,Limburg,Regio Maastricht,A2,"nieuwbouwwijken, gezinswoningen en uitbouwen",Dankzij onze mobiele mengers pompen we kant-en-klare mortel direct naar de juiste laagdikte.
zandcement-dekvloer-maastricht-malberg-zone-1705,Maastricht Malberg (Zone 1705),Maastricht,Limburg,Regio Maastricht,A73,"historische panden, herenhuizen en renovaties",Wij adviseren hier onze droogversneller en Duremit vezels voor een snelle oplevering.
zandcement-dekvloer-maastricht-heugem-zone-1706,Maastricht Heugem (Zone 1706),Maastricht,Limburg,Regio Maastricht,A74,"bedrijfspanden, garages en utiliteitsbouw",Onze mixcombinaties verwerken zandcement moeiteloos in smalle straten en op hoogte.
zandcement-dekvloer-maastricht-amby-zone-1707,Maastricht Amby (Zone 1707),Maastricht,Limburg,Regio Maastricht,A76,"appartementencomplexen, hoogbouw en renovaties",Ideaal te combineren met vloerverwarming of extra verharder voor zware belasting.
zandcement-dekvloer-maastricht-wolder-zone-1708,Maastricht Wolder (Zone 1708),Maastricht,Limburg,Regio Maastricht,A79,"vrijstaande woningen, kavelbouw en aanbouwen",Snel en krimpvrij gesmeerd met optimale hechting en strakke vlakheid.
zandcement-dekvloer-venlo-zone-1709,Venlo (Zone 1709),Venlo,Limburg,Regio Venlo,A2,"nieuwbouwwijken, gezinswoningen en uitbouwen",Dankzij onze mobiele mengers pompen we kant-en-klare mortel direct naar de juiste laagdikte.
zandcement-dekvloer-venlo-blerick-zone-1710,Venlo Blerick (Zone 1710),Venlo,Limburg,Regio Venlo,A73,"historische panden, herenhuizen en renovaties",Wij adviseren hier onze droogversneller en Duremit vezels voor een snelle oplevering.
zandcement-dekvloer-venlo-tegelen-zone-1711,Venlo Tegelen (Zone 1711),Venlo,Limburg,Regio Venlo,A74,"bedrijfspanden, garages en utiliteitsbouw",Onze mixcombinaties verwerken zandcement moeiteloos in smalle straten en op hoogte.
zandcement-dekvloer-venlo-belfeld-zone-1712,Venlo Belfeld (Zone 1712),Venlo,Limburg,Regio Venlo,A76,"appartementencomplexen, hoogbouw en renovaties",Ideaal te combineren met vloerverwarming of extra verharder voor zware belasting.
zandcement-dekvloer-venlo-velden-zone-1713,Venlo Velden (Zone 1713),Venlo,Limburg,Regio Venlo,A79,"vrijstaande woningen, kavelbouw en aanbouwen",Snel en krimpvrij gesmeerd met optimale hechting en strakke vlakheid.
zandcement-dekvloer-sittard-geleen-sittard-zone-1714,Sittard-Geleen Sittard (Zone 1714),Sittard-Geleen,Limburg,Regio Sittard-Geleen,A2,"nieuwbouwwijken, gezinswoningen en uitbouwen",Dankzij onze mobiele mengers pompen we kant-en-klare mortel direct naar de juiste laagdikte.
zandcement-dekvloer-sittard-geleen-geleen-zone-1715,Sittard-Geleen Geleen (Zone 1715),Sittard-Geleen,Limburg,Regio Sittard-Geleen,A73,"historische panden, herenhuizen en renovaties",Wij adviseren hier onze droogversneller en Duremit vezels voor een snelle oplevering.
zandcement-dekvloer-sittard-geleen-born-zone-1716,Sittard-Geleen Born (Zone 1716),Sittard-Geleen,Limburg,Regio Sittard-Geleen,A74,"bedrijfspanden, garages en utiliteitsbouw",Onze mixcombinaties verwerken zandcement moeiteloos in smalle straten en op hoogte.
zandcement-dekvloer-sittard-geleen-limbricht-zone-1717,Sittard-Geleen Limbricht (Zone 1717),Sittard-Geleen,Limburg,Regio Sittard-Geleen,A76,"appartementencomplexen, hoogbouw en renovaties",Ideaal te combineren met vloerverwarming of extra verharder voor zware belasting.
zandcement-dekvloer-sittard-geleen-münstergeleen-zone-1718,Sittard-Geleen Münstergeleen (Zone 1718),Sittard-Geleen,Limburg,Regio Sittard-Geleen,A79,"vrijstaande woningen, kavelbouw en aanbouwen",Snel en krimpvrij gesmeerd met optimale hechting en strakke vlakheid.
zandcement-dekvloer-heerlen-zone-1719,Heerlen (Zone 1719),Heerlen,Limburg,Regio Heerlen,A2,"nieuwbouwwijken, gezinswoningen en uitbouwen",Dankzij onze mobiele mengers pompen we kant-en-klare mortel direct naar de juiste laagdikte.
zandcement-dekvloer-heerlen-heerlerheide-zone-1720,Heerlen Heerlerheide (Zone 1720),Heerlen,Limburg,Regio Heerlen,A73,"historische panden, herenhuizen en renovaties",Wij adviseren hier onze droogversneller en Duremit vezels voor een snelle oplevering.
zandcement-dekvloer-heerlen-heerlerbaan-zone-1721,Heerlen Heerlerbaan (Zone 1721),Heerlen,Limburg,Regio Heerlen,A74,"bedrijfspanden, garages en utiliteitsbouw",Onze mixcombinaties verwerken zandcement moeiteloos in smalle straten en op hoogte.
zandcement-dekvloer-heerlen-hoensbroek-zone-1722,Heerlen Hoensbroek (Zone 1722),Heerlen,Limburg,Regio Heerlen,A76,"appartementencomplexen, hoogbouw en renovaties",Ideaal te combineren met vloerverwarming of extra verharder voor zware belasting.
zandcement-dekvloer-amsterdam-zone-1723,Amsterdam (Zone 1723),Amsterdam,Noord-Holland,Regio Amsterdam,A10,"nieuwbouwwijken, gezinswoningen en uitbouwen",Dankzij onze mobiele mengers pompen we kant-en-klare mortel direct naar de juiste laagdikte.
zandcement-dekvloer-amsterdam-zuid-zone-1724,Amsterdam Zuid (Zone 1724),Amsterdam,Noord-Holland,Regio Amsterdam,A9,"historische panden, herenhuizen en renovaties",Wij adviseren hier onze droogversneller en Duremit vezels voor een snelle oplevering.
zandcement-dekvloer-amsterdam-west-zone-1725,Amsterdam West (Zone 1725),Amsterdam,Noord-Holland,Regio Amsterdam,A7,"bedrijfspanden, garages en utiliteitsbouw",Onze mixcombinaties verwerken zandcement moeiteloos in smalle straten en op hoogte.
zandcement-dekvloer-amsterdam-noord-zone-1726,Amsterdam Noord (Zone 1726),Amsterdam,Noord-Holland,Regio Amsterdam,A8,"appartementencomplexen, hoogbouw en renovaties",Ideaal te combineren met vloerverwarming of extra verharder voor zware belasting.
zandcement-dekvloer-amsterdam-oost-zone-1727,Amsterdam Oost (Zone 1727),Amsterdam,Noord-Holland,Regio Amsterdam,N9,"vrijstaande woningen, kavelbouw en aanbouwen",Snel en krimpvrij gesmeerd met optimale hechting en strakke vlakheid.
zandcement-dekvloer-amsterdam-nieuw-west-zone-1728,Amsterdam Nieuw-West (Zone 1728),Amsterdam,Noord-Holland,Regio Amsterdam,N242,"nieuwbouwwijken, gezinswoningen en uitbouwen",Dankzij onze mobiele mengers pompen we kant-en-klare mortel direct naar de juiste laagdikte.
zandcement-dekvloer-amsterdam-zuidoost-zone-1729,Amsterdam Zuidoost (Zone 1729),Amsterdam,Noord-Holland,Regio Amsterdam,N201,"historische panden, herenhuizen en renovaties",Wij adviseren hier onze droogversneller en Duremit vezels voor een snelle oplevering.
zandcement-dekvloer-amsterdam-ijburg-zone-1730,Amsterdam IJburg (Zone 1730),Amsterdam,Noord-Holland,Regio Amsterdam,N247,"bedrijfspanden, garages en utiliteitsbouw",Onze mixcombinaties verwerken zandcement moeiteloos in smalle straten en op hoogte.
zandcement-dekvloer-amsterdam-buitenveldert-zone-1731,Amsterdam Buitenveldert (Zone 1731),Amsterdam,Noord-Holland,Regio Amsterdam,A200,"appartementencomplexen, hoogbouw en renovaties",Ideaal te combineren met vloerverwarming of extra verharder voor zware belasting.
zandcement-dekvloer-amsterdam-osdorp-zone-1732,Amsterdam Osdorp (Zone 1732),Amsterdam,Noord-Holland,Regio Amsterdam,A10,"vrijstaande woningen, kavelbouw en aanbouwen",Snel en krimpvrij gesmeerd met optimale hechting en strakke vlakheid.
zandcement-dekvloer-amsterdam-watergraafsmeer-zone-1733,Amsterdam Watergraafsmeer (Zone 1733),Amsterdam,Noord-Holland,Regio Amsterdam,A9,"nieuwbouwwijken, gezinswoningen en uitbouwen",Dankzij onze mobiele mengers pompen we kant-en-klare mortel direct naar de juiste laagdikte.
zandcement-dekvloer-amsterdam-de-pijp-zone-1734,Amsterdam De Pijp (Zone 1734),Amsterdam,Noord-Holland,Regio Amsterdam,A7,"historische panden, herenhuizen en renovaties",Wij adviseren hier onze droogversneller en Duremit vezels voor een snelle oplevering.
zandcement-dekvloer-amsterdam-jordaan-zone-1735,Amsterdam Jordaan (Zone 1735),Amsterdam,Noord-Holland,Regio Amsterdam,A8,"bedrijfspanden, garages en utiliteitsbouw",Onze mixcombinaties verwerken zandcement moeiteloos in smalle straten en op hoogte.
zandcement-dekvloer-amsterdam-slotervaart-zone-1736,Amsterdam Slotervaart (Zone 1736),Amsterdam,Noord-Holland,Regio Amsterdam,N9,"appartementencomplexen, hoogbouw en renovaties",Ideaal te combineren met vloerverwarming of extra verharder voor zware belasting.
zandcement-dekvloer-amsterdam-geuzenveld-zone-1737,Amsterdam Geuzenveld (Zone 1737),Amsterdam,Noord-Holland,Regio Amsterdam,N242,"vrijstaande woningen, kavelbouw en aanbouwen",Snel en krimpvrij gesmeerd met optimale hechting en strakke vlakheid.
zandcement-dekvloer-amsterdam-indische-buurt-zone-1738,Amsterdam Indische Buurt (Zone 1738),Amsterdam,Noord-Holland,Regio Amsterdam,N201,"nieuwbouwwijken, gezinswoningen en uitbouwen",Dankzij onze mobiele mengers pompen we kant-en-klare mortel direct naar de juiste laagdikte.
zandcement-dekvloer-haarlem-zone-1739,Haarlem (Zone 1739),Haarlem,Noord-Holland,Regio Haarlem,N247,"historische panden, herenhuizen en renovaties",Wij adviseren hier onze droogversneller en Duremit vezels voor een snelle oplevering.
zandcement-dekvloer-haarlem-noord-zone-1740,Haarlem Noord (Zone 1740),Haarlem,Noord-Holland,Regio Haarlem,A200,"bedrijfspanden, garages en utiliteitsbouw",Onze mixcombinaties verwerken zandcement moeiteloos in smalle straten en op hoogte.
zandcement-dekvloer-haarlem-schalkwijk-zone-1741,Haarlem Schalkwijk (Zone 1741),Haarlem,Noord-Holland,Regio Haarlem,A10,"appartementencomplexen, hoogbouw en renovaties",Ideaal te combineren met vloerverwarming of extra verharder voor zware belasting.
zandcement-dekvloer-haarlem-zijlwegkwartier-zone-1742,Haarlem Zijlwegkwartier (Zone 1742),Haarlem,Noord-Holland,Regio Haarlem,A9,"vrijstaande woningen, kavelbouw en aanbouwen",Snel en krimpvrij gesmeerd met optimale hechting en strakke vlakheid.
zandcement-dekvloer-haarlem-waarderpolder-zone-1743,Haarlem Waarderpolder (Zone 1743),Haarlem,Noord-Holland,Regio Haarlem,A7,"nieuwbouwwijken, gezinswoningen en uitbouwen",Dankzij onze mobiele mengers pompen we kant-en-klare mortel direct naar de juiste laagdikte.
zandcement-dekvloer-haarlem-bloemendaal-grens-zone-1744,Haarlem Bloemendaal-grens (Zone 1744),Haarlem,Noord-Holland,Regio Haarlem,A8,"historische panden, herenhuizen en renovaties",Wij adviseren hier onze droogversneller en Duremit vezels voor een snelle oplevering.
zandcement-dekvloer-haarlem-oude-amsterdamsebuurt-zone-1745,Haarlem Oude Amsterdamsebuurt (Zone 1745),Haarlem,Noord-Holland,Regio Haarlem,N9,"bedrijfspanden, garages en utiliteitsbouw",Onze mixcombinaties verwerken zandcement moeiteloos in smalle straten en op hoogte.
zandcement-dekvloer-haarlem-kleverpark-zone-1746,Haarlem Kleverpark (Zone 1746),Haarlem,Noord-Holland,Regio Haarlem,N242,"appartementencomplexen, hoogbouw en renovaties",Ideaal te combineren met vloerverwarming of extra verharder voor zware belasting.
zandcement-dekvloer-zaanstad-zaandam-zone-1747,Zaanstad Zaandam (Zone 1747),Zaanstad,Noord-Holland,Regio Zaanstad,N201,"vrijstaande woningen, kavelbouw en aanbouwen",Snel en krimpvrij gesmeerd met optimale hechting en strakke vlakheid.
zandcement-dekvloer-zaanstad-zaandijk-zone-1748,Zaanstad Zaandijk (Zone 1748),Zaanstad,Noord-Holland,Regio Zaanstad,N247,"nieuwbouwwijken, gezinswoningen en uitbouwen",Dankzij onze mobiele mengers pompen we kant-en-klare mortel direct naar de juiste laagdikte.
zandcement-dekvloer-zaanstad-krommenie-zone-1749,Zaanstad Krommenie (Zone 1749),Zaanstad,Noord-Holland,Regio Zaanstad,A200,"historische panden, herenhuizen en renovaties",Wij adviseren hier onze droogversneller en Duremit vezels voor een snelle oplevering.
zandcement-dekvloer-zaanstad-wormerveer-zone-1750,Zaanstad Wormerveer (Zone 1750),Zaanstad,Noord-Holland,Regio Zaanstad,A10,"bedrijfspanden, garages en utiliteitsbouw",Onze mixcombinaties verwerken zandcement moeiteloos in smalle straten en op hoogte.
zandcement-dekvloer-zaanstad-assendelft-zone-1751,Zaanstad Assendelft (Zone 1751),Zaanstad,Noord-Holland,Regio Zaanstad,A9,"appartementencomplexen, hoogbouw en renovaties",Ideaal te combineren met vloerverwarming of extra verharder voor zware belasting.
zandcement-dekvloer-zaanstad-koog-aan-de-zaan-zone-1752,Zaanstad Koog aan de Zaan (Zone 1752),Zaanstad,Noord-Holland,Regio Zaanstad,A7,"vrijstaande woningen, kavelbouw en aanbouwen",Snel en krimpvrij gesmeerd met optimale hechting en strakke vlakheid.
zandcement-dekvloer-zaanstad-westzaan-zone-1753,Zaanstad Westzaan (Zone 1753),Zaanstad,Noord-Holland,Regio Zaanstad,A8,"nieuwbouwwijken, gezinswoningen en uitbouwen",Dankzij onze mobiele mengers pompen we kant-en-klare mortel direct naar de juiste laagdikte.
zandcement-dekvloer-zaanstad-oostzaan-zone-1754,Zaanstad Oostzaan (Zone 1754),Zaanstad,Noord-Holland,Regio Zaanstad,N9,"historische panden, herenhuizen en renovaties",Wij adviseren hier onze droogversneller en Duremit vezels voor een snelle oplevering.
zandcement-dekvloer-haarlemmermeer-hoofddorp-zone-1755,Haarlemmermeer Hoofddorp (Zone 1755),Haarlemmermeer,Noord-Holland,Regio Haarlemmermeer,N242,"bedrijfspanden, garages en utiliteitsbouw",Onze mixcombinaties verwerken zandcement moeiteloos in smalle straten en op hoogte.
zandcement-dekvloer-haarlemmermeer-nieuw-vennep-zone-1756,Haarlemmermeer Nieuw-Vennep (Zone 1756),Haarlemmermeer,Noord-Holland,Regio Haarlemmermeer,N201,"appartementencomplexen, hoogbouw en renovaties",Ideaal te combineren met vloerverwarming of extra verharder voor zware belasting.
zandcement-dekvloer-haarlemmermeer-badhoevedorp-zone-1757,Haarlemmermeer Badhoevedorp (Zone 1757),Haarlemmermeer,Noord-Holland,Regio Haarlemmermeer,N247,"vrijstaande woningen, kavelbouw en aanbouwen",Snel en krimpvrij gesmeerd met optimale hechting en strakke vlakheid.
zandcement-dekvloer-haarlemmermeer-zwanenburg-zone-1758,Haarlemmermeer Zwanenburg (Zone 1758),Haarlemmermeer,Noord-Holland,Regio Haarlemmermeer,A200,"nieuwbouwwijken, gezinswoningen en uitbouwen",Dankzij onze mobiele mengers pompen we kant-en-klare mortel direct naar de juiste laagdikte.
zandcement-dekvloer-haarlemmermeer-vijfhuizen-zone-1759,Haarlemmermeer Vijfhuizen (Zone 1759),Haarlemmermeer,Noord-Holland,Regio Haarlemmermeer,A10,"historische panden, herenhuizen en renovaties",Wij adviseren hier onze droogversneller en Duremit vezels voor een snelle oplevering.
zandcement-dekvloer-haarlemmermeer-rijsenhout-zone-1760,Haarlemmermeer Rijsenhout (Zone 1760),Haarlemmermeer,Noord-Holland,Regio Haarlemmermeer,A9,"bedrijfspanden, garages en utiliteitsbouw",Onze mixcombinaties verwerken zandcement moeiteloos in smalle straten en op hoogte.
zandcement-dekvloer-haarlemmermeer-abbenes-zone-1761,Haarlemmermeer Abbenes (Zone 1761),Haarlemmermeer,Noord-Holland,Regio Haarlemmermeer,A7,"appartementencomplexen, hoogbouw en renovaties",Ideaal te combineren met vloerverwarming of extra verharder voor zware belasting.
zandcement-dekvloer-haarlemmermeer-lisserbroek-zone-1762,Haarlemmermeer Lisserbroek (Zone 1762),Haarlemmermeer,Noord-Holland,Regio Haarlemmermeer,A8,"vrijstaande woningen, kavelbouw en aanbouwen",Snel en krimpvrij gesmeerd met optimale hechting en strakke vlakheid.
zandcement-dekvloer-alkmaar-zone-1763,Alkmaar (Zone 1763),Alkmaar,Noord-Holland,Regio Alkmaar,N9,"nieuwbouwwijken, gezinswoningen en uitbouwen",Dankzij onze mobiele mengers pompen we kant-en-klare mortel direct naar de juiste laagdikte.
zandcement-dekvloer-alkmaar-overdie-zone-1764,Alkmaar Overdie (Zone 1764),Alkmaar,Noord-Holland,Regio Alkmaar,N242,"historische panden, herenhuizen en renovaties",Wij adviseren hier onze droogversneller en Duremit vezels voor een snelle oplevering.
zandcement-dekvloer-alkmaar-huiswaard-zone-1765,Alkmaar Huiswaard (Zone 1765),Alkmaar,Noord-Holland,Regio Alkmaar,N201,"bedrijfspanden, garages en utiliteitsbouw",Onze mixcombinaties verwerken zandcement moeiteloos in smalle straten en op hoogte.
zandcement-dekvloer-alkmaar-daalmeer-zone-1766,Alkmaar Daalmeer (Zone 1766),Alkmaar,Noord-Holland,Regio Alkmaar,N247,"appartementencomplexen, hoogbouw en renovaties",Ideaal te combineren met vloerverwarming of extra verharder voor zware belasting.
zandcement-dekvloer-alkmaar-de-mare-zone-1767,Alkmaar De Mare (Zone 1767),Alkmaar,Noord-Holland,Regio Alkmaar,A200,"vrijstaande woningen, kavelbouw en aanbouwen",Snel en krimpvrij gesmeerd met optimale hechting en strakke vlakheid.
zandcement-dekvloer-alkmaar-oudorp-zone-1768,Alkmaar Oudorp (Zone 1768),Alkmaar,Noord-Holland,Regio Alkmaar,A10,"nieuwbouwwijken, gezinswoningen en uitbouwen",Dankzij onze mobiele mengers pompen we kant-en-klare mortel direct naar de juiste laagdikte.
zandcement-dekvloer-alkmaar-koedijk-zone-1769,Alkmaar Koedijk (Zone 1769),Alkmaar,Noord-Holland,Regio Alkmaar,A9,"historische panden, herenhuizen en renovaties",Wij adviseren hier onze droogversneller en Duremit vezels voor een snelle oplevering.
zandcement-dekvloer-alkmaar-bergermeer-zone-1770,Alkmaar Bergermeer (Zone 1770),Alkmaar,Noord-Holland,Regio Alkmaar,A7,"bedrijfspanden, garages en utiliteitsbouw",Onze mixcombinaties verwerken zandcement moeiteloos in smalle straten en op hoogte.
zandcement-dekvloer-den-helder-zone-1771,Den Helder (Zone 1771),Den Helder,Noord-Holland,Regio Den Helder,A8,"appartementencomplexen, hoogbouw en renovaties",Ideaal te combineren met vloerverwarming of extra verharder voor zware belasting.
zandcement-dekvloer-den-helder-julianadorp-zone-1772,Den Helder Julianadorp (Zone 1772),Den Helder,Noord-Holland,Regio Den Helder,N9,"vrijstaande woningen, kavelbouw en aanbouwen",Snel en krimpvrij gesmeerd met optimale hechting en strakke vlakheid.
zandcement-dekvloer-den-helder-de-schooten-zone-1773,Den Helder De Schooten (Zone 1773),Den Helder,Noord-Holland,Regio Den Helder,N242,"nieuwbouwwijken, gezinswoningen en uitbouwen",Dankzij onze mobiele mengers pompen we kant-en-klare mortel direct naar de juiste laagdikte.
zandcement-dekvloer-den-helder-nieuw-den-helder-zone-1774,Den Helder Nieuw-Den Helder (Zone 1774),Den Helder,Noord-Holland,Regio Den Helder,N201,"historische panden, herenhuizen en renovaties",Wij adviseren hier onze droogversneller en Duremit vezels voor een snelle oplevering.
zandcement-dekvloer-den-helder-huisduinen-zone-1775,Den Helder Huisduinen (Zone 1775),Den Helder,Noord-Holland,Regio Den Helder,N247,"bedrijfspanden, garages en utiliteitsbouw",Onze mixcombinaties verwerken zandcement moeiteloos in smalle straten en op hoogte.
zandcement-dekvloer-den-helder-falga-zone-1776,Den Helder Falga (Zone 1776),Den Helder,Noord-Holland,Regio Den Helder,A200,"appartementencomplexen, hoogbouw en renovaties",Ideaal te combineren met vloerverwarming of extra verharder voor zware belasting.
zandcement-dekvloer-purmerend-zone-1777,Purmerend (Zone 1777),Purmerend,Noord-Holland,Regio Purmerend,A10,"vrijstaande woningen, kavelbouw en aanbouwen",Snel en krimpvrij gesmeerd met optimale hechting en strakke vlakheid.
zandcement-dekvloer-purmerend-overwhere-zone-1778,Purmerend Overwhere (Zone 1778),Purmerend,Noord-Holland,Regio Purmerend,A9,"nieuwbouwwijken, gezinswoningen en uitbouwen",Dankzij onze mobiele mengers pompen we kant-en-klare mortel direct naar de juiste laagdikte.
zandcement-dekvloer-purmerend-weidevenne-zone-1779,Purmerend Weidevenne (Zone 1779),Purmerend,Noord-Holland,Regio Purmerend,A7,"historische panden, herenhuizen en renovaties",Wij adviseren hier onze droogversneller en Duremit vezels voor een snelle oplevering.
zandcement-dekvloer-purmerend-purmer-noord-zone-1780,Purmerend Purmer-Noord (Zone 1780),Purmerend,Noord-Holland,Regio Purmerend,A8,"bedrijfspanden, garages en utiliteitsbouw",Onze mixcombinaties verwerken zandcement moeiteloos in smalle straten en op hoogte.
zandcement-dekvloer-purmerend-purmer-zuid-zone-1781,Purmerend Purmer-Zuid (Zone 1781),Purmerend,Noord-Holland,Regio Purmerend,N9,"appartementencomplexen, hoogbouw en renovaties",Ideaal te combineren met vloerverwarming of extra verharder voor zware belasting.
zandcement-dekvloer-purmerend-gors-zone-1782,Purmerend Gors (Zone 1782),Purmerend,Noord-Holland,Regio Purmerend,N242,"vrijstaande woningen, kavelbouw en aanbouwen",Snel en krimpvrij gesmeerd met optimale hechting en strakke vlakheid.
zandcement-dekvloer-purmerend-wheermolen-zone-1783,Purmerend Wheermolen (Zone 1783),Purmerend,Noord-Holland,Regio Purmerend,N201,"nieuwbouwwijken, gezinswoningen en uitbouwen",Dankzij onze mobiele mengers pompen we kant-en-klare mortel direct naar de juiste laagdikte.
zandcement-dekvloer-hilversum-zone-1784,Hilversum (Zone 1784),Hilversum,Noord-Holland,Regio Hilversum,N247,"historische panden, herenhuizen en renovaties",Wij adviseren hier onze droogversneller en Duremit vezels voor een snelle oplevering.
zandcement-dekvloer-hilversum-kerkelanden-zone-1785,Hilversum Kerkelanden (Zone 1785),Hilversum,Noord-Holland,Regio Hilversum,A200,"bedrijfspanden, garages en utiliteitsbouw",Onze mixcombinaties verwerken zandcement moeiteloos in smalle straten en op hoogte.
zandcement-dekvloer-hilversum-hilversumse-meent-zone-1786,Hilversum Hilversumse Meent (Zone 1786),Hilversum,Noord-Holland,Regio Hilversum,A10,"appartementencomplexen, hoogbouw en renovaties",Ideaal te combineren met vloerverwarming of extra verharder voor zware belasting.
zandcement-dekvloer-hilversum-riebeeckkwartier-zone-1787,Hilversum Riebeeckkwartier (Zone 1787),Hilversum,Noord-Holland,Regio Hilversum,A9,"vrijstaande woningen, kavelbouw en aanbouwen",Snel en krimpvrij gesmeerd met optimale hechting en strakke vlakheid.
zandcement-dekvloer-hilversum-oost-zone-1788,Hilversum Oost (Zone 1788),Hilversum,Noord-Holland,Regio Hilversum,A7,"nieuwbouwwijken, gezinswoningen en uitbouwen",Dankzij onze mobiele mengers pompen we kant-en-klare mortel direct naar de juiste laagdikte.
zandcement-dekvloer-hilversum-seinstraat-zone-1789,Hilversum Seinstraat (Zone 1789),Hilversum,Noord-Holland,Regio Hilversum,A8,"historische panden, herenhuizen en renovaties",Wij adviseren hier onze droogversneller en Duremit vezels voor een snelle oplevering.
zandcement-dekvloer-amstelveen-stadshart-zone-1790,Amstelveen Stadshart (Zone 1790),Amstelveen,Noord-Holland,Regio Amstelveen,N9,"bedrijfspanden, garages en utiliteitsbouw",Onze mixcombinaties verwerken zandcement moeiteloos in smalle straten en op hoogte.
zandcement-dekvloer-amstelveen-westwijk-zone-1791,Amstelveen Westwijk (Zone 1791),Amstelveen,Noord-Holland,Regio Amstelveen,N242,"appartementencomplexen, hoogbouw en renovaties",Ideaal te combineren met vloerverwarming of extra verharder voor zware belasting.
zandcement-dekvloer-amstelveen-bovenkerk-zone-1792,Amstelveen Bovenkerk (Zone 1792),Amstelveen,Noord-Holland,Regio Amstelveen,N201,"vrijstaande woningen, kavelbouw en aanbouwen",Snel en krimpvrij gesmeerd met optimale hechting en strakke vlakheid.
zandcement-dekvloer-amstelveen-randwijck-zone-1793,Amstelveen Randwijck (Zone 1793),Amstelveen,Noord-Holland,Regio Amstelveen,N247,"nieuwbouwwijken, gezinswoningen en uitbouwen",Dankzij onze mobiele mengers pompen we kant-en-klare mortel direct naar de juiste laagdikte.
zandcement-dekvloer-amstelveen-bankras-zone-1794,Amstelveen Bankras (Zone 1794),Amstelveen,Noord-Holland,Regio Amstelveen,A200,"historische panden, herenhuizen en renovaties",Wij adviseren hier onze droogversneller en Duremit vezels voor een snelle oplevering.
zandcement-dekvloer-amstelveen-elsrijk-zone-1795,Amstelveen Elsrijk (Zone 1795),Amstelveen,Noord-Holland,Regio Amstelveen,A10,"bedrijfspanden, garages en utiliteitsbouw",Onze mixcombinaties verwerken zandcement moeiteloos in smalle straten en op hoogte.
zandcement-dekvloer-hoorn-zone-1796,Hoorn (Zone 1796),Hoorn,Noord-Holland,Regio Hoorn,A9,"appartementencomplexen, hoogbouw en renovaties",Ideaal te combineren met vloerverwarming of extra verharder voor zware belasting.
zandcement-dekvloer-hoorn-risdam-zone-1797,Hoorn Risdam (Zone 1797),Hoorn,Noord-Holland,Regio Hoorn,A7,"vrijstaande woningen, kavelbouw en aanbouwen",Snel en krimpvrij gesmeerd met optimale hechting en strakke vlakheid.
zandcement-dekvloer-hoorn-kersenboogerd-zone-1798,Hoorn Kersenboogerd (Zone 1798),Hoorn,Noord-Holland,Regio Hoorn,A8,"nieuwbouwwijken, gezinswoningen en uitbouwen",Dankzij onze mobiele mengers pompen we kant-en-klare mortel direct naar de juiste laagdikte.
zandcement-dekvloer-hoorn-zwaag-zone-1799,Hoorn Zwaag (Zone 1799),Hoorn,Noord-Holland,Regio Hoorn,N9,"historische panden, herenhuizen en renovaties",Wij adviseren hier onze droogversneller en Duremit vezels voor een snelle oplevering.
zandcement-dekvloer-hoorn-blokker-zone-1800,Hoorn Blokker (Zone 1800),Hoorn,Noord-Holland,Regio Hoorn,N242,"bedrijfspanden, garages en utiliteitsbouw",Onze mixcombinaties verwerken zandcement moeiteloos in smalle straten en op hoogte.
zandcement-dekvloer-hoorn-grote-waal-zone-1801,Hoorn Grote Waal (Zone 1801),Hoorn,Noord-Holland,Regio Hoorn,N201,"appartementencomplexen, hoogbouw en renovaties",Ideaal te combineren met vloerverwarming of extra verharder voor zware belasting.
zandcement-dekvloer-heerhugowaard-zone-1802,Heerhugowaard (Zone 1802),Heerhugowaard,Noord-Holland,Regio Heerhugowaard,N247,"vrijstaande woningen, kavelbouw en aanbouwen",Snel en krimpvrij gesmeerd met optimale hechting en strakke vlakheid.
zandcement-dekvloer-heerhugowaard-de-noord-zone-1803,Heerhugowaard De Noord (Zone 1803),Heerhugowaard,Noord-Holland,Regio Heerhugowaard,A200,"nieuwbouwwijken, gezinswoningen en uitbouwen",Dankzij onze mobiele mengers pompen we kant-en-klare mortel direct naar de juiste laagdikte.
zandcement-dekvloer-heerhugowaard-butterhuizen-zone-1804,Heerhugowaard Butterhuizen (Zone 1804),Heerhugowaard,Noord-Holland,Regio Heerhugowaard,A10,"historische panden, herenhuizen en renovaties",Wij adviseren hier onze droogversneller en Duremit vezels voor een snelle oplevering.
zandcement-dekvloer-heerhugowaard-stad-van-de-zon-zone-1805,Heerhugowaard Stad van de Zon (Zone 1805),Heerhugowaard,Noord-Holland,Regio Heerhugowaard,A9,"bedrijfspanden, garages en utiliteitsbouw",Onze mixcombinaties verwerken zandcement moeiteloos in smalle straten en op hoogte.
zandcement-dekvloer-heerhugowaard-reigersdaal-zone-1806,Heerhugowaard Reigersdaal (Zone 1806),Heerhugowaard,Noord-Holland,Regio Heerhugowaard,A7,"appartementencomplexen, hoogbouw en renovaties",Ideaal te combineren met vloerverwarming of extra verharder voor zware belasting.
zandcement-dekvloer-heerhugowaard-oostertocht-zone-1807,Heerhugowaard Oostertocht (Zone 1807),Heerhugowaard,Noord-Holland,Regio Heerhugowaard,A8,"vrijstaande woningen, kavelbouw en aanbouwen",Snel en krimpvrij gesmeerd met optimale hechting en strakke vlakheid.
zandcement-dekvloer-schagen-schagen-stad-zone-1808,Schagen Schagen-stad (Zone 1808),Schagen,Noord-Holland,Regio Schagen,N9,"nieuwbouwwijken, gezinswoningen en uitbouwen",Dankzij onze mobiele mengers pompen we kant-en-klare mortel direct naar de juiste laagdikte.
zandcement-dekvloer-schagen-tuitjenhorn-zone-1809,Schagen Tuitjenhorn (Zone 1809),Schagen,Noord-Holland,Regio Schagen,N242,"historische panden, herenhuizen en renovaties",Wij adviseren hier onze droogversneller en Duremit vezels voor een snelle oplevering.
zandcement-dekvloer-schagen-warmenhuizen-zone-1810,Schagen Warmenhuizen (Zone 1810),Schagen,Noord-Holland,Regio Schagen,N201,"bedrijfspanden, garages en utiliteitsbouw",Onze mixcombinaties verwerken zandcement moeiteloos in smalle straten en op hoogte.
zandcement-dekvloer-schagen-dirkshorn-zone-1811,Schagen Dirkshorn (Zone 1811),Schagen,Noord-Holland,Regio Schagen,N247,"appartementencomplexen, hoogbouw en renovaties",Ideaal te combineren met vloerverwarming of extra verharder voor zware belasting.
zandcement-dekvloer-schagen-callantsoog-zone-1812,Schagen Callantsoog (Zone 1812),Schagen,Noord-Holland,Regio Schagen,A200,"vrijstaande woningen, kavelbouw en aanbouwen",Snel en krimpvrij gesmeerd met optimale hechting en strakke vlakheid.
zandcement-dekvloer-schagen-petten-zone-1813,Schagen Petten (Zone 1813),Schagen,Noord-Holland,Regio Schagen,A10,"nieuwbouwwijken, gezinswoningen en uitbouwen",Dankzij onze mobiele mengers pompen we kant-en-klare mortel direct naar de juiste laagdikte.
zandcement-dekvloer-schagen-waarland-zone-1814,Schagen Waarland (Zone 1814),Schagen,Noord-Holland,Regio Schagen,A9,"historische panden, herenhuizen en renovaties",Wij adviseren hier onze droogversneller en Duremit vezels voor een snelle oplevering.
zandcement-dekvloer-schagen-burgerbrug-zone-1815,Schagen Burgerbrug (Zone 1815),Schagen,Noord-Holland,Regio Schagen,A7,"bedrijfspanden, garages en utiliteitsbouw",Onze mixcombinaties verwerken zandcement moeiteloos in smalle straten en op hoogte.
zandcement-dekvloer-schagen-sint-maarten-zone-1816,Schagen Sint Maarten (Zone 1816),Schagen,Noord-Holland,Regio Schagen,A8,"appartementencomplexen, hoogbouw en renovaties",Ideaal te combineren met vloerverwarming of extra verharder voor zware belasting.
zandcement-dekvloer-schagen-sint-maartensbrug-zone-1817,Schagen Sint Maartensbrug (Zone 1817),Schagen,Noord-Holland,Regio Schagen,N9,"vrijstaande woningen, kavelbouw en aanbouwen",Snel en krimpvrij gesmeerd met optimale hechting en strakke vlakheid.
zandcement-dekvloer-schagen-schagerbrug-zone-1818,Schagen Schagerbrug (Zone 1818),Schagen,Noord-Holland,Regio Schagen,N242,"nieuwbouwwijken, gezinswoningen en uitbouwen",Dankzij onze mobiele mengers pompen we kant-en-klare mortel direct naar de juiste laagdikte.
zandcement-dekvloer-medemblik-medemblik-stad-zone-1819,Medemblik Medemblik-stad (Zone 1819),Medemblik,Noord-Holland,Regio Medemblik,N201,"historische panden, herenhuizen en renovaties",Wij adviseren hier onze droogversneller en Duremit vezels voor een snelle oplevering.
zandcement-dekvloer-medemblik-wervershoof-zone-1820,Medemblik Wervershoof (Zone 1820),Medemblik,Noord-Holland,Regio Medemblik,N247,"bedrijfspanden, garages en utiliteitsbouw",Onze mixcombinaties verwerken zandcement moeiteloos in smalle straten en op hoogte.
zandcement-dekvloer-medemblik-andijk-zone-1821,Medemblik Andijk (Zone 1821),Medemblik,Noord-Holland,Regio Medemblik,A200,"appartementencomplexen, hoogbouw en renovaties",Ideaal te combineren met vloerverwarming of extra verharder voor zware belasting.
zandcement-dekvloer-medemblik-wognum-zone-1822,Medemblik Wognum (Zone 1822),Medemblik,Noord-Holland,Regio Medemblik,A10,"vrijstaande woningen, kavelbouw en aanbouwen",Snel en krimpvrij gesmeerd met optimale hechting en strakke vlakheid.
zandcement-dekvloer-medemblik-midwoud-zone-1823,Medemblik Midwoud (Zone 1823),Medemblik,Noord-Holland,Regio Medemblik,A9,"nieuwbouwwijken, gezinswoningen en uitbouwen",Dankzij onze mobiele mengers pompen we kant-en-klare mortel direct naar de juiste laagdikte.
zandcement-dekvloer-medemblik-twisk-zone-1824,Medemblik Twisk (Zone 1824),Medemblik,Noord-Holland,Regio Medemblik,A7,"historische panden, herenhuizen en renovaties",Wij adviseren hier onze droogversneller en Duremit vezels voor een snelle oplevering.
zandcement-dekvloer-medemblik-abbekerk-zone-1825,Medemblik Abbekerk (Zone 1825),Medemblik,Noord-Holland,Regio Medemblik,A8,"bedrijfspanden, garages en utiliteitsbouw",Onze mixcombinaties verwerken zandcement moeiteloos in smalle straten en op hoogte.
zandcement-dekvloer-medemblik-nibbixwoud-zone-1826,Medemblik Nibbixwoud (Zone 1826),Medemblik,Noord-Holland,Regio Medemblik,N9,"appartementencomplexen, hoogbouw en renovaties",Ideaal te combineren met vloerverwarming of extra verharder voor zware belasting.
zandcement-dekvloer-medemblik-sijbekarspel-zone-1827,Medemblik Sijbekarspel (Zone 1827),Medemblik,Noord-Holland,Regio Medemblik,N242,"vrijstaande woningen, kavelbouw en aanbouwen",Snel en krimpvrij gesmeerd met optimale hechting en strakke vlakheid.
zandcement-dekvloer-enkhuizen-zone-1828,Enkhuizen (Zone 1828),Enkhuizen,Noord-Holland,Regio Enkhuizen,N201,"nieuwbouwwijken, gezinswoningen en uitbouwen",Dankzij onze mobiele mengers pompen we kant-en-klare mortel direct naar de juiste laagdikte.
zandcement-dekvloer-enkhuizen-oosterweeghje-zone-1829,Enkhuizen Oosterweeghje (Zone 1829),Enkhuizen,Noord-Holland,Regio Enkhuizen,N247,"historische panden, herenhuizen en renovaties",Wij adviseren hier onze droogversneller en Duremit vezels voor een snelle oplevering.
zandcement-dekvloer-enkhuizen-gommerwijk-zone-1830,Enkhuizen Gommerwijk (Zone 1830),Enkhuizen,Noord-Holland,Regio Enkhuizen,A200,"bedrijfspanden, garages en utiliteitsbouw",Onze mixcombinaties verwerken zandcement moeiteloos in smalle straten en op hoogte.
zandcement-dekvloer-enkhuizen-kadijken-zone-1831,Enkhuizen Kadijken (Zone 1831),Enkhuizen,Noord-Holland,Regio Enkhuizen,A10,"appartementencomplexen, hoogbouw en renovaties",Ideaal te combineren met vloerverwarming of extra verharder voor zware belasting.
zandcement-dekvloer-edam-volendam-volendam-zone-1832,Edam-Volendam Volendam (Zone 1832),Edam-Volendam,Noord-Holland,Regio Edam-Volendam,A9,"vrijstaande woningen, kavelbouw en aanbouwen",Snel en krimpvrij gesmeerd met optimale hechting en strakke vlakheid.
zandcement-dekvloer-edam-volendam-edam-zone-1833,Edam-Volendam Edam (Zone 1833),Edam-Volendam,Noord-Holland,Regio Edam-Volendam,A7,"nieuwbouwwijken, gezinswoningen en uitbouwen",Dankzij onze mobiele mengers pompen we kant-en-klare mortel direct naar de juiste laagdikte.
zandcement-dekvloer-edam-volendam-oosthuizen-zone-1834,Edam-Volendam Oosthuizen (Zone 1834),Edam-Volendam,Noord-Holland,Regio Edam-Volendam,A8,"historische panden, herenhuizen en renovaties",Wij adviseren hier onze droogversneller en Duremit vezels voor een snelle oplevering.
zandcement-dekvloer-edam-volendam-middellie-zone-1835,Edam-Volendam Middellie (Zone 1835),Edam-Volendam,Noord-Holland,Regio Edam-Volendam,N9,"bedrijfspanden, garages en utiliteitsbouw",Onze mixcombinaties verwerken zandcement moeiteloos in smalle straten en op hoogte.
zandcement-dekvloer-edam-volendam-beets-zone-1836,Edam-Volendam Beets (Zone 1836),Edam-Volendam,Noord-Holland,Regio Edam-Volendam,N242,"appartementencomplexen, hoogbouw en renovaties",Ideaal te combineren met vloerverwarming of extra verharder voor zware belasting.
zandcement-dekvloer-edam-volendam-kwadijk-zone-1837,Edam-Volendam Kwadijk (Zone 1837),Edam-Volendam,Noord-Holland,Regio Edam-Volendam,N201,"vrijstaande woningen, kavelbouw en aanbouwen",Snel en krimpvrij gesmeerd met optimale hechting en strakke vlakheid.
zandcement-dekvloer-waterland-monnickendam-zone-1838,Waterland Monnickendam (Zone 1838),Waterland,Noord-Holland,Regio Waterland,N247,"nieuwbouwwijken, gezinswoningen en uitbouwen",Dankzij onze mobiele mengers pompen we kant-en-klare mortel direct naar de juiste laagdikte.
zandcement-dekvloer-waterland-marken-zone-1839,Waterland Marken (Zone 1839),Waterland,Noord-Holland,Regio Waterland,A200,"historische panden, herenhuizen en renovaties",Wij adviseren hier onze droogversneller en Duremit vezels voor een snelle oplevering.
zandcement-dekvloer-waterland-broek-in-waterland-zone-1840,Waterland Broek in Waterland (Zone 1840),Waterland,Noord-Holland,Regio Waterland,A10,"bedrijfspanden, garages en utiliteitsbouw",Onze mixcombinaties verwerken zandcement moeiteloos in smalle straten en op hoogte.
zandcement-dekvloer-waterland-ilpendam-zone-1841,Waterland Ilpendam (Zone 1841),Waterland,Noord-Holland,Regio Waterland,A9,"appartementencomplexen, hoogbouw en renovaties",Ideaal te combineren met vloerverwarming of extra verharder voor zware belasting.
zandcement-dekvloer-waterland-katwoude-zone-1842,Waterland Katwoude (Zone 1842),Waterland,Noord-Holland,Regio Waterland,A7,"vrijstaande woningen, kavelbouw en aanbouwen",Snel en krimpvrij gesmeerd met optimale hechting en strakke vlakheid.
zandcement-dekvloer-wormerland-wormer-zone-1843,Wormerland Wormer (Zone 1843),Wormerland,Noord-Holland,Regio Wormerland,A8,"nieuwbouwwijken, gezinswoningen en uitbouwen",Dankzij onze mobiele mengers pompen we kant-en-klare mortel direct naar de juiste laagdikte.
zandcement-dekvloer-wormerland-jisp-zone-1844,Wormerland Jisp (Zone 1844),Wormerland,Noord-Holland,Regio Wormerland,N9,"historische panden, herenhuizen en renovaties",Wij adviseren hier onze droogversneller en Duremit vezels voor een snelle oplevering.
zandcement-dekvloer-wormerland-oostknollendam-zone-1845,Wormerland Oostknollendam (Zone 1845),Wormerland,Noord-Holland,Regio Wormerland,N242,"bedrijfspanden, garages en utiliteitsbouw",Onze mixcombinaties verwerken zandcement moeiteloos in smalle straten en op hoogte.
zandcement-dekvloer-wormerland-spijkerboor-zone-1846,Wormerland Spijkerboor (Zone 1846),Wormerland,Noord-Holland,Regio Wormerland,N201,"appartementencomplexen, hoogbouw en renovaties",Ideaal te combineren met vloerverwarming of extra verharder voor zware belasting.
zandcement-dekvloer-gooise-meren-bussum-zone-1847,Gooise Meren Bussum (Zone 1847),Gooise Meren,Noord-Holland,Regio Gooise Meren,N247,"vrijstaande woningen, kavelbouw en aanbouwen",Snel en krimpvrij gesmeerd met optimale hechting en strakke vlakheid.
zandcement-dekvloer-gooise-meren-naarden-zone-1848,Gooise Meren Naarden (Zone 1848),Gooise Meren,Noord-Holland,Regio Gooise Meren,A200,"nieuwbouwwijken, gezinswoningen en uitbouwen",Dankzij onze mobiele mengers pompen we kant-en-klare mortel direct naar de juiste laagdikte.
zandcement-dekvloer-gooise-meren-muiden-zone-1849,Gooise Meren Muiden (Zone 1849),Gooise Meren,Noord-Holland,Regio Gooise Meren,A10,"historische panden, herenhuizen en renovaties",Wij adviseren hier onze droogversneller en Duremit vezels voor een snelle oplevering.
zandcement-dekvloer-gooise-meren-muiderberg-zone-1850,Gooise Meren Muiderberg (Zone 1850),Gooise Meren,Noord-Holland,Regio Gooise Meren,A9,"bedrijfspanden, garages en utiliteitsbouw",Onze mixcombinaties verwerken zandcement moeiteloos in smalle straten en op hoogte.
zandcement-dekvloer-texel-den-burg-zone-1851,Texel Den Burg (Zone 1851),Texel,Noord-Holland,Regio Texel,A7,"appartementencomplexen, hoogbouw en renovaties",Ideaal te combineren met vloerverwarming of extra verharder voor zware belasting.
zandcement-dekvloer-texel-de-koog-zone-1852,Texel De Koog (Zone 1852),Texel,Noord-Holland,Regio Texel,A8,"vrijstaande woningen, kavelbouw en aanbouwen",Snel en krimpvrij gesmeerd met optimale hechting en strakke vlakheid.
zandcement-dekvloer-texel-oudeschild-zone-1853,Texel Oudeschild (Zone 1853),Texel,Noord-Holland,Regio Texel,N9,"nieuwbouwwijken, gezinswoningen en uitbouwen",Dankzij onze mobiele mengers pompen we kant-en-klare mortel direct naar de juiste laagdikte.
zandcement-dekvloer-texel-den-hoorn-zone-1854,Texel Den Hoorn (Zone 1854),Texel,Noord-Holland,Regio Texel,N242,"historische panden, herenhuizen en renovaties",Wij adviseren hier onze droogversneller en Duremit vezels voor een snelle oplevering.
zandcement-dekvloer-texel-de-cocksdorp-zone-1855,Texel De Cocksdorp (Zone 1855),Texel,Noord-Holland,Regio Texel,N201,"bedrijfspanden, garages en utiliteitsbouw",Onze mixcombinaties verwerken zandcement moeiteloos in smalle straten en op hoogte.
zandcement-dekvloer-texel-oosterend-zone-1856,Texel Oosterend (Zone 1856),Texel,Noord-Holland,Regio Texel,N247,"appartementencomplexen, hoogbouw en renovaties",Ideaal te combineren met vloerverwarming of extra verharder voor zware belasting.
zandcement-dekvloer-rotterdam-zone-1857,Rotterdam (Zone 1857),Rotterdam,Zuid-Holland,Regio Rotterdam,N210,"vrijstaande woningen, kavelbouw en aanbouwen",Snel en krimpvrij gesmeerd met optimale hechting en strakke vlakheid.
zandcement-dekvloer-rotterdam-feijenoord-zone-1858,Rotterdam Feijenoord (Zone 1858),Rotterdam,Zuid-Holland,Regio Rotterdam,A12,"nieuwbouwwijken, gezinswoningen en uitbouwen",Dankzij onze mobiele mengers pompen we kant-en-klare mortel direct naar de juiste laagdikte.
zandcement-dekvloer-rotterdam-kralingen-zone-1859,Rotterdam Kralingen (Zone 1859),Rotterdam,Zuid-Holland,Regio Rotterdam,A13,"historische panden, herenhuizen en renovaties",Wij adviseren hier onze droogversneller en Duremit vezels voor een snelle oplevering.
zandcement-dekvloer-rotterdam-noord-zone-1860,Rotterdam Noord (Zone 1860),Rotterdam,Zuid-Holland,Regio Rotterdam,A15,"bedrijfspanden, garages en utiliteitsbouw",Onze mixcombinaties verwerken zandcement moeiteloos in smalle straten en op hoogte.
zandcement-dekvloer-rotterdam-delfshaven-zone-1861,Rotterdam Delfshaven (Zone 1861),Rotterdam,Zuid-Holland,Regio Rotterdam,A16,"appartementencomplexen, hoogbouw en renovaties",Ideaal te combineren met vloerverwarming of extra verharder voor zware belasting.
zandcement-dekvloer-rotterdam-ijsselmonde-zone-1862,Rotterdam IJsselmonde (Zone 1862),Rotterdam,Zuid-Holland,Regio Rotterdam,A20,"vrijstaande woningen, kavelbouw en aanbouwen",Snel en krimpvrij gesmeerd met optimale hechting en strakke vlakheid.
zandcement-dekvloer-rotterdam-prins-alexander-zone-1863,Rotterdam Prins Alexander (Zone 1863),Rotterdam,Zuid-Holland,Regio Rotterdam,A4,"nieuwbouwwijken, gezinswoningen en uitbouwen",Dankzij onze mobiele mengers pompen we kant-en-klare mortel direct naar de juiste laagdikte.
zandcement-dekvloer-rotterdam-charlois-zone-1864,Rotterdam Charlois (Zone 1864),Rotterdam,Zuid-Holland,Regio Rotterdam,N11,"historische panden, herenhuizen en renovaties",Wij adviseren hier onze droogversneller en Duremit vezels voor een snelle oplevering.
zandcement-dekvloer-rotterdam-overschie-zone-1865,Rotterdam Overschie (Zone 1865),Rotterdam,Zuid-Holland,Regio Rotterdam,N206,"bedrijfspanden, garages en utiliteitsbouw",Onze mixcombinaties verwerken zandcement moeiteloos in smalle straten en op hoogte.
zandcement-dekvloer-rotterdam-hoogvliet-zone-1866,Rotterdam Hoogvliet (Zone 1866),Rotterdam,Zuid-Holland,Regio Rotterdam,N210,"appartementencomplexen, hoogbouw en renovaties",Ideaal te combineren met vloerverwarming of extra verharder voor zware belasting.
zandcement-dekvloer-rotterdam-nesselande-zone-1867,Rotterdam Nesselande (Zone 1867),Rotterdam,Zuid-Holland,Regio Rotterdam,A12,"vrijstaande woningen, kavelbouw en aanbouwen",Snel en krimpvrij gesmeerd met optimale hechting en strakke vlakheid.
zandcement-dekvloer-rotterdam-pernis-zone-1868,Rotterdam Pernis (Zone 1868),Rotterdam,Zuid-Holland,Regio Rotterdam,A13,"nieuwbouwwijken, gezinswoningen en uitbouwen",Dankzij onze mobiele mengers pompen we kant-en-klare mortel direct naar de juiste laagdikte.
zandcement-dekvloer-rotterdam-kombuis-zone-1869,Rotterdam Kombuis (Zone 1869),Rotterdam,Zuid-Holland,Regio Rotterdam,A15,"historische panden, herenhuizen en renovaties",Wij adviseren hier onze droogversneller en Duremit vezels voor een snelle oplevering.
zandcement-dekvloer-rotterdam-ommoord-zone-1870,Rotterdam Ommoord (Zone 1870),Rotterdam,Zuid-Holland,Regio Rotterdam,A16,"bedrijfspanden, garages en utiliteitsbouw",Onze mixcombinaties verwerken zandcement moeiteloos in smalle straten en op hoogte.
zandcement-dekvloer-rotterdam-zevenkamp-zone-1871,Rotterdam Zevenkamp (Zone 1871),Rotterdam,Zuid-Holland,Regio Rotterdam,A20,"appartementencomplexen, hoogbouw en renovaties",Ideaal te combineren met vloerverwarming of extra verharder voor zware belasting.
zandcement-dekvloer-den-haag-zone-1872,Den Haag (Zone 1872),Den Haag,Zuid-Holland,Regio Den Haag,A4,"vrijstaande woningen, kavelbouw en aanbouwen",Snel en krimpvrij gesmeerd met optimale hechting en strakke vlakheid.
zandcement-dekvloer-den-haag-scheveningen-zone-1873,Den Haag Scheveningen (Zone 1873),Den Haag,Zuid-Holland,Regio Den Haag,N11,"nieuwbouwwijken, gezinswoningen en uitbouwen",Dankzij onze mobiele mengers pompen we kant-en-klare mortel direct naar de juiste laagdikte.
zandcement-dekvloer-den-haag-escamp-zone-1874,Den Haag Escamp (Zone 1874),Den Haag,Zuid-Holland,Regio Den Haag,N206,"historische panden, herenhuizen en renovaties",Wij adviseren hier onze droogversneller en Duremit vezels voor een snelle oplevering.
zandcement-dekvloer-den-haag-laak-zone-1875,Den Haag Laak (Zone 1875),Den Haag,Zuid-Holland,Regio Den Haag,N210,"bedrijfspanden, garages en utiliteitsbouw",Onze mixcombinaties verwerken zandcement moeiteloos in smalle straten en op hoogte.
zandcement-dekvloer-den-haag-leidschenveen-ypenburg-zone-1876,Den Haag Leidschenveen-Ypenburg (Zone 1876),Den Haag,Zuid-Holland,Regio Den Haag,A12,"appartementencomplexen, hoogbouw en renovaties",Ideaal te combineren met vloerverwarming of extra verharder voor zware belasting.
zandcement-dekvloer-den-haag-loosduinen-zone-1877,Den Haag Loosduinen (Zone 1877),Den Haag,Zuid-Holland,Regio Den Haag,A13,"vrijstaande woningen, kavelbouw en aanbouwen",Snel en krimpvrij gesmeerd met optimale hechting en strakke vlakheid.
zandcement-dekvloer-den-haag-haagse-hout-zone-1878,Den Haag Haagse Hout (Zone 1878),Den Haag,Zuid-Holland,Regio Den Haag,A15,"nieuwbouwwijken, gezinswoningen en uitbouwen",Dankzij onze mobiele mengers pompen we kant-en-klare mortel direct naar de juiste laagdikte.
zandcement-dekvloer-den-haag-segbroek-zone-1879,Den Haag Segbroek (Zone 1879),Den Haag,Zuid-Holland,Regio Den Haag,A16,"historische panden, herenhuizen en renovaties",Wij adviseren hier onze droogversneller en Duremit vezels voor een snelle oplevering.
zandcement-dekvloer-den-haag-kijkduin-zone-1880,Den Haag Kijkduin (Zone 1880),Den Haag,Zuid-Holland,Regio Den Haag,A20,"bedrijfspanden, garages en utiliteitsbouw",Onze mixcombinaties verwerken zandcement moeiteloos in smalle straten en op hoogte.
zandcement-dekvloer-den-haag-wateringse-veld-zone-1881,Den Haag Wateringse Veld (Zone 1881),Den Haag,Zuid-Holland,Regio Den Haag,A4,"appartementencomplexen, hoogbouw en renovaties",Ideaal te combineren met vloerverwarming of extra verharder voor zware belasting.
zandcement-dekvloer-den-haag-benoordenhout-zone-1882,Den Haag Benoordenhout (Zone 1882),Den Haag,Zuid-Holland,Regio Den Haag,N11,"vrijstaande woningen, kavelbouw en aanbouwen",Snel en krimpvrij gesmeerd met optimale hechting en strakke vlakheid.
zandcement-dekvloer-zoetermeer-zone-1883,Zoetermeer (Zone 1883),Zoetermeer,Zuid-Holland,Regio Zoetermeer,N206,"nieuwbouwwijken, gezinswoningen en uitbouwen",Dankzij onze mobiele mengers pompen we kant-en-klare mortel direct naar de juiste laagdikte.
zandcement-dekvloer-zoetermeer-oosterheem-zone-1884,Zoetermeer Oosterheem (Zone 1884),Zoetermeer,Zuid-Holland,Regio Zoetermeer,N210,"historische panden, herenhuizen en renovaties",Wij adviseren hier onze droogversneller en Duremit vezels voor een snelle oplevering.
zandcement-dekvloer-zoetermeer-buytenwegh-zone-1885,Zoetermeer Buytenwegh (Zone 1885),Zoetermeer,Zuid-Holland,Regio Zoetermeer,A12,"bedrijfspanden, garages en utiliteitsbouw",Onze mixcombinaties verwerken zandcement moeiteloos in smalle straten en op hoogte.
zandcement-dekvloer-zoetermeer-seghwaert-zone-1886,Zoetermeer Seghwaert (Zone 1886),Zoetermeer,Zuid-Holland,Regio Zoetermeer,A13,"appartementencomplexen, hoogbouw en renovaties",Ideaal te combineren met vloerverwarming of extra verharder voor zware belasting.
zandcement-dekvloer-zoetermeer-rokkeveen-zone-1887,Zoetermeer Rokkeveen (Zone 1887),Zoetermeer,Zuid-Holland,Regio Zoetermeer,A15,"vrijstaande woningen, kavelbouw en aanbouwen",Snel en krimpvrij gesmeerd met optimale hechting en strakke vlakheid.
zandcement-dekvloer-zoetermeer-meerzicht-zone-1888,Zoetermeer Meerzicht (Zone 1888),Zoetermeer,Zuid-Holland,Regio Zoetermeer,A16,"nieuwbouwwijken, gezinswoningen en uitbouwen",Dankzij onze mobiele mengers pompen we kant-en-klare mortel direct naar de juiste laagdikte.
zandcement-dekvloer-zoetermeer-driemanspolder-zone-1889,Zoetermeer Driemanspolder (Zone 1889),Zoetermeer,Zuid-Holland,Regio Zoetermeer,A20,"historische panden, herenhuizen en renovaties",Wij adviseren hier onze droogversneller en Duremit vezels voor een snelle oplevering.
zandcement-dekvloer-zoetermeer-palenstein-zone-1890,Zoetermeer Palenstein (Zone 1890),Zoetermeer,Zuid-Holland,Regio Zoetermeer,A4,"bedrijfspanden, garages en utiliteitsbouw",Onze mixcombinaties verwerken zandcement moeiteloos in smalle straten en op hoogte.
zandcement-dekvloer-zoetermeer-noordhove-zone-1891,Zoetermeer Noordhove (Zone 1891),Zoetermeer,Zuid-Holland,Regio Zoetermeer,N11,"appartementencomplexen, hoogbouw en renovaties",Ideaal te combineren met vloerverwarming of extra verharder voor zware belasting.
zandcement-dekvloer-dordrecht-zone-1892,Dordrecht (Zone 1892),Dordrecht,Zuid-Holland,Regio Dordrecht,N206,"vrijstaande woningen, kavelbouw en aanbouwen",Snel en krimpvrij gesmeerd met optimale hechting en strakke vlakheid.
zandcement-dekvloer-dordrecht-stadspolders-zone-1893,Dordrecht Stadspolders (Zone 1893),Dordrecht,Zuid-Holland,Regio Dordrecht,N210,"nieuwbouwwijken, gezinswoningen en uitbouwen",Dankzij onze mobiele mengers pompen we kant-en-klare mortel direct naar de juiste laagdikte.
zandcement-dekvloer-dordrecht-sterrenburg-zone-1894,Dordrecht Sterrenburg (Zone 1894),Dordrecht,Zuid-Holland,Regio Dordrecht,A12,"historische panden, herenhuizen en renovaties",Wij adviseren hier onze droogversneller en Duremit vezels voor een snelle oplevering.
zandcement-dekvloer-dordrecht-wielwijk-zone-1895,Dordrecht Wielwijk (Zone 1895),Dordrecht,Zuid-Holland,Regio Dordrecht,A13,"bedrijfspanden, garages en utiliteitsbouw",Onze mixcombinaties verwerken zandcement moeiteloos in smalle straten en op hoogte.
zandcement-dekvloer-dordrecht-krispijn-zone-1896,Dordrecht Krispijn (Zone 1896),Dordrecht,Zuid-Holland,Regio Dordrecht,A15,"appartementencomplexen, hoogbouw en renovaties",Ideaal te combineren met vloerverwarming of extra verharder voor zware belasting.
zandcement-dekvloer-dordrecht-dubbeldam-zone-1897,Dordrecht Dubbeldam (Zone 1897),Dordrecht,Zuid-Holland,Regio Dordrecht,A16,"vrijstaande woningen, kavelbouw en aanbouwen",Snel en krimpvrij gesmeerd met optimale hechting en strakke vlakheid.
zandcement-dekvloer-dordrecht-crabbehof-zone-1898,Dordrecht Crabbehof (Zone 1898),Dordrecht,Zuid-Holland,Regio Dordrecht,A20,"nieuwbouwwijken, gezinswoningen en uitbouwen",Dankzij onze mobiele mengers pompen we kant-en-klare mortel direct naar de juiste laagdikte.
zandcement-dekvloer-leiden-zone-1899,Leiden (Zone 1899),Leiden,Zuid-Holland,Regio Leiden,A4,"historische panden, herenhuizen en renovaties",Wij adviseren hier onze droogversneller en Duremit vezels voor een snelle oplevering.
zandcement-dekvloer-leiden-stevenshof-zone-1900,Leiden Stevenshof (Zone 1900),Leiden,Zuid-Holland,Regio Leiden,N11,"bedrijfspanden, garages en utiliteitsbouw",Onze mixcombinaties verwerken zandcement moeiteloos in smalle straten en op hoogte.
zandcement-dekvloer-leiden-merenwijk-zone-1901,Leiden Merenwijk (Zone 1901),Leiden,Zuid-Holland,Regio Leiden,N206,"appartementencomplexen, hoogbouw en renovaties",Ideaal te combineren met vloerverwarming of extra verharder voor zware belasting.
zandcement-dekvloer-leiden-roomburg-zone-1902,Leiden Roomburg (Zone 1902),Leiden,Zuid-Holland,Regio Leiden,N210,"vrijstaande woningen, kavelbouw en aanbouwen",Snel en krimpvrij gesmeerd met optimale hechting en strakke vlakheid.
zandcement-dekvloer-leiden-morsdistrict-zone-1903,Leiden Morsdistrict (Zone 1903),Leiden,Zuid-Holland,Regio Leiden,A12,"nieuwbouwwijken, gezinswoningen en uitbouwen",Dankzij onze mobiele mengers pompen we kant-en-klare mortel direct naar de juiste laagdikte.
zandcement-dekvloer-leiden-boerhaavedistrict-zone-1904,Leiden Boerhaavedistrict (Zone 1904),Leiden,Zuid-Holland,Regio Leiden,A13,"historische panden, herenhuizen en renovaties",Wij adviseren hier onze droogversneller en Duremit vezels voor een snelle oplevering.
zandcement-dekvloer-leiden-lammenschans-zone-1905,Leiden Lammenschans (Zone 1905),Leiden,Zuid-Holland,Regio Leiden,A15,"bedrijfspanden, garages en utiliteitsbouw",Onze mixcombinaties verwerken zandcement moeiteloos in smalle straten en op hoogte.
zandcement-dekvloer-delft-zone-1906,Delft (Zone 1906),Delft,Zuid-Holland,Regio Delft,A16,"appartementencomplexen, hoogbouw en renovaties",Ideaal te combineren met vloerverwarming of extra verharder voor zware belasting.
zandcement-dekvloer-delft-tanthof-zone-1907,Delft Tanthof (Zone 1907),Delft,Zuid-Holland,Regio Delft,A20,"vrijstaande woningen, kavelbouw en aanbouwen",Snel en krimpvrij gesmeerd met optimale hechting en strakke vlakheid.
zandcement-dekvloer-delft-voorhof-zone-1908,Delft Voorhof (Zone 1908),Delft,Zuid-Holland,Regio Delft,A4,"nieuwbouwwijken, gezinswoningen en uitbouwen",Dankzij onze mobiele mengers pompen we kant-en-klare mortel direct naar de juiste laagdikte.
zandcement-dekvloer-delft-buitenhof-zone-1909,Delft Buitenhof (Zone 1909),Delft,Zuid-Holland,Regio Delft,N11,"historische panden, herenhuizen en renovaties",Wij adviseren hier onze droogversneller en Duremit vezels voor een snelle oplevering.
zandcement-dekvloer-delft-wippolder-zone-1910,Delft Wippolder (Zone 1910),Delft,Zuid-Holland,Regio Delft,N206,"bedrijfspanden, garages en utiliteitsbouw",Onze mixcombinaties verwerken zandcement moeiteloos in smalle straten en op hoogte.
zandcement-dekvloer-delft-hof-van-delft-zone-1911,Delft Hof van Delft (Zone 1911),Delft,Zuid-Holland,Regio Delft,N210,"appartementencomplexen, hoogbouw en renovaties",Ideaal te combineren met vloerverwarming of extra verharder voor zware belasting.
zandcement-dekvloer-westland-naaldwijk-zone-1912,Westland Naaldwijk (Zone 1912),Westland,Zuid-Holland,Regio Westland,A12,"vrijstaande woningen, kavelbouw en aanbouwen",Snel en krimpvrij gesmeerd met optimale hechting en strakke vlakheid.
zandcement-dekvloer-westland-monster-zone-1913,Westland Monster (Zone 1913),Westland,Zuid-Holland,Regio Westland,A13,"nieuwbouwwijken, gezinswoningen en uitbouwen",Dankzij onze mobiele mengers pompen we kant-en-klare mortel direct naar de juiste laagdikte.
zandcement-dekvloer-westland-wateringen-zone-1914,Westland Wateringen (Zone 1914),Westland,Zuid-Holland,Regio Westland,A15,"historische panden, herenhuizen en renovaties",Wij adviseren hier onze droogversneller en Duremit vezels voor een snelle oplevering.
zandcement-dekvloer-westland-gravenzande-zone-1915,Westland Gravenzande (Zone 1915),Westland,Zuid-Holland,Regio Westland,A16,"bedrijfspanden, garages en utiliteitsbouw",Onze mixcombinaties verwerken zandcement moeiteloos in smalle straten en op hoogte.
zandcement-dekvloer-westland-de-lier-zone-1916,Westland De Lier (Zone 1916),Westland,Zuid-Holland,Regio Westland,A20,"appartementencomplexen, hoogbouw en renovaties",Ideaal te combineren met vloerverwarming of extra verharder voor zware belasting.
zandcement-dekvloer-westland-honselersdijk-zone-1917,Westland Honselersdijk (Zone 1917),Westland,Zuid-Holland,Regio Westland,A4,"vrijstaande woningen, kavelbouw en aanbouwen",Snel en krimpvrij gesmeerd met optimale hechting en strakke vlakheid.
zandcement-dekvloer-westland-poeldijk-zone-1918,Westland Poeldijk (Zone 1918),Westland,Zuid-Holland,Regio Westland,N11,"nieuwbouwwijken, gezinswoningen en uitbouwen",Dankzij onze mobiele mengers pompen we kant-en-klare mortel direct naar de juiste laagdikte.
zandcement-dekvloer-westland-kintscheul-zone-1919,Westland Kintscheul (Zone 1919),Westland,Zuid-Holland,Regio Westland,N206,"historische panden, herenhuizen en renovaties",Wij adviseren hier onze droogversneller en Duremit vezels voor een snelle oplevering.
zandcement-dekvloer-westland-ter-heijde-zone-1920,Westland Ter Heijde (Zone 1920),Westland,Zuid-Holland,Regio Westland,N210,"bedrijfspanden, garages en utiliteitsbouw",Onze mixcombinaties verwerken zandcement moeiteloos in smalle straten en op hoogte.
zandcement-dekvloer-alphen-aan-den-rijn-zone-1921,Alphen aan den Rijn (Zone 1921),Alphen aan den Rijn,Zuid-Holland,Regio Alphen aan den Rijn,A12,"appartementencomplexen, hoogbouw en renovaties",Ideaal te combineren met vloerverwarming of extra verharder voor zware belasting.
zandcement-dekvloer-alphen-aan-den-rijn-ridderveld-zone-1922,Alphen aan den Rijn Ridderveld (Zone 1922),Alphen aan den Rijn,Zuid-Holland,Regio Alphen aan den Rijn,A13,"vrijstaande woningen, kavelbouw en aanbouwen",Snel en krimpvrij gesmeerd met optimale hechting en strakke vlakheid.
zandcement-dekvloer-alphen-aan-den-rijn-kerk-en-zanen-zone-1923,Alphen aan den Rijn Kerk en Zanen (Zone 1923),Alphen aan den Rijn,Zuid-Holland,Regio Alphen aan den Rijn,A15,"nieuwbouwwijken, gezinswoningen en uitbouwen",Dankzij onze mobiele mengers pompen we kant-en-klare mortel direct naar de juiste laagdikte.
zandcement-dekvloer-alphen-aan-den-rijn-boskoop-zone-1924,Alphen aan den Rijn Boskoop (Zone 1924),Alphen aan den Rijn,Zuid-Holland,Regio Alphen aan den Rijn,A16,"historische panden, herenhuizen en renovaties",Wij adviseren hier onze droogversneller en Duremit vezels voor een snelle oplevering.
zandcement-dekvloer-alphen-aan-den-rijn-rijnwoude-zone-1925,Alphen aan den Rijn Rijnwoude (Zone 1925),Alphen aan den Rijn,Zuid-Holland,Regio Alphen aan den Rijn,A20,"bedrijfspanden, garages en utiliteitsbouw",Onze mixcombinaties verwerken zandcement moeiteloos in smalle straten en op hoogte.
zandcement-dekvloer-alphen-aan-den-rijn-hazerswoude-dorp-zone-1926,Alphen aan den Rijn Hazerswoude-Dorp (Zone 1926),Alphen aan den Rijn,Zuid-Holland,Regio Alphen aan den Rijn,A4,"appartementencomplexen, hoogbouw en renovaties",Ideaal te combineren met vloerverwarming of extra verharder voor zware belasting.
